id,product_name,category,manufacturer,net_quantity,mrp,mfg_date,consumer_care,country_of_origin,compliance_status,violations,scanned_timestamp,ocr_confidence
LMC-01001,Kashmiri Degi Mirch Powder 100 g,Spices & Condiments,"Himalayan Organic Ventures, SIDCUL Industrial Estate, Pantnagar, Uttarakhand - 263153",100 g,Rs. 401.00 (Incl. of all taxes),06/2026,Email: care@himalayan.com | Ph: 1800-567-2610,India,COMPLIANT,None (Fully Compliant with Rule 6),2026-08-29 06:44:36,96%
LMC-01002,Cold Pressed Mustard Oil 5 L,Edible Oils,"Surya Packaged Commodities LLP, Industrial Growth Centre, Mandideep, Bhopal, MP - 462046",5 L,Rs. 350.00 (Incl. of all taxes),05/2026,Email: care@surya.com | Ph: 1800-668-6863,India,COMPLIANT,None (Fully Compliant with Rule 6),2026-07-23 17:38:36,95%
LMC-01003,Mixed Fruit Orchard Blend 250 ml,Beverages & Juices,"Kaveri Spices & Naturals, 14/B, Spice Park, Puttady, Idukki, Kerala - 685551",Not Declared,Rs. 444.00 (Incl. of all taxes),05/2026,Email: care@kaveri.com | Ph: 1800-866-9480,India,NON-COMPLIANT,Rule 6(1)(c): Net quantity declaration absent,2026-07-09 15:29:36,94%
LMC-01004,Sparkling Apple Cider Drink 5 L,Beverages & Juices,"Godavari Mills & Refineries, Sy. No. 340, Autonagar, Guntur, Andhra Pradesh - 522001",5 L,Rs. 400.00 (Incl. of all taxes),07/2026,Email: care@godavari.com | Ph: 1800-868-6145,India,NEEDS REVIEW,Rule 7: Font size / unit symbol ambiguous or truncated under OCR,2026-08-14 15:34:36,64%
LMC-01005,Royal Garam Masala Blend 200 g,Spices & Condiments,"Pristine Foods & Agro Ltd, Phase 2, Peenya Industrial Area, Bengaluru, Karnataka - 560058",200 g,Rs. 818.00 (Incl. of all taxes),01/2026,Email: care@pristine.com | Ph: 1800-631-6924,India,COMPLIANT,None (Fully Compliant with Rule 6),2026-07-31 13:13:36,89%
LMC-01006,Marie Crisp Tea Biscuits 250 g,Biscuits & Cookies,"Himalayan Organic Ventures, SIDCUL Industrial Estate, Pantnagar, Uttarakhand - 263153",250 gms,Rs. 551.00 (Incl. of all taxes),01/2026,Email: care@himalayan.com | Ph: 1800-318-2144,India,NEEDS REVIEW,Rule 6(1)(c): Non-standard unit abbreviation used ('gms' / 'gm' instead of standard 'g'),2026-07-06 16:17:36,67%
LMC-01007,Darjeeling Whole Leaf Black Tea 100 g,Tea & Coffee,"Ananya Consumer Goods Ltd, Plot 42, Sector 8, IMT Manesar, Gurugram, Haryana - 122050",100 g,Rs. 218.00 (Incl. of all taxes),02/2026,Email: care@ananya.com | Ph: 1800-632-4689,India,COMPLIANT,None (Fully Compliant with Rule 6),2026-08-12 02:47:36,95%
LMC-01008,Masala Potato Wafers 750 g,Snacks & Namkeen,"Surya Packaged Commodities LLP, Industrial Growth Centre, Mandideep, Bhopal, MP - 462046",750 g,Rs. 904.00 (Incl. of all taxes),08/2026,Email: care@surya.com | Ph: 1800-929-3650,India,COMPLIANT,None (Fully Compliant with Rule 6),2026-07-10 09:06:36,88%
LMC-01009,Roasted Arabica Coffee Beans 200 g,Tea & Coffee,"Himalayan Organic Ventures, SIDCUL Industrial Estate, Pantnagar, Uttarakhand - 263153",Not Declared,Rs. 741.00 (Incl. of all taxes),07/2026,Not Declared,India,NON-COMPLIANT,Rule 6(1)(e): Complete consumer care grievance contact details missing; Rule 6(1)(c): Net quantity declaration absent,2026-08-15 17:02:36,85%
LMC-01010,Refined Sunflower Cooking Oil 100 ml,Edible Oils,"Himalayan Organic Ventures, SIDCUL Industrial Estate, Pantnagar, Uttarakhand - 263153",100 ml,Rs. 538.00 (Incl. of all taxes),05/2026,Email: care@himalayan.com | Ph: 1800-886-8293,India,COMPLIANT,None (Fully Compliant with Rule 6),2026-07-19 10:33:36,89%
LMC-01011,Organic Besan Gram Flour 2 kg,Atta & Flours,"Pristine Foods & Agro Ltd, Phase 2, Peenya Industrial Area, Bengaluru, Karnataka - 560058",2 kg,Rs. 916.00 (Incl. of all taxes),07/2026,Email: care@pristine.com | Ph: 1800-392-3686,India,COMPLIANT,None (Fully Compliant with Rule 6),2026-08-19 16:30:36,89%
LMC-01012,Refined Groundnut Oil 250 ml,Edible Oils,"Kaveri Spices & Naturals, 14/B, Spice Park, Puttady, Idukki, Kerala - 685551",250 ml,Rs. 310.00 (Incl. of all taxes),04/2026,Email: care@kaveri.com | Ph: 1800-343-4259,India,COMPLIANT,None (Fully Compliant with Rule 6),2026-08-10 15:18:36,96%
LMC-01013,Refined Groundnut Oil 750 ml,Edible Oils,"Pristine Foods & Agro Ltd, Phase 2, Peenya Industrial Area, Bengaluru, Karnataka - 560058",750 ml,Rs. 924.00 (Incl. of all taxes),02/2026,Email: care@pristine.com | Ph: 1800-531-7520,India,COMPLIANT,None (Fully Compliant with Rule 6),2026-08-08 12:00:36,92%
LMC-01014,Rava Upma Breakfast Mix 250 g,Ready-to-Eat,"Kaveri Spices & Naturals, 14/B, Spice Park, Puttady, Idukki, Kerala - 685551",250 g,Rs. 109.00 (Incl. of all taxes),05/2026,Email: care@kaveri.com | Ph: 1800-435-8475,India,COMPLIANT,None (Fully Compliant with Rule 6),2026-07-28 18:13:36,95%
LMC-01015,Poha Instant Breakfast Bowl 250 g,Ready-to-Eat,Not Declared,250 g,Rs. 75.00 (Incl. of all taxes),05/2026,Not Declared,India,NON-COMPLIANT,Rule 6(1)(a): Manufacturer/packer declaration entirely missing; Rule 6(1)(e): Complete consumer care grievance contact details missing,2026-07-19 23:39:36,85%
LMC-01016,Roasted Arabica Coffee Beans 100 g,Tea & Coffee,"Kaveri Spices & Naturals, 14/B, Spice Park, Puttady, Idukki, Kerala - 685551",100 g,Rs. 99.00 (Incl. of all taxes),06/2026,Email: care@kaveri.com | Ph: 1800-340-8324,Not Declared,NON-COMPLIANT,Rule 6(1)(n): Missing Country of Origin declaration,2026-07-12 19:07:36,86%
LMC-01017,Mixed Fruit Orchard Blend 1 L,Beverages & Juices,"Ananya Consumer Goods Ltd, Plot 42, Sector 8, IMT Manesar, Gurugram, Haryana - 122050",1 L,Rs. 220.00 (Incl. of all taxes),02/2026,Email: care@ananya.com | Ph: 1800-558-2451,India,COMPLIANT,None (Fully Compliant with Rule 6),2026-08-10 13:56:36,93%
LMC-01018,Rava Upma Breakfast Mix 50 g,Ready-to-Eat,"Surya Packaged Commodities LLP, Industrial Growth Centre, Mandideep, Bhopal, MP - 462046",50 g,Rs. 949.00 (Incl. of all taxes),02/2026,Email: care@surya.com | Ph: 1800-481-8539,India,COMPLIANT,None (Fully Compliant with Rule 6),2026-07-22 17:00:36,89%
LMC-01019,Almond Cashew Shortbread 400 g,Biscuits & Cookies,"Ananya Consumer Goods Ltd, Gurugram",400 g,Rs. 770.00 (Incl. of all taxes),06/2026,Email: care@ananya.com | Ph: 1800-880-1625,India,NEEDS REVIEW,Rule 6(1)(a): Physical address of manufacturer incomplete (missing PIN code/city),2026-08-13 12:40:36,75%
LMC-01020,Sterilized Flavoured Milk 500 g,Dairy Products,"Vedic Agro Industries Pvt Ltd, Gat No. 118, Urse, Talegaon MIDC, Pune, Maharashtra - 410506",500 g,Rs. 390.00 (Incl. of all taxes),03/2026,Email: care@vedic.com | Ph: 1800-633-1663,India,NEEDS REVIEW,Rule 7: Font size / unit symbol ambiguous or truncated under OCR,2026-07-25 09:32:36,71%
LMC-01021,Darjeeling Whole Leaf Black Tea 500 g,Tea & Coffee,"Vedic Agro Industries Pvt Ltd, Gat No. 118, Urse, Talegaon MIDC, Pune, Maharashtra - 410506",500 g,Not Declared,05/2026,Email: care@vedic.com | Ph: 1800-306-4145,Not Declared,NON-COMPLIANT,Rule 6(1)(n): Missing Country of Origin declaration; Rule 6(1)(da): Maximum Retail Price (MRP) declaration absent,2026-08-28 07:01:36,79%
LMC-01022,Sparkling Apple Cider Drink 200 ml,Beverages & Juices,Not Declared,200 ml,Rs. 870.00,01/2026,Email: care@godavari.com | Ph: 1800-908-1364,India,NON-COMPLIANT,Rule 6(1)(a): Manufacturer/packer declaration entirely missing; Rule 6(1)(da): Missing 'Inclusive of all taxes' declaration with MRP,2026-08-15 12:39:36,85%
LMC-01023,Mixed Fruit Orchard Blend 200 ml,Beverages & Juices,"Ananya Consumer Goods Ltd, Plot 42, Sector 8, IMT Manesar, Gurugram, Haryana - 122050",200 ml,Rs. 26.00 (Incl. of all taxes),06/2026,Email: care@ananya.com | Ph: 1800-670-2281,India,COMPLIANT,None (Fully Compliant with Rule 6),2026-08-02 00:42:36,96%
LMC-01024,Salted Table Butter 100 g,Dairy Products,"Navrang Agro Commodities Corp, GIDC Naroda, Ahmedabad, Gujarat - 382330",100 gms,Rs. 524.00 (Incl. of all taxes),02/2026,Helpline: 1800-996-2631 (Email missing),India,NEEDS REVIEW,Rule 6(1)(e): Missing consumer care email address; Rule 6(1)(c): Non-standard unit abbreviation used ('gms' / 'gm' instead of standard 'g'),2026-08-02 12:02:36,78%
LMC-01025,Alphonso Mango Nectar 200 ml,Beverages & Juices,"Pristine Foods & Agro Ltd, Phase 2, Peenya Industrial Area, Bengaluru, Karnataka - 560058",200 ml,Rs. 457.00,04/2026,Not Declared,India,NON-COMPLIANT,Rule 6(1)(da): Missing 'Inclusive of all taxes' declaration with MRP; Rule 6(1)(e): Complete consumer care grievance contact details missing,2026-07-22 23:25:36,81%
LMC-01026,Kasuri Methi 250 g,Spices & Condiments,"Surya Packaged Commodities LLP, Industrial Growth Centre, Mandideep, Bhopal, MP - 462046",250 g,Rs. 64.00 (Incl. of all taxes),07/2026,Email: care@surya.com | Ph: 1800-116-2850,India,COMPLIANT,None (Fully Compliant with Rule 6),2026-07-19 03:20:36,95%
LMC-01027,Marie Crisp Tea Biscuits 50 g,Biscuits & Cookies,"Himalayan Organic Ventures, SIDCUL Industrial Estate, Pantnagar, Uttarakhand - 263153",50 g,Rs. 271.00 (Incl. of all taxes),07/2026,Email: care@himalayan.com | Ph: 1800-371-3308,India,COMPLIANT,None (Fully Compliant with Rule 6),2026-07-22 16:41:36,95%
LMC-01028,Coriander Dhania Powder 200 g,Spices & Condiments,"Vedic Agro Industries Pvt Ltd, Gat No. 118, Urse, Talegaon MIDC, Pune, Maharashtra - 410506",200 g,Rs. 703.00 (Incl. of all taxes),02/2026,Email: care@vedic.com | Ph: 1800-351-5260,India,COMPLIANT,None (Fully Compliant with Rule 6),2026-08-11 08:40:36,91%
LMC-01029,Rice Flour Fine 1 kg,Atta & Flours,"Pristine Foods & Agro Ltd, Phase 2, Peenya Industrial Area, Bengaluru, Karnataka - 560058",1 kg,Rs. 391.00 (Incl. of all taxes),08/2026,Email: care@pristine.com | Ph: 1800-348-7105,India,COMPLIANT,None (Fully Compliant with Rule 6),2026-07-12 02:21:36,94%
LMC-01030,Palak Paneer Ready Curry 500 g,Ready-to-Eat,"Himalayan Organic Ventures, SIDCUL Industrial Estate, Pantnagar, Uttarakhand - 263153",500 g,Rs. 672.00 (Incl. of all taxes),05/2026,Email: care@himalayan.com | Ph: 1800-792-8709,India,COMPLIANT,None (Fully Compliant with Rule 6),2026-08-26 14:48:36,90%
LMC-01031,Cold Pressed Mustard Oil 250 ml,Edible Oils,"Himalayan Organic Ventures, SIDCUL Industrial Estate, Pantnagar, Uttarakhand - 263153",250 ml,Rs. 413.00 (Incl. of all taxes),01/2026,Email: care@himalayan.com | Ph: 1800-336-5277,India,COMPLIANT,None (Fully Compliant with Rule 6),2026-08-15 20:52:36,89%
LMC-01032,Premium Assam CTC Tea 200 g,Tea & Coffee,"Pristine Foods & Agro Ltd, Phase 2, Peenya Industrial Area, Bengaluru, Karnataka - 560058",200 g,Rs. 146.00 (Incl. of all taxes),04/2026,Email: care@pristine.com | Ph: 1800-376-7984,India,COMPLIANT,None (Fully Compliant with Rule 6),2026-07-23 22:05:36,91%
LMC-01033,Royal Garam Masala Blend 500 g,Spices & Condiments,"Godavari Mills & Refineries, Sy. No. 340, Autonagar, Guntur, Andhra Pradesh - 522001",500 g,Rs. 209.00 (Incl. of all taxes),07/2026,Email: care@godavari.com | Ph: 1800-942-9605,India,COMPLIANT,None (Fully Compliant with Rule 6),2026-07-08 07:41:36,92%
LMC-01034,Refined Sunflower Cooking Oil 500 ml,Edible Oils,"Kaveri Spices & Naturals, 14/B, Spice Park, Puttady, Idukki, Kerala - 685551",500 ml,Rs. 596.00 (Incl. of all taxes),04/2026,Not Declared,Not Declared,NON-COMPLIANT,Rule 6(1)(e): Complete consumer care grievance contact details missing; Rule 6(1)(n): Missing Country of Origin declaration,2026-07-06 19:58:36,86%
LMC-01035,Alphonso Mango Nectar 750 ml,Beverages & Juices,"Himalayan Organic Ventures, SIDCUL Industrial Estate, Pantnagar, Uttarakhand - 263153",750 ml,Rs. 352.00 (Incl. of all taxes),08/2026,Email: care@himalayan.com | Ph: 1800-112-8535,India,COMPLIANT,None (Fully Compliant with Rule 6),2026-07-10 18:36:36,88%
LMC-01036,Kashmiri Degi Mirch Powder 400 g,Spices & Condiments,"Pristine Foods & Agro Ltd, Phase 2, Peenya Industrial Area, Bengaluru, Karnataka - 560058",400 g,Rs. 824.00 (Incl. of all taxes),06/2026,Email: care@pristine.com | Ph: 1800-554-8306,India,COMPLIANT,None (Fully Compliant with Rule 6),2026-08-27 17:06:36,96%
LMC-01037,Almond Cashew Shortbread 400 g,Biscuits & Cookies,"Navrang Agro Commodities Corp, GIDC Naroda, Ahmedabad, Gujarat - 382330",400 g,Rs. 304.00 (Incl. of all taxes),04/2026,Helpline: 1800-712-9977 (Email missing),India,NEEDS REVIEW,Rule 6(1)(e): Missing consumer care email address,2026-08-13 13:02:36,73%
LMC-01038,Pure Sesame Gingelly Oil 5 L,Edible Oils,"Vedic Agro Industries Pvt Ltd, Gat No. 118, Urse, Talegaon MIDC, Pune, Maharashtra - 410506",5 ltr,Rs. 919.00 (Incl. of all taxes),08/2026,Email: care@vedic.com | Ph: 1800-884-1968,India,NEEDS REVIEW,Rule 7: Font size / unit symbol ambiguous or truncated under OCR; Rule 6(1)(c): Non-standard unit abbreviation used ('ML' / 'ltr' instead of 'ml' / 'L'),2026-08-23 11:47:36,71%
LMC-01039,Agmark Haldi Turmeric Powder 250 g,Spices & Condiments,"Ananya Consumer Goods Ltd, Plot 42, Sector 8, IMT Manesar, Gurugram, Haryana - 122050",250 g,Rs. 209.00 (Incl. of all taxes),08/2026,Email: care@ananya.com | Ph: 1800-903-8623,India,COMPLIANT,None (Fully Compliant with Rule 6),2026-08-23 23:30:36,96%
LMC-01040,Pasteurized Cow Ghee 250 g,Dairy Products,"Pristine Foods & Agro Ltd, Phase 2, Peenya Industrial Area, Bengaluru, Karnataka - 560058",250 g,Rs. 741.00 (Incl. of all taxes),Not Declared,Not Declared,India,NON-COMPLIANT,Rule 6(1)(e): Complete consumer care grievance contact details missing; Rule 6(1)(d): Month and year of manufacture/packing missing,2026-08-30 18:53:36,82%
LMC-01041,Roasted Almond Milk Bar 200 g,Chocolates & Confectionery,"Vedic Agro Industries Pvt Ltd, Gat No. 118, Urse, Talegaon MIDC, Pune, Maharashtra - 410506",200 g,Rs. 322.00 (Incl. of all taxes),02/2026,Email: care@vedic.com | Ph: 1800-551-9052,India,COMPLIANT,None (Fully Compliant with Rule 6),2026-07-28 09:32:36,88%
LMC-01042,Roasted Almond Milk Bar 200 g,Chocolates & Confectionery,"Ananya Consumer Goods Ltd, Plot 42, Sector 8, IMT Manesar, Gurugram, Haryana - 122050",200 g,Rs. 398.00 (Incl. of all taxes),05/2026,Email: care@ananya.com | Ph: 1800-464-1138,India,COMPLIANT,None (Fully Compliant with Rule 6),2026-07-16 07:56:36,89%
LMC-01043,Instant Chicory Coffee Powder 100 g,Tea & Coffee,Not Declared,100 g,Rs. 165.00 (Incl. of all taxes),07/2026,Not Declared,India,NON-COMPLIANT,Rule 6(1)(e): Complete consumer care grievance contact details missing; Rule 6(1)(a): Manufacturer/packer declaration entirely missing,2026-08-25 17:58:36,75%
LMC-01044,Sterilized Flavoured Milk 400 g,Dairy Products,"Kaveri Spices & Naturals, 14/B, Spice Park, Puttady, Idukki, Kerala - 685551",400 g,Rs. 204.00 (Incl. of all taxes),05/2026,Helpline: 1800-959-5329 (Email missing),India,NEEDS REVIEW,Rule 6(1)(e): Missing consumer care email address,2026-07-07 15:29:36,64%
LMC-01045,Kashmiri Degi Mirch Powder 500 g,Spices & Condiments,"Ananya Consumer Goods Ltd, Plot 42, Sector 8, IMT Manesar, Gurugram, Haryana - 122050",500 g,Rs. 595.00 (Incl. of all taxes),Not Declared,Email: care@ananya.com | Ph: 1800-461-4439,India,NON-COMPLIANT,Rule 6(1)(d): Month and year of manufacture/packing missing,2026-08-01 08:27:36,89%
LMC-01046,Crunchy Moong Dal Namkeen 400 g,Snacks & Namkeen,"Godavari Mills & Refineries, Sy. No. 340, Autonagar, Guntur, Andhra Pradesh - 522001",400 g,Rs. 126.00 (Incl. of all taxes),02/2026,Email: care@godavari.com | Ph: 1800-666-1458,India,COMPLIANT,None (Fully Compliant with Rule 6),2026-08-24 03:56:36,97%
LMC-01047,Gulab Jamun Instant Mix 400 g,Ready-to-Eat,"Godavari Mills & Refineries, Sy. No. 340, Autonagar, Guntur, Andhra Pradesh - 522001",400 g,Rs. 407.00 (Incl. of all taxes),03/2026,Email: care@godavari.com | Ph: 1800-274-5027,India,COMPLIANT,None (Fully Compliant with Rule 6),2026-07-06 02:24:36,99%
LMC-01048,Salted Crackers 100 g,Biscuits & Cookies,"Kaveri Spices & Naturals, 14/B, Spice Park, Puttady, Idukki, Kerala - 685551",100 g,Rs. 538.00 (Incl. of all taxes),04/2026,Email: care@kaveri.com | Ph: 1800-516-2028,India,COMPLIANT,None (Fully Compliant with Rule 6),2026-08-16 01:25:36,92%
LMC-01049,Lemon Iced Tea Concentrate 5 L,Beverages & Juices,"Godavari Mills & Refineries, Sy. No. 340, Autonagar, Guntur, Andhra Pradesh - 522001",5 L,Rs. 465.00 (Incl. of all taxes),07/2026,Helpline: 1800-380-3399 (Email missing),Imported (Origin: Sri Lanka),NEEDS REVIEW,Rule 6(1)(e): Missing consumer care email address,2026-08-22 16:22:36,77%
LMC-01050,Refined Sunflower Cooking Oil 750 ml,Edible Oils,"Ananya Consumer Goods Ltd, Gurugram",750 ML,Rs. 626.00 (Incl. of all taxes),08/2026,Email: care@ananya.com | Ph: 1800-826-8202,India,NEEDS REVIEW,Rule 6(1)(a): Physical address of manufacturer incomplete (missing PIN code/city); Rule 6(1)(c): Non-standard unit abbreviation used ('ML' / 'ltr' instead of 'ml' / 'L'),2026-07-18 07:02:36,69%
LMC-01051,Spicy Aloo Bhujia 200 g,Snacks & Namkeen,"Ananya Consumer Goods Ltd, Plot 42, Sector 8, IMT Manesar, Gurugram, Haryana - 122050",200 g,Rs. 90.00 (Incl. of all taxes),02/2026,Email: care@ananya.com | Ph: 1800-927-5966,India,COMPLIANT,None (Fully Compliant with Rule 6),2026-09-03 11:40:36,92%
LMC-01052,Green Tea Lemon Honey Bags 200 g,Tea & Coffee,"Godavari Mills & Refineries, Sy. No. 340, Autonagar, Guntur, Andhra Pradesh - 522001",200 g,Rs. 110.00 (Incl. of all taxes),02/2026,Email: care@godavari.com | Ph: 1800-371-9083,India,COMPLIANT,None (Fully Compliant with Rule 6),2026-07-27 16:39:36,95%
LMC-01053,Organic Besan Gram Flour 5 kg,Atta & Flours,"Himalayan Organic Ventures, SIDCUL Industrial Estate, Pantnagar, Uttarakhand - 263153",5 kg,Rs. 169.00 (Incl. of all taxes),06/2026,Email: care@himalayan.com | Ph: 1800-634-3182,India,COMPLIANT,None (Fully Compliant with Rule 6),2026-08-01 08:12:36,92%
LMC-01054,Kasuri Methi 100 g,Spices & Condiments,"Kaveri Spices & Naturals, 14/B, Spice Park, Puttady, Idukki, Kerala - 685551",100 g,Rs. 278.00 (Incl. of all taxes),05/2026,Email: care@kaveri.com | Ph: 1800-201-9449,India,COMPLIANT,None (Fully Compliant with Rule 6),2026-07-23 10:42:36,96%
LMC-01055,Refined Sunflower Cooking Oil 750 ml,Edible Oils,"Kaveri Spices & Naturals, 14/B, Spice Park, Puttady, Idukki, Kerala - 685551",750 ml,Rs. 788.00 (Incl. of all taxes),02/2026,Email: care@kaveri.com | Ph: 1800-605-4806,India,COMPLIANT,None (Fully Compliant with Rule 6),2026-09-01 18:20:36,92%
LMC-01056,Sparkling Apple Cider Drink 1 L,Beverages & Juices,"Vedic Agro Industries Pvt Ltd, Gat No. 118, Urse, Talegaon MIDC, Pune, Maharashtra - 410506",1 L,Not Declared,02/2026,Not Declared,India,NON-COMPLIANT,Rule 6(1)(da): Maximum Retail Price (MRP) declaration absent; Rule 6(1)(e): Complete consumer care grievance contact details missing,2026-07-31 13:42:36,79%
LMC-01057,Instant Chicory Coffee Powder 400 g,Tea & Coffee,"Ananya Consumer Goods Ltd, Plot 42, Sector 8, IMT Manesar, Gurugram, Haryana - 122050",400 g,Rs. 431.00 (Incl. of all taxes),05/2026,Email: care@ananya.com | Ph: 1800-920-4207,India,COMPLIANT,None (Fully Compliant with Rule 6),2026-08-10 18:59:36,95%
LMC-01058,Masala Potato Wafers 100 g,Snacks & Namkeen,"Vedic Agro Industries Pvt Ltd, Gat No. 118, Urse, Talegaon MIDC, Pune, Maharashtra - 410506",100 g,Rs. 805.00 (Incl. of all taxes),03/2026,Not Declared,India,NON-COMPLIANT,Rule 6(1)(e): Complete consumer care grievance contact details missing,2026-09-02 21:09:36,80%
LMC-01059,Instant Masala Noodles 250 g,Ready-to-Eat,"Navrang Agro Commodities Corp, GIDC Naroda, Ahmedabad, Gujarat - 382330",250 g,Rs. 74.00 (Incl. of all taxes),01/2026,Email: care@navrang.com | Ph: 1800-815-5358,India,NEEDS REVIEW,Rule 6(1)(c): Non-standard unit abbreviation used ('ML' / 'ltr' instead of 'ml' / 'L'),2026-09-03 19:44:36,78%
LMC-01060,Salted Table Butter 750 g,Dairy Products,"Navrang Agro Commodities Corp, GIDC Naroda, Ahmedabad, Gujarat - 382330",750 g,Not Declared,08/2026,Email: care@navrang.com | Ph: 1800-558-6681,India,NON-COMPLIANT,Rule 6(1)(da): Maximum Retail Price (MRP) declaration absent,2026-07-16 03:08:36,86%
LMC-01061,Cold Pressed Mustard Oil 750 ml,Edible Oils,"Vedic Agro Industries Pvt Ltd, Gat No. 118, Urse, Talegaon MIDC, Pune, Maharashtra - 410506",750 ml,Not Declared,07/2026,Email: care@vedic.com | Ph: 1800-554-8698,India,NON-COMPLIANT,Rule 6(1)(da): Maximum Retail Price (MRP) declaration absent,2026-08-18 21:05:36,91%
LMC-01062,Tangy Tomato Nacho Chips 250 g,Snacks & Namkeen,"Godavari Mills & Refineries, Sy. No. 340, Autonagar, Guntur, Andhra Pradesh - 522001",250 g,Rs. 720.00 (Incl. of all taxes),03/2026,Email: care@godavari.com | Ph: 1800-473-3872,India,COMPLIANT,None (Fully Compliant with Rule 6),2026-08-13 11:42:36,92%
LMC-01063,Instant Chicory Coffee Powder 400 g,Tea & Coffee,"Godavari Mills & Refineries, Sy. No. 340, Autonagar, Guntur, Andhra Pradesh - 522001",400 g,Rs. 924.00,05/2026,Email: care@godavari.com | Ph: 1800-477-7781,India,NON-COMPLIANT,Rule 6(1)(da): Missing 'Inclusive of all taxes' declaration with MRP,2026-07-12 20:41:36,91%
LMC-01064,Rava Upma Breakfast Mix 50 g,Ready-to-Eat,"Navrang Agro Commodities Corp, GIDC Naroda, Ahmedabad, Gujarat - 382330",50 g,Rs. 398.00 (Incl. of all taxes),08/2026,Email: care@navrang.com | Ph: 1800-705-3991,India,COMPLIANT,None (Fully Compliant with Rule 6),2026-08-06 17:08:36,98%
LMC-01065,Salted Table Butter 750 g,Dairy Products,"Navrang Agro Commodities Corp, GIDC Naroda, Ahmedabad, Gujarat - 382330",750 g,Rs. 194.00 (Incl. of all taxes),05/2026,Email: care@navrang.com | Ph: 1800-574-8729,India,COMPLIANT,None (Fully Compliant with Rule 6),2026-08-29 00:06:36,96%
LMC-01066,Caramel Toffee Pouch 500 g,Chocolates & Confectionery,"Ananya Consumer Goods Ltd, Plot 42, Sector 8, IMT Manesar, Gurugram, Haryana - 122050",500 g,Rs. 609.00 (Incl. of all taxes),03/2026,Email: care@ananya.com | Ph: 1800-665-8084,India,COMPLIANT,None (Fully Compliant with Rule 6),2026-08-16 03:38:36,92%
LMC-01067,Alphonso Mango Nectar 1 L,Beverages & Juices,"Surya Packaged Commodities LLP, Industrial Growth Centre, Mandideep, Bhopal, MP - 462046",1 L,Rs. 652.00 (Incl. of all taxes),01/2026,Email: care@surya.com | Ph: 1800-400-9315,India,COMPLIANT,None (Fully Compliant with Rule 6),2026-07-09 23:39:36,96%
LMC-01068,Marie Crisp Tea Biscuits 500 g,Biscuits & Cookies,"Ananya Consumer Goods Ltd, Plot 42, Sector 8, IMT Manesar, Gurugram, Haryana - 122050",500 g,Rs. 585.00 (Incl. of all taxes),06/2026,Helpline: 1800-158-3125 (Email missing),India,NEEDS REVIEW,Rule 7: Font size / unit symbol ambiguous or truncated under OCR; Rule 6(1)(e): Missing consumer care email address,2026-08-03 12:32:36,64%
LMC-01069,Organic Besan Gram Flour 2 kg,Atta & Flours,"Himalayan Organic Ventures, SIDCUL Industrial Estate, Pantnagar, Uttarakhand - 263153",2 kg,Rs. 851.00 (Incl. of all taxes),01/2026,Email: care@himalayan.com | Ph: 1800-231-8298,India,COMPLIANT,None (Fully Compliant with Rule 6),2026-07-20 14:31:36,96%
LMC-01070,Refined Groundnut Oil 200 ml,Edible Oils,"Himalayan Organic Ventures, SIDCUL Industrial Estate, Pantnagar, Uttarakhand - 263153",200 ml,Rs. 595.00 (Incl. of all taxes),02/2026,Email: care@himalayan.com | Ph: 1800-867-8536,India,COMPLIANT,None (Fully Compliant with Rule 6),2026-07-21 20:49:36,91%
LMC-01071,Royal Garam Masala Blend 750 g,Spices & Condiments,"Ananya Consumer Goods Ltd, Plot 42, Sector 8, IMT Manesar, Gurugram, Haryana - 122050",750 g,Rs. 601.00 (Incl. of all taxes),08/2026,Email: care@ananya.com | Ph: 1800-931-2841,India,COMPLIANT,None (Fully Compliant with Rule 6),2026-08-23 21:15:36,99%
LMC-01072,Tangy Tomato Nacho Chips 500 g,Snacks & Namkeen,Not Declared,500 g,Rs. 789.00 (Incl. of all taxes),04/2026,Email: care@godavari.com | Ph: 1800-360-5463,India,NON-COMPLIANT,Rule 6(1)(a): Manufacturer/packer declaration entirely missing,2026-08-23 12:37:36,94%
LMC-01073,Rava Upma Breakfast Mix 100 g,Ready-to-Eat,"Ananya Consumer Goods Ltd, Plot 42, Sector 8, IMT Manesar, Gurugram, Haryana - 122050",100 g,Rs. 398.00 (Incl. of all taxes),05/2026,Email: care@ananya.com | Ph: 1800-820-2642,India,COMPLIANT,None (Fully Compliant with Rule 6),2026-07-18 01:29:36,90%
LMC-01074,Darjeeling Whole Leaf Black Tea 500 g,Tea & Coffee,"Navrang Agro Commodities Corp, GIDC Naroda, Ahmedabad, Gujarat - 382330",500 g,Not Declared,04/2026,Email: care@navrang.com | Ph: 1800-853-4692,India,NON-COMPLIANT,Rule 6(1)(da): Maximum Retail Price (MRP) declaration absent,2026-07-12 09:56:36,88%
LMC-01075,Rava Upma Breakfast Mix 250 g,Ready-to-Eat,"Vedic Agro Industries Pvt Ltd, Gat No. 118, Urse, Talegaon MIDC, Pune, Maharashtra - 410506",250 g,Rs. 68.00 (Incl. of all taxes),01/2026,Email: care@vedic.com | Ph: 1800-990-9176,India,COMPLIANT,None (Fully Compliant with Rule 6),2026-08-10 20:49:36,91%
LMC-01076,Diet Murmura Mix 200 g,Snacks & Namkeen,"Godavari Mills & Refineries, Guntur",200 g,Rs. 56.00 (Incl. of all taxes),01/2026,Email: care@godavari.com | Ph: 1800-390-1876,India,NEEDS REVIEW,Rule 6(1)(a): Physical address of manufacturer incomplete (missing PIN code/city); Rule 7: Font size / unit symbol ambiguous or truncated under OCR,2026-08-10 14:14:36,63%
LMC-01077,Pure Sesame Gingelly Oil 100 ml,Edible Oils,"Surya Packaged Commodities LLP, Industrial Growth Centre, Mandideep, Bhopal, MP - 462046",100 ml,Rs. 913.00 (Incl. of all taxes),02/2026,Helpline: 1800-114-6546 (Email missing),India,NEEDS REVIEW,Rule 6(1)(c): Non-standard unit abbreviation used ('gms' / 'gm' instead of standard 'g'); Rule 6(1)(e): Missing consumer care email address,2026-07-21 21:59:36,62%
LMC-01078,Palak Paneer Ready Curry 500 g,Ready-to-Eat,"Surya Packaged Commodities LLP, Industrial Growth Centre, Mandideep, Bhopal, MP - 462046",500 g,Rs. 180.00 (Incl. of all taxes),04/2026,Email: care@surya.com | Ph: 1800-623-8638,India,COMPLIANT,None (Fully Compliant with Rule 6),2026-08-25 23:07:36,94%
LMC-01079,Choco Chip Delight Cookies 50 g,Biscuits & Cookies,"Vedic Agro Industries Pvt Ltd, Gat No. 118, Urse, Talegaon MIDC, Pune, Maharashtra - 410506",50 g,Rs. 360.00 (Incl. of all taxes),Not Declared,Email: care@vedic.com | Ph: 1800-375-4941,India,NON-COMPLIANT,Rule 6(1)(d): Month and year of manufacture/packing missing,2026-07-25 15:11:36,75%
LMC-01080,Tangy Tomato Nacho Chips 500 g,Snacks & Namkeen,"Kaveri Spices & Naturals, 14/B, Spice Park, Puttady, Idukki, Kerala - 685551",500 g,Rs. 272.00 (Incl. of all taxes),03/2026,Email: care@kaveri.com | Ph: 1800-451-5943,India,COMPLIANT,None (Fully Compliant with Rule 6),2026-08-26 20:02:36,94%
LMC-01081,Bourbon Chocolate Cream Biscuits 200 g,Biscuits & Cookies,"Ananya Consumer Goods Ltd, Plot 42, Sector 8, IMT Manesar, Gurugram, Haryana - 122050",200 g,Rs. 261.00 (Incl. of all taxes),01/2026,Email: care@ananya.com | Ph: 1800-103-3904,India,COMPLIANT,None (Fully Compliant with Rule 6),2026-08-31 21:12:36,96%
LMC-01082,Alphonso Mango Nectar 250 ml,Beverages & Juices,Not Declared,250 ml,Rs. 619.00 (Incl. of all taxes),07/2026,Email: care@surya.com | Ph: 1800-924-6826,India,NON-COMPLIANT,Rule 6(1)(a): Manufacturer/packer declaration entirely missing,2026-07-07 23:33:36,85%
LMC-01083,Green Tea Lemon Honey Bags 50 g,Tea & Coffee,"Ananya Consumer Goods Ltd, Plot 42, Sector 8, IMT Manesar, Gurugram, Haryana - 122050",50 g,Rs. 618.00,08/2026,Email: care@ananya.com | Ph: 1800-856-8583,Not Declared,NON-COMPLIANT,Rule 6(1)(da): Missing 'Inclusive of all taxes' declaration with MRP; Rule 6(1)(n): Missing Country of Origin declaration,2026-08-16 10:34:36,75%
LMC-01084,Diet Murmura Mix 500 g,Snacks & Namkeen,Not Declared,500 g,Not Declared,01/2026,Email: care@kaveri.com | Ph: 1800-237-6191,India,NON-COMPLIANT,Rule 6(1)(da): Maximum Retail Price (MRP) declaration absent; Rule 6(1)(a): Manufacturer/packer declaration entirely missing,2026-07-15 17:49:36,85%
LMC-01085,Salted Crackers 500 g,Biscuits & Cookies,"Vedic Agro Industries Pvt Ltd, Gat No. 118, Urse, Talegaon MIDC, Pune, Maharashtra - 410506",500 g,Rs. 551.00 (Incl. of all taxes),02/2026,Email: care@vedic.com | Ph: 1800-601-6506,India,COMPLIANT,None (Fully Compliant with Rule 6),2026-08-22 01:40:36,97%
LMC-01086,Caramel Toffee Pouch 200 g,Chocolates & Confectionery,"Ananya Consumer Goods Ltd, Plot 42, Sector 8, IMT Manesar, Gurugram, Haryana - 122050",200 g,Rs. 626.00 (Incl. of all taxes),05/2026,Email: care@ananya.com | Ph: 1800-293-4252,India,COMPLIANT,None (Fully Compliant with Rule 6),2026-07-11 02:54:36,94%
LMC-01087,Premium Assam CTC Tea 400 g,Tea & Coffee,"Ananya Consumer Goods Ltd, Plot 42, Sector 8, IMT Manesar, Gurugram, Haryana - 122050",400 g,Rs. 736.00 (Incl. of all taxes),03/2026,Email: care@ananya.com | Ph: 1800-194-9154,India,COMPLIANT,None (Fully Compliant with Rule 6),2026-07-15 08:35:36,96%
LMC-01088,Chakki Fresh Pure Atta 5 kg,Atta & Flours,"Navrang Agro Commodities Corp, GIDC Naroda, Ahmedabad, Gujarat - 382330",5 kg,Rs. 908.00 (Incl. of all taxes),08/2026,Email: care@navrang.com | Ph: 1800-952-6573,India,COMPLIANT,None (Fully Compliant with Rule 6),2026-07-31 10:07:36,89%
LMC-01089,Premium Assam CTC Tea 750 g,Tea & Coffee,"Kaveri Spices & Naturals, 14/B, Spice Park, Puttady, Idukki, Kerala - 685551",750 g,Rs. 726.00 (Incl. of all taxes),05/2026,Email: care@kaveri.com | Ph: 1800-343-6875,India,COMPLIANT,None (Fully Compliant with Rule 6),2026-07-15 09:43:36,91%
LMC-01090,Cold Pressed Mustard Oil 1 L,Edible Oils,"Kaveri Spices & Naturals, 14/B, Spice Park, Puttady, Idukki, Kerala - 685551",1 L,Rs. 383.00 (Incl. of all taxes),05/2026,Helpline: 1800-260-3571 (Email missing),India,NEEDS REVIEW,Rule 6(1)(e): Missing consumer care email address,2026-07-24 11:46:36,78%
LMC-01091,Salted Table Butter 400 g,Dairy Products,"Navrang Agro Commodities Corp, GIDC Naroda, Ahmedabad, Gujarat - 382330",400 g,Rs. 32.00 (Incl. of all taxes),03/2026,Email: care@navrang.com | Ph: 1800-259-5679,India,COMPLIANT,None (Fully Compliant with Rule 6),2026-07-26 16:32:36,94%
LMC-01092,Tangy Tomato Nacho Chips 400 g,Snacks & Namkeen,"Ananya Consumer Goods Ltd, Plot 42, Sector 8, IMT Manesar, Gurugram, Haryana - 122050",400 g,Rs. 830.00 (Incl. of all taxes),Not Declared,Email: care@ananya.com | Ph: 1800-646-5531,India,NON-COMPLIANT,Rule 6(1)(d): Month and year of manufacture/packing missing,2026-08-27 14:12:36,96%
LMC-01093,Royal Garam Masala Blend 400 g,Spices & Condiments,"Surya Packaged Commodities LLP, Industrial Growth Centre, Mandideep, Bhopal, MP - 462046",400 g,Rs. 522.00 (Incl. of all taxes),07/2026,Email: care@surya.com | Ph: 1800-374-4796,India,COMPLIANT,None (Fully Compliant with Rule 6),2026-07-07 19:22:36,92%
LMC-01094,Royal Garam Masala Blend 750 g,Spices & Condiments,"Vedic Agro Industries Pvt Ltd, Gat No. 118, Urse, Talegaon MIDC, Pune, Maharashtra - 410506",750 g,Rs. 933.00 (Incl. of all taxes),08/2026,Email: care@vedic.com | Ph: 1800-333-7718,India,COMPLIANT,None (Fully Compliant with Rule 6),2026-07-12 06:30:36,98%
LMC-01095,Salted Crackers 400 g,Biscuits & Cookies,"Godavari Mills & Refineries, Sy. No. 340, Autonagar, Guntur, Andhra Pradesh - 522001",400 g,Rs. 894.00 (Incl. of all taxes),08/2026,Not Declared,India,NON-COMPLIANT,Rule 6(1)(e): Complete consumer care grievance contact details missing,2026-08-09 15:22:36,94%
LMC-01096,Dal Makhani Heat & Eat Meal 100 g,Ready-to-Eat,"Ananya Consumer Goods Ltd, Plot 42, Sector 8, IMT Manesar, Gurugram, Haryana - 122050",100 g,Rs. 69.00 (Incl. of all taxes),03/2026,Email: care@ananya.com | Ph: 1800-774-3820,India,COMPLIANT,None (Fully Compliant with Rule 6),2026-07-28 20:43:36,90%
LMC-01097,Agmark Haldi Turmeric Powder 200 g,Spices & Condiments,"Ananya Consumer Goods Ltd, Plot 42, Sector 8, IMT Manesar, Gurugram, Haryana - 122050",200 gms,Rs. 507.00 (Incl. of all taxes),08/2026,Email: care@ananya.com | Ph: 1800-848-5760,India,NEEDS REVIEW,Rule 6(1)(c): Non-standard unit abbreviation used ('ML' / 'ltr' instead of 'ml' / 'L'); Rule 6(1)(c): Non-standard unit abbreviation used ('gms' / 'gm' instead of standard 'g'),2026-08-24 13:50:36,78%
LMC-01098,Pure Sesame Gingelly Oil 2 L,Edible Oils,"Navrang Agro Commodities Corp, GIDC Naroda, Ahmedabad, Gujarat - 382330",2 L,Rs. 860.00 (Incl. of all taxes),07/2026,Helpline: 1800-673-2311 (Email missing),India,NEEDS REVIEW,Rule 6(1)(e): Missing consumer care email address,2026-08-29 16:35:36,70%
LMC-01099,100% Valencia Orange Juice 500 ml,Beverages & Juices,"Kaveri Spices & Naturals, 14/B, Spice Park, Puttady, Idukki, Kerala - 685551",500 ml,Rs. 940.00 (Incl. of all taxes),08/2026,Email: care@kaveri.com | Ph: 1800-258-4090,India,COMPLIANT,None (Fully Compliant with Rule 6),2026-08-11 06:44:36,98%
LMC-01100,Salted Crackers 250 g,Biscuits & Cookies,"Kaveri Spices & Naturals, 14/B, Spice Park, Puttady, Idukki, Kerala - 685551",250 g,Rs. 169.00 (Incl. of all taxes),02/2026,Email: care@kaveri.com | Ph: 1800-505-4829,India,COMPLIANT,None (Fully Compliant with Rule 6),2026-07-22 01:41:36,90%
LMC-01101,Kasuri Methi 200 g,Spices & Condiments,"Pristine Foods & Agro Ltd, Phase 2, Peenya Industrial Area, Bengaluru, Karnataka - 560058",200 g,Rs. 420.00 (Incl. of all taxes),01/2026,Email: care@pristine.com | Ph: 1800-372-4569,India,COMPLIANT,None (Fully Compliant with Rule 6),2026-07-06 16:56:36,88%
LMC-01102,Green Tea Lemon Honey Bags 50 g,Tea & Coffee,"Ananya Consumer Goods Ltd, Plot 42, Sector 8, IMT Manesar, Gurugram, Haryana - 122050",Not Declared,Rs. 631.00 (Incl. of all taxes),06/2026,Email: care@ananya.com | Ph: 1800-402-2457,India,NON-COMPLIANT,Rule 6(1)(c): Net quantity declaration absent,2026-08-19 08:13:36,81%
LMC-01103,Rava Upma Breakfast Mix 750 g,Ready-to-Eat,"Vedic Agro Industries Pvt Ltd, Gat No. 118, Urse, Talegaon MIDC, Pune, Maharashtra - 410506",750 g,Rs. 520.00 (Incl. of all taxes),04/2026,Email: care@vedic.com | Ph: 1800-541-7871,India,COMPLIANT,None (Fully Compliant with Rule 6),2026-08-12 07:01:36,88%
LMC-01104,100% Valencia Orange Juice 250 ml,Beverages & Juices,"Pristine Foods & Agro Ltd, Phase 2, Peenya Industrial Area, Bengaluru, Karnataka - 560058",250 ml,Rs. 624.00 (Incl. of all taxes),05/2026,Email: care@pristine.com | Ph: 1800-976-8077,India,COMPLIANT,None (Fully Compliant with Rule 6),2026-08-14 13:43:36,94%
LMC-01105,Royal Garam Masala Blend 400 g,Spices & Condiments,"Vedic Agro Industries Pvt Ltd, Gat No. 118, Urse, Talegaon MIDC, Pune, Maharashtra - 410506",400 gms,Rs. 702.00 (Incl. of all taxes),03/2026,Email: care@vedic.com | Ph: 1800-993-9481,India,NEEDS REVIEW,Rule 7: Font size / unit symbol ambiguous or truncated under OCR; Rule 6(1)(c): Non-standard unit abbreviation used ('gms' / 'gm' instead of standard 'g'),2026-07-12 14:50:36,62%
LMC-01106,Sharbati Whole Wheat Atta 1 kg,Atta & Flours,"Vedic Agro Industries Pvt Ltd, Gat No. 118, Urse, Talegaon MIDC, Pune, Maharashtra - 410506",1 kg,Rs. 842.00 (Incl. of all taxes),07/2026,Email: care@vedic.com | Ph: 1800-265-7693,India,COMPLIANT,None (Fully Compliant with Rule 6),2026-07-22 09:35:36,91%
LMC-01107,Dark Silk Chocolate Bar 200 g,Chocolates & Confectionery,Not Declared,Not Declared,Rs. 699.00 (Incl. of all taxes),01/2026,Email: care@pristine.com | Ph: 1800-574-9953,India,NON-COMPLIANT,Rule 6(1)(c): Net quantity declaration absent; Rule 6(1)(a): Manufacturer/packer declaration entirely missing,2026-08-23 17:23:36,89%
LMC-01108,Khatta Meetha Mixture 250 g,Snacks & Namkeen,"Surya Packaged Commodities LLP, Industrial Growth Centre, Mandideep, Bhopal, MP - 462046",250 g,Not Declared,06/2026,Email: care@surya.com | Ph: 1800-837-2799,India,NON-COMPLIANT,Rule 6(1)(da): Missing 'Inclusive of all taxes' declaration with MRP; Rule 6(1)(da): Maximum Retail Price (MRP) declaration absent,2026-08-29 13:57:36,91%
LMC-01109,Diet Murmura Mix 200 g,Snacks & Namkeen,"Navrang Agro Commodities Corp, GIDC Naroda, Ahmedabad, Gujarat - 382330",200 g,Not Declared,05/2026,Email: care@navrang.com | Ph: 1800-721-7029,India,NON-COMPLIANT,Rule 6(1)(da): Missing 'Inclusive of all taxes' declaration with MRP; Rule 6(1)(da): Maximum Retail Price (MRP) declaration absent,2026-08-06 15:30:36,79%
LMC-01110,Instant Masala Noodles 400 g,Ready-to-Eat,"Navrang Agro Commodities Corp, GIDC Naroda, Ahmedabad, Gujarat - 382330",400 g,Rs. 359.00 (Incl. of all taxes),02/2026,Email: care@navrang.com | Ph: 1800-402-4661,India,COMPLIANT,None (Fully Compliant with Rule 6),2026-09-02 19:47:36,99%
LMC-01111,Instant Masala Noodles 750 g,Ready-to-Eat,"Ananya Consumer Goods Ltd, Plot 42, Sector 8, IMT Manesar, Gurugram, Haryana - 122050",750 g,Rs. 558.00 (Incl. of all taxes),06/2026,Email: care@ananya.com | Ph: 1800-148-6854,India,COMPLIANT,None (Fully Compliant with Rule 6),2026-07-11 05:44:36,90%
LMC-01112,Multigrain Fibre Atta 5 kg,Atta & Flours,"Ananya Consumer Goods Ltd, Plot 42, Sector 8, IMT Manesar, Gurugram, Haryana - 122050",5 kg,Rs. 305.00 (Incl. of all taxes),06/2026,Email: care@ananya.com | Ph: 1800-201-5593,India,COMPLIANT,None (Fully Compliant with Rule 6),2026-07-26 23:12:36,91%
LMC-01113,Bourbon Chocolate Cream Biscuits 100 g,Biscuits & Cookies,"Navrang Agro Commodities Corp, GIDC Naroda, Ahmedabad, Gujarat - 382330",100 g,Rs. 387.00 (Incl. of all taxes),05/2026,Email: care@navrang.com | Ph: 1800-529-6508,India,COMPLIANT,None (Fully Compliant with Rule 6),2026-07-30 19:48:36,89%
LMC-01114,Rava Upma Breakfast Mix 200 g,Ready-to-Eat,"Ananya Consumer Goods Ltd, Gurugram",200 g,Rs. 886.00 (Incl. of all taxes),07/2026,Email: care@ananya.com | Ph: 1800-468-2278,India,NEEDS REVIEW,Rule 6(1)(a): Physical address of manufacturer incomplete (missing PIN code/city); Rule 7: Font size / unit symbol ambiguous or truncated under OCR,2026-08-04 00:13:36,61%
LMC-01115,Palak Paneer Ready Curry 400 g,Ready-to-Eat,"Ananya Consumer Goods Ltd, Plot 42, Sector 8, IMT Manesar, Gurugram, Haryana - 122050",400 g,Rs. 82.00,01/2026,Email: care@ananya.com | Ph: 1800-444-9075,India,NON-COMPLIANT,Rule 6(1)(da): Missing 'Inclusive of all taxes' declaration with MRP,2026-07-08 02:35:36,87%
LMC-01116,Mixed Fruit Orchard Blend 500 ml,Beverages & Juices,"Vedic Agro Industries Pvt Ltd, Gat No. 118, Urse, Talegaon MIDC, Pune, Maharashtra - 410506",500 ml,Not Declared,Not Declared,Email: care@vedic.com | Ph: 1800-284-3600,India,NON-COMPLIANT,Rule 6(1)(da): Maximum Retail Price (MRP) declaration absent; Rule 6(1)(d): Month and year of manufacture/packing missing,2026-08-18 05:50:36,88%
LMC-01117,Tangy Tomato Nacho Chips 50 g,Snacks & Namkeen,"Surya Packaged Commodities LLP, Industrial Growth Centre, Mandideep, Bhopal, MP - 462046",50 g,Rs. 461.00 (Incl. of all taxes),03/2026,Email: care@surya.com | Ph: 1800-103-5721,India,COMPLIANT,None (Fully Compliant with Rule 6),2026-09-01 05:14:36,95%
LMC-01118,Pure Malai Paneer 500 g,Dairy Products,"Pristine Foods & Agro Ltd, Phase 2, Peenya Industrial Area, Bengaluru, Karnataka - 560058",500 g,Rs. 149.00 (Incl. of all taxes),04/2026,Email: care@pristine.com | Ph: 1800-639-5958,India,COMPLIANT,None (Fully Compliant with Rule 6),2026-07-10 20:55:36,95%
LMC-01119,Diet Murmura Mix 250 g,Snacks & Namkeen,"Godavari Mills & Refineries, Sy. No. 340, Autonagar, Guntur, Andhra Pradesh - 522001",250 g,Rs. 87.00 (Incl. of all taxes),03/2026,Email: care@godavari.com | Ph: 1800-126-3076,India,COMPLIANT,None (Fully Compliant with Rule 6),2026-08-04 06:55:36,88%
LMC-01120,Greek Style Plain Yogurt 500 g,Dairy Products,"Himalayan Organic Ventures, SIDCUL Industrial Estate, Pantnagar, Uttarakhand - 263153",500 g,Rs. 285.00 (Incl. of all taxes),03/2026,Email: care@himalayan.com | Ph: 1800-213-5836,India,COMPLIANT,None (Fully Compliant with Rule 6),2026-08-03 19:00:36,92%
LMC-01121,Caramel Toffee Pouch 250 g,Chocolates & Confectionery,"Surya Packaged Commodities LLP, Industrial Growth Centre, Mandideep, Bhopal, MP - 462046",250 g,Rs. 641.00 (Incl. of all taxes),04/2026,Email: care@surya.com | Ph: 1800-847-1110,India,COMPLIANT,None (Fully Compliant with Rule 6),2026-07-25 01:12:36,97%
LMC-01122,Pure Malai Paneer 750 g,Dairy Products,"Vedic Agro Industries Pvt Ltd, Gat No. 118, Urse, Talegaon MIDC, Pune, Maharashtra - 410506",750 g,Rs. 208.00 (Incl. of all taxes),08/2026,Email: care@vedic.com | Ph: 1800-832-5784,India,COMPLIANT,None (Fully Compliant with Rule 6),2026-08-16 21:22:36,98%
LMC-01123,Kashmiri Degi Mirch Powder 750 g,Spices & Condiments,"Himalayan Organic Ventures, SIDCUL Industrial Estate, Pantnagar, Uttarakhand - 263153",750 g,Rs. 572.00 (Incl. of all taxes),04/2026,Email: care@himalayan.com | Ph: 1800-599-2755,India,COMPLIANT,None (Fully Compliant with Rule 6),2026-09-02 09:53:36,88%
LMC-01124,Kasuri Methi 200 g,Spices & Condiments,"Surya Packaged Commodities LLP, Industrial Growth Centre, Mandideep, Bhopal, MP - 462046",200 g,Rs. 262.00 (Incl. of all taxes),Not Declared,Email: care@surya.com | Ph: 1800-628-1178,Not Declared,NON-COMPLIANT,Rule 6(1)(n): Missing Country of Origin declaration; Rule 6(1)(d): Month and year of manufacture/packing missing,2026-07-26 05:57:36,79%
LMC-01125,Darjeeling Whole Leaf Black Tea 200 g,Tea & Coffee,"Kaveri Spices & Naturals, 14/B, Spice Park, Puttady, Idukki, Kerala - 685551",200 g,Rs. 679.00 (Incl. of all taxes),05/2026,Email: care@kaveri.com | Ph: 1800-135-4319,India,COMPLIANT,None (Fully Compliant with Rule 6),2026-07-24 18:37:36,95%
LMC-01126,Sparkling Apple Cider Drink 750 ml,Beverages & Juices,"Himalayan Organic Ventures, SIDCUL Industrial Estate, Pantnagar, Uttarakhand - 263153",750 ml,Not Declared,04/2026,Email: care@himalayan.com | Ph: 1800-536-5833,Not Declared,NON-COMPLIANT,Rule 6(1)(da): Maximum Retail Price (MRP) declaration absent; Rule 6(1)(n): Missing Country of Origin declaration,2026-08-22 19:50:36,83%
LMC-01127,Roasted Arabica Coffee Beans 400 g,Tea & Coffee,"Himalayan Organic Ventures, SIDCUL Industrial Estate, Pantnagar, Uttarakhand - 263153",400 g,Rs. 726.00,Not Declared,Email: care@himalayan.com | Ph: 1800-524-8611,India,NON-COMPLIANT,Rule 6(1)(d): Month and year of manufacture/packing missing; Rule 6(1)(da): Missing 'Inclusive of all taxes' declaration with MRP,2026-07-29 20:56:36,79%
LMC-01128,Instant Chicory Coffee Powder 750 g,Tea & Coffee,"Himalayan Organic Ventures, SIDCUL Industrial Estate, Pantnagar, Uttarakhand - 263153",750 g,Rs. 311.00 (Incl. of all taxes),03/2026,Email: care@himalayan.com | Ph: 1800-904-1389,India,COMPLIANT,None (Fully Compliant with Rule 6),2026-08-15 00:05:36,92%
LMC-01129,Refined Sunflower Cooking Oil 1 L,Edible Oils,"Vedic Agro Industries Pvt Ltd, Gat No. 118, Urse, Talegaon MIDC, Pune, Maharashtra - 410506",1 L,Rs. 192.00 (Incl. of all taxes),02/2026,Email: care@vedic.com | Ph: 1800-277-4685,India,COMPLIANT,None (Fully Compliant with Rule 6),2026-07-29 05:27:36,93%
LMC-01130,Refined Sunflower Cooking Oil 750 ml,Edible Oils,"Vedic Agro Industries Pvt Ltd, Gat No. 118, Urse, Talegaon MIDC, Pune, Maharashtra - 410506",750 ml,Rs. 166.00 (Incl. of all taxes),06/2026,Email: care@vedic.com | Ph: 1800-595-8896,India,COMPLIANT,None (Fully Compliant with Rule 6),2026-07-19 18:30:36,89%
LMC-01131,Tender Coconut Water Drink 200 ml,Beverages & Juices,"Pristine Foods & Agro Ltd, Phase 2, Peenya Industrial Area, Bengaluru, Karnataka - 560058",200 ml,Rs. 856.00 (Incl. of all taxes),04/2026,Email: care@pristine.com | Ph: 1800-912-7173,India,COMPLIANT,None (Fully Compliant with Rule 6),2026-08-11 17:01:36,88%
LMC-01132,Poha Instant Breakfast Bowl 400 g,Ready-to-Eat,"Godavari Mills & Refineries, Sy. No. 340, Autonagar, Guntur, Andhra Pradesh - 522001",400 g,Rs. 660.00 (Incl. of all taxes),06/2026,Email: care@godavari.com | Ph: 1800-262-7311,India,COMPLIANT,None (Fully Compliant with Rule 6),2026-08-11 09:32:36,96%
LMC-01133,Rice Flour Fine 5 kg,Atta & Flours,"Surya Packaged Commodities LLP, Industrial Growth Centre, Mandideep, Bhopal, MP - 462046",5 kg,Rs. 409.00 (Incl. of all taxes),05/2026,Email: care@surya.com | Ph: 1800-639-4266,India,COMPLIANT,None (Fully Compliant with Rule 6),2026-08-28 07:42:36,96%
LMC-01134,Palak Paneer Ready Curry 100 g,Ready-to-Eat,"Surya Packaged Commodities LLP, Industrial Growth Centre, Mandideep, Bhopal, MP - 462046",100 g,Rs. 762.00,02/2026,Email: care@surya.com | Ph: 1800-586-4368,India,NON-COMPLIANT,Rule 6(1)(da): Missing 'Inclusive of all taxes' declaration with MRP,2026-08-28 02:20:36,83%
LMC-01135,Refined Groundnut Oil 1 L,Edible Oils,"Pristine Foods & Agro Ltd, Phase 2, Peenya Industrial Area, Bengaluru, Karnataka - 560058",1 L,Rs. 795.00,05/2026,Email: care@pristine.com | Ph: 1800-365-6127,India,NON-COMPLIANT,Rule 6(1)(da): Missing 'Inclusive of all taxes' declaration with MRP,2026-08-29 14:03:36,91%
LMC-01136,Salted Table Butter 400 g,Dairy Products,"Navrang Agro Commodities Corp, GIDC Naroda, Ahmedabad, Gujarat - 382330",400 g,Rs. 347.00 (Incl. of all taxes),05/2026,Email: care@navrang.com | Ph: 1800-558-5370,India,COMPLIANT,None (Fully Compliant with Rule 6),2026-08-14 01:44:36,98%
LMC-01137,Kashmiri Degi Mirch Powder 400 g,Spices & Condiments,"Navrang Agro Commodities Corp, GIDC Naroda, Ahmedabad, Gujarat - 382330",400 gms,Rs. 194.00 (Incl. of all taxes),06/2026,Helpline: 1800-418-4572 (Email missing),India,NEEDS REVIEW,Rule 6(1)(e): Missing consumer care email address; Rule 6(1)(c): Non-standard unit abbreviation used ('gms' / 'gm' instead of standard 'g'),2026-07-26 04:02:36,70%
LMC-01138,Roasted Salted Makhana 200 g,Snacks & Namkeen,"Kaveri Spices & Naturals, 14/B, Spice Park, Puttady, Idukki, Kerala - 685551",200 g,Rs. 71.00 (Incl. of all taxes),05/2026,Not Declared,India,NON-COMPLIANT,Rule 6(1)(e): Complete consumer care grievance contact details missing,2026-08-26 21:42:36,84%
LMC-01139,Roasted Almond Milk Bar 50 g,Chocolates & Confectionery,"Himalayan Organic Ventures, SIDCUL Industrial Estate, Pantnagar, Uttarakhand - 263153",50 g,Rs. 406.00 (Incl. of all taxes),03/2026,Email: care@himalayan.com | Ph: 1800-725-2087,India,COMPLIANT,None (Fully Compliant with Rule 6),2026-07-07 02:53:36,95%
LMC-01140,Blended Edible Vegetable Oil 750 ml,Edible Oils,"Pristine Foods & Agro Ltd, Phase 2, Peenya Industrial Area, Bengaluru, Karnataka - 560058",750 ml,Rs. 689.00 (Incl. of all taxes),04/2026,Email: care@pristine.com | Ph: 1800-365-9800,India,COMPLIANT,None (Fully Compliant with Rule 6),2026-07-10 17:40:36,96%
LMC-01141,Salted Table Butter 100 g,Dairy Products,"Godavari Mills & Refineries, Sy. No. 340, Autonagar, Guntur, Andhra Pradesh - 522001",100 g,Rs. 147.00 (Incl. of all taxes),07/2026,Email: care@godavari.com | Ph: 1800-673-2419,India,COMPLIANT,None (Fully Compliant with Rule 6),2026-08-13 23:14:36,95%
LMC-01142,Green Tea Lemon Honey Bags 750 g,Tea & Coffee,"Vedic Agro Industries Pvt Ltd, Gat No. 118, Urse, Talegaon MIDC, Pune, Maharashtra - 410506",Not Declared,Not Declared,05/2026,Email: care@vedic.com | Ph: 1800-239-1404,India,NON-COMPLIANT,Rule 6(1)(da): Maximum Retail Price (MRP) declaration absent; Rule 6(1)(c): Net quantity declaration absent,2026-08-21 03:02:36,93%
LMC-01143,Chakki Fresh Pure Atta 10 kg,Atta & Flours,"Ananya Consumer Goods Ltd, Plot 42, Sector 8, IMT Manesar, Gurugram, Haryana - 122050",10 kg,Rs. 735.00,01/2026,Email: care@ananya.com | Ph: 1800-928-7918,India,NON-COMPLIANT,Rule 6(1)(da): Missing 'Inclusive of all taxes' declaration with MRP,2026-07-22 16:10:36,88%
LMC-01144,Rice Flour Fine 5 kg,Atta & Flours,"Surya Packaged Commodities LLP, Industrial Growth Centre, Mandideep, Bhopal, MP - 462046",5 kg,Rs. 189.00 (Incl. of all taxes),04/2026,Email: care@surya.com | Ph: 1800-956-9302,India,COMPLIANT,None (Fully Compliant with Rule 6),2026-07-13 06:18:36,98%
LMC-01145,Ragi Millet Flour 10 kg,Atta & Flours,"Kaveri Spices & Naturals, 14/B, Spice Park, Puttady, Idukki, Kerala - 685551",10 kg,Rs. 311.00 (Incl. of all taxes),01/2026,Email: care@kaveri.com | Ph: 1800-184-7057,India,COMPLIANT,None (Fully Compliant with Rule 6),2026-07-20 09:38:36,98%
LMC-01146,Crunchy Moong Dal Namkeen 200 g,Snacks & Namkeen,"Himalayan Organic Ventures, SIDCUL Industrial Estate, Pantnagar, Uttarakhand - 263153",200 g,Rs. 489.00 (Incl. of all taxes),04/2026,Email: care@himalayan.com | Ph: 1800-256-2464,India,COMPLIANT,None (Fully Compliant with Rule 6),2026-07-24 15:54:36,97%
LMC-01147,Refined Groundnut Oil 200 ml,Edible Oils,"Himalayan Organic Ventures, SIDCUL Industrial Estate, Pantnagar, Uttarakhand - 263153",200 ml,Rs. 433.00 (Incl. of all taxes),Not Declared,Email: care@himalayan.com | Ph: 1800-207-9665,India,NON-COMPLIANT,Rule 6(1)(d): Month and year of manufacture/packing missing,2026-07-27 13:04:36,89%
LMC-01148,Organic Besan Gram Flour 2 kg,Atta & Flours,"Vedic Agro Industries Pvt Ltd, Gat No. 118, Urse, Talegaon MIDC, Pune, Maharashtra - 410506",2 kg,Rs. 551.00 (Incl. of all taxes),03/2026,Email: care@vedic.com | Ph: 1800-663-9883,India,COMPLIANT,None (Fully Compliant with Rule 6),2026-07-13 07:24:36,99%
LMC-01149,Premium Assam CTC Tea 250 g,Tea & Coffee,"Kaveri Spices & Naturals, 14/B, Spice Park, Puttady, Idukki, Kerala - 685551",250 g,Rs. 80.00 (Incl. of all taxes),06/2026,Email: care@kaveri.com | Ph: 1800-960-9446,India,COMPLIANT,None (Fully Compliant with Rule 6),2026-07-10 21:19:36,91%
LMC-01150,Roasted Almond Milk Bar 250 g,Chocolates & Confectionery,"Ananya Consumer Goods Ltd, Plot 42, Sector 8, IMT Manesar, Gurugram, Haryana - 122050",250 g,Rs. 278.00 (Incl. of all taxes),Not Declared,Email: care@ananya.com | Ph: 1800-243-7171,Not Declared,NON-COMPLIANT,Rule 6(1)(d): Month and year of manufacture/packing missing; Rule 6(1)(n): Missing Country of Origin declaration,2026-07-21 21:38:36,86%
LMC-01151,Crunchy Moong Dal Namkeen 400 g,Snacks & Namkeen,"Pristine Foods & Agro Ltd, Phase 2, Peenya Industrial Area, Bengaluru, Karnataka - 560058",400 g,Rs. 39.00 (Incl. of all taxes),05/2026,Email: care@pristine.com | Ph: 1800-955-9581,India,COMPLIANT,None (Fully Compliant with Rule 6),2026-08-24 05:08:36,90%
LMC-01152,Pasteurized Cow Ghee 500 g,Dairy Products,"Pristine Foods & Agro Ltd, Phase 2, Peenya Industrial Area, Bengaluru, Karnataka - 560058",500 g,Rs. 681.00 (Incl. of all taxes),04/2026,Email: care@pristine.com | Ph: 1800-731-8504,India,COMPLIANT,None (Fully Compliant with Rule 6),2026-07-05 21:38:36,89%
LMC-01153,Cold Pressed Mustard Oil 100 ml,Edible Oils,"Surya Packaged Commodities LLP, Industrial Growth Centre, Mandideep, Bhopal, MP - 462046",100 ml,Rs. 574.00 (Incl. of all taxes),05/2026,Email: care@surya.com | Ph: 1800-458-1906,India,COMPLIANT,None (Fully Compliant with Rule 6),2026-08-08 07:57:36,97%
LMC-01154,Refined Groundnut Oil 250 ml,Edible Oils,"Kaveri Spices & Naturals, 14/B, Spice Park, Puttady, Idukki, Kerala - 685551",250 ml,Rs. 585.00,04/2026,Email: care@kaveri.com | Ph: 1800-518-9939,India,NON-COMPLIANT,Rule 6(1)(da): Missing 'Inclusive of all taxes' declaration with MRP,2026-08-29 21:09:36,96%
LMC-01155,Almond Cashew Shortbread 200 g,Biscuits & Cookies,"Himalayan Organic Ventures, SIDCUL Industrial Estate, Pantnagar, Uttarakhand - 263153",200 g,Rs. 353.00 (Incl. of all taxes),07/2026,Email: care@himalayan.com | Ph: 1800-475-6797,India,COMPLIANT,None (Fully Compliant with Rule 6),2026-07-12 04:31:36,95%
LMC-01156,Standardized Tonned Milk 400 g,Dairy Products,"Godavari Mills & Refineries, Sy. No. 340, Autonagar, Guntur, Andhra Pradesh - 522001",400 g,Rs. 107.00 (Incl. of all taxes),06/2026,Email: care@godavari.com | Ph: 1800-210-1344,India,COMPLIANT,None (Fully Compliant with Rule 6),2026-07-20 17:49:36,99%
LMC-01157,Tangy Tomato Nacho Chips 500 g,Snacks & Namkeen,"Vedic Agro Industries Pvt Ltd, Gat No. 118, Urse, Talegaon MIDC, Pune, Maharashtra - 410506",500 g,Rs. 475.00 (Incl. of all taxes),04/2026,Email: care@vedic.com | Ph: 1800-364-7010,India,COMPLIANT,None (Fully Compliant with Rule 6),2026-07-31 20:19:36,92%
LMC-01158,Caramel Toffee Pouch 200 g,Chocolates & Confectionery,"Surya Packaged Commodities LLP, Industrial Growth Centre, Mandideep, Bhopal, MP - 462046",200 g,Rs. 232.00 (Incl. of all taxes),04/2026,Email: care@surya.com | Ph: 1800-226-7858,India,COMPLIANT,None (Fully Compliant with Rule 6),2026-08-07 17:11:36,92%
LMC-01159,Crispy Butter Cookies 400 g,Biscuits & Cookies,"Godavari Mills & Refineries, Sy. No. 340, Autonagar, Guntur, Andhra Pradesh - 522001",400 g,Rs. 893.00 (Incl. of all taxes),02/2026,Email: care@godavari.com | Ph: 1800-687-5057,India,COMPLIANT,None (Fully Compliant with Rule 6),2026-08-22 04:50:36,90%
LMC-01160,Crunchy Moong Dal Namkeen 400 g,Snacks & Namkeen,"Kaveri Spices & Naturals, 14/B, Spice Park, Puttady, Idukki, Kerala - 685551",400 g,Rs. 253.00 (Incl. of all taxes),02/2026,Email: care@kaveri.com | Ph: 1800-616-4148,India,NEEDS REVIEW,Rule 7: Font size / unit symbol ambiguous or truncated under OCR,2026-07-15 20:22:36,65%
LMC-01161,Virgin Cold Pressed Coconut Oil 5 L,Edible Oils,"Ananya Consumer Goods Ltd, Plot 42, Sector 8, IMT Manesar, Gurugram, Haryana - 122050",5 L,Rs. 728.00 (Incl. of all taxes),03/2026,Helpline: 1800-152-5473 (Email missing),India,NEEDS REVIEW,Rule 6(1)(e): Missing consumer care email address,2026-08-03 08:36:36,69%
LMC-01162,Bourbon Chocolate Cream Biscuits 250 g,Biscuits & Cookies,"Vedic Agro Industries Pvt Ltd, Gat No. 118, Urse, Talegaon MIDC, Pune, Maharashtra - 410506",250 g,Rs. 401.00 (Incl. of all taxes),05/2026,Not Declared,Not Declared,NON-COMPLIANT,Rule 6(1)(n): Missing Country of Origin declaration; Rule 6(1)(e): Complete consumer care grievance contact details missing,2026-08-30 23:32:36,83%
LMC-01163,Pure Sesame Gingelly Oil 750 ml,Edible Oils,Not Declared,750 ml,Rs. 879.00 (Incl. of all taxes),04/2026,Email: care@vedic.com | Ph: 1800-152-1610,India,NON-COMPLIANT,Rule 6(1)(a): Manufacturer/packer declaration entirely missing,2026-08-18 07:02:36,86%
LMC-01164,Salted Table Butter 400 g,Dairy Products,"Navrang Agro Commodities Corp, GIDC Naroda, Ahmedabad, Gujarat - 382330",400 g,Rs. 807.00 (Incl. of all taxes),04/2026,Email: care@navrang.com | Ph: 1800-315-3907,India,COMPLIANT,None (Fully Compliant with Rule 6),2026-07-28 06:19:36,90%
LMC-01165,Diet Murmura Mix 750 g,Snacks & Namkeen,"Godavari Mills & Refineries, Sy. No. 340, Autonagar, Guntur, Andhra Pradesh - 522001",750 g,Rs. 258.00 (Incl. of all taxes),Not Declared,Email: care@godavari.com | Ph: 1800-222-8629,India,NON-COMPLIANT,Rule 6(1)(d): Month and year of manufacture/packing missing,2026-08-23 07:30:36,90%
LMC-01166,Crunchy Moong Dal Namkeen 400 g,Snacks & Namkeen,"Surya Packaged Commodities LLP, Industrial Growth Centre, Mandideep, Bhopal, MP - 462046",400 g,Rs. 184.00 (Incl. of all taxes),Not Declared,Email: care@surya.com | Ph: 1800-818-7260,India,NON-COMPLIANT,Rule 6(1)(d): Month and year of manufacture/packing missing,2026-08-28 03:36:36,85%
LMC-01167,Roasted Salted Makhana 750 g,Snacks & Namkeen,"Navrang Agro Commodities Corp, GIDC Naroda, Ahmedabad, Gujarat - 382330",750 g,Rs. 204.00 (Incl. of all taxes),04/2026,Email: care@navrang.com | Ph: 1800-984-4572,India,COMPLIANT,None (Fully Compliant with Rule 6),2026-09-01 21:10:36,91%
LMC-01168,Fruit Jelly Chews Pouch 200 g,Chocolates & Confectionery,"Kaveri Spices & Naturals, 14/B, Spice Park, Puttady, Idukki, Kerala - 685551",200 g,Rs. 587.00 (Incl. of all taxes),01/2026,Email: care@kaveri.com | Ph: 1800-466-4048,India,COMPLIANT,None (Fully Compliant with Rule 6),2026-08-05 06:15:36,94%
LMC-01169,Masala Potato Wafers 500 g,Snacks & Namkeen,"Himalayan Organic Ventures, SIDCUL Industrial Estate, Pantnagar, Uttarakhand - 263153",500 g,Rs. 104.00,07/2026,Not Declared,India,NON-COMPLIANT,Rule 6(1)(e): Complete consumer care grievance contact details missing; Rule 6(1)(da): Missing 'Inclusive of all taxes' declaration with MRP,2026-07-14 00:19:36,96%
LMC-01170,Organic Besan Gram Flour 1 kg,Atta & Flours,"Godavari Mills & Refineries, Sy. No. 340, Autonagar, Guntur, Andhra Pradesh - 522001",1 kg,Rs. 304.00 (Incl. of all taxes),06/2026,Email: care@godavari.com | Ph: 1800-693-2520,India,COMPLIANT,None (Fully Compliant with Rule 6),2026-08-07 17:23:36,92%
LMC-01171,Cold Pressed Mustard Oil 5 L,Edible Oils,"Ananya Consumer Goods Ltd, Plot 42, Sector 8, IMT Manesar, Gurugram, Haryana - 122050",5 L,Rs. 441.00 (Incl. of all taxes),03/2026,Email: care@ananya.com | Ph: 1800-954-5567,India,COMPLIANT,None (Fully Compliant with Rule 6),2026-08-14 18:02:36,98%
LMC-01172,Chakki Fresh Pure Atta 2 kg,Atta & Flours,"Kaveri Spices & Naturals, Idukki",2 kgs,Rs. 930.00 (Incl. of all taxes),02/2026,Email: care@kaveri.com | Ph: 1800-772-1972,India,NEEDS REVIEW,Rule 6(1)(a): Physical address of manufacturer incomplete (missing PIN code/city); Rule 6(1)(c): Non-standard unit abbreviation used ('gms' / 'gm' instead of standard 'g'),2026-08-13 04:11:36,72%
LMC-01173,Darjeeling Whole Leaf Black Tea 500 g,Tea & Coffee,"Ananya Consumer Goods Ltd, Plot 42, Sector 8, IMT Manesar, Gurugram, Haryana - 122050",500 g,Rs. 137.00 (Incl. of all taxes),05/2026,Email: care@ananya.com | Ph: 1800-755-4964,India,COMPLIANT,None (Fully Compliant with Rule 6),2026-08-27 04:53:36,97%
LMC-01174,Mint Peppermint Lozenges 750 g,Chocolates & Confectionery,"Surya Packaged Commodities LLP, Industrial Growth Centre, Mandideep, Bhopal, MP - 462046",750 g,Rs. 115.00 (Incl. of all taxes),01/2026,Email: care@surya.com | Ph: 1800-887-1374,India,COMPLIANT,None (Fully Compliant with Rule 6),2026-07-30 10:24:36,99%
LMC-01175,Poha Instant Breakfast Bowl 250 g,Ready-to-Eat,"Godavari Mills & Refineries, Guntur",250 g,Rs. 611.00 (Incl. of all taxes),06/2026,Email: care@godavari.com | Ph: 1800-528-3282,India,NEEDS REVIEW,Rule 6(1)(a): Physical address of manufacturer incomplete (missing PIN code/city),2026-07-13 23:34:36,64%
LMC-01176,Instant Chicory Coffee Powder 50 g,Tea & Coffee,"Himalayan Organic Ventures, SIDCUL Industrial Estate, Pantnagar, Uttarakhand - 263153",50 g,Rs. 138.00 (Incl. of all taxes),01/2026,Email: care@himalayan.com | Ph: 1800-829-6715,India,COMPLIANT,None (Fully Compliant with Rule 6),2026-08-11 10:29:36,95%
LMC-01177,Tender Coconut Water Drink 1 L,Beverages & Juices,"Godavari Mills & Refineries, Sy. No. 340, Autonagar, Guntur, Andhra Pradesh - 522001",1 L,Rs. 229.00 (Incl. of all taxes),06/2026,Email: care@godavari.com | Ph: 1800-677-5859,India,COMPLIANT,None (Fully Compliant with Rule 6),2026-07-20 11:13:36,94%
LMC-01178,Dal Makhani Heat & Eat Meal 200 g,Ready-to-Eat,"Surya Packaged Commodities LLP, Industrial Growth Centre, Mandideep, Bhopal, MP - 462046",200 g,Rs. 603.00 (Incl. of all taxes),06/2026,Email: care@surya.com | Ph: 1800-869-6608,India,COMPLIANT,None (Fully Compliant with Rule 6),2026-07-31 17:57:36,94%
LMC-01179,Lemon Iced Tea Concentrate 250 ml,Beverages & Juices,"Navrang Agro Commodities Corp, GIDC Naroda, Ahmedabad, Gujarat - 382330",250 ml,Rs. 611.00 (Incl. of all taxes),07/2026,Email: care@navrang.com | Ph: 1800-151-6096,India,NEEDS REVIEW,Rule 6(1)(c): Non-standard unit abbreviation used ('gms' / 'gm' instead of standard 'g'); Rule 7: Font size / unit symbol ambiguous or truncated under OCR,2026-08-16 15:55:36,59%
LMC-01180,Caramel Toffee Pouch 500 g,Chocolates & Confectionery,"Pristine Foods & Agro Ltd, Phase 2, Peenya Industrial Area, Bengaluru, Karnataka - 560058",500 g,Rs. 749.00 (Incl. of all taxes),07/2026,Email: care@pristine.com | Ph: 1800-345-7867,India,COMPLIANT,None (Fully Compliant with Rule 6),2026-07-10 20:28:36,97%
LMC-01181,Chakki Fresh Pure Atta 5 kg,Atta & Flours,"Godavari Mills & Refineries, Sy. No. 340, Autonagar, Guntur, Andhra Pradesh - 522001",5 kg,Rs. 541.00 (Incl. of all taxes),05/2026,Email: care@godavari.com | Ph: 1800-675-1611,India,COMPLIANT,None (Fully Compliant with Rule 6),2026-07-23 09:28:36,91%
LMC-01182,Virgin Cold Pressed Coconut Oil 500 ml,Edible Oils,"Surya Packaged Commodities LLP, Industrial Growth Centre, Mandideep, Bhopal, MP - 462046",500 ml,Rs. 508.00 (Incl. of all taxes),06/2026,Email: care@surya.com | Ph: 1800-723-8932,India,COMPLIANT,None (Fully Compliant with Rule 6),2026-07-28 08:08:36,91%
LMC-01183,Pure Malai Paneer 50 g,Dairy Products,"Godavari Mills & Refineries, Sy. No. 340, Autonagar, Guntur, Andhra Pradesh - 522001",Not Declared,Not Declared,04/2026,Email: care@godavari.com | Ph: 1800-490-6621,India,NON-COMPLIANT,Rule 6(1)(da): Maximum Retail Price (MRP) declaration absent; Rule 6(1)(c): Net quantity declaration absent,2026-08-13 11:06:36,95%
LMC-01184,Palak Paneer Ready Curry 750 g,Ready-to-Eat,"Kaveri Spices & Naturals, 14/B, Spice Park, Puttady, Idukki, Kerala - 685551",750 g,Rs. 930.00 (Incl. of all taxes),06/2026,Email: care@kaveri.com | Ph: 1800-791-8832,India,COMPLIANT,None (Fully Compliant with Rule 6),2026-07-28 21:13:36,90%
LMC-01185,Mint Peppermint Lozenges 50 g,Chocolates & Confectionery,"Navrang Agro Commodities Corp, GIDC Naroda, Ahmedabad, Gujarat - 382330",50 g,Rs. 621.00 (Incl. of all taxes),06/2026,Email: care@navrang.com | Ph: 1800-690-3583,India,COMPLIANT,None (Fully Compliant with Rule 6),2026-07-18 08:10:36,91%
LMC-01186,Coriander Dhania Powder 250 g,Spices & Condiments,"Kaveri Spices & Naturals, 14/B, Spice Park, Puttady, Idukki, Kerala - 685551",250 g,Not Declared,05/2026,Email: care@kaveri.com | Ph: 1800-390-6420,Not Declared,NON-COMPLIANT,Rule 6(1)(n): Missing Country of Origin declaration; Rule 6(1)(da): Maximum Retail Price (MRP) declaration absent,2026-07-31 07:26:36,88%
LMC-01187,Mint Peppermint Lozenges 250 g,Chocolates & Confectionery,"Pristine Foods & Agro Ltd, Phase 2, Peenya Industrial Area, Bengaluru, Karnataka - 560058",250 g,Rs. 27.00,07/2026,Email: care@pristine.com | Ph: 1800-198-2240,India,NON-COMPLIANT,Rule 6(1)(da): Missing 'Inclusive of all taxes' declaration with MRP,2026-08-17 03:20:36,76%
LMC-01188,Refined Groundnut Oil 250 ml,Edible Oils,"Ananya Consumer Goods Ltd, Plot 42, Sector 8, IMT Manesar, Gurugram, Haryana - 122050",250 ml,Rs. 893.00 (Incl. of all taxes),05/2026,Email: care@ananya.com | Ph: 1800-535-5773,India,COMPLIANT,None (Fully Compliant with Rule 6),2026-08-24 16:46:36,93%
LMC-01189,Tangy Tomato Nacho Chips 500 g,Snacks & Namkeen,"Godavari Mills & Refineries, Sy. No. 340, Autonagar, Guntur, Andhra Pradesh - 522001",500 g,Rs. 724.00 (Incl. of all taxes),05/2026,Email: care@godavari.com | Ph: 1800-614-1324,India,COMPLIANT,None (Fully Compliant with Rule 6),2026-08-11 01:34:36,94%
LMC-01190,Caramel Toffee Pouch 500 g,Chocolates & Confectionery,Not Declared,Not Declared,Rs. 532.00 (Incl. of all taxes),03/2026,Email: care@surya.com | Ph: 1800-523-2403,India,NON-COMPLIANT,Rule 6(1)(c): Net quantity declaration absent; Rule 6(1)(a): Manufacturer/packer declaration entirely missing,2026-07-07 16:57:36,90%
LMC-01191,Dark Silk Chocolate Bar 250 g,Chocolates & Confectionery,"Surya Packaged Commodities LLP, Industrial Growth Centre, Mandideep, Bhopal, MP - 462046",250 g,Rs. 94.00 (Incl. of all taxes),07/2026,Email: care@surya.com | Ph: 1800-836-4975,India,COMPLIANT,None (Fully Compliant with Rule 6),2026-09-02 04:40:36,88%
LMC-01192,Lemon Iced Tea Concentrate 750 ml,Beverages & Juices,"Kaveri Spices & Naturals, 14/B, Spice Park, Puttady, Idukki, Kerala - 685551",750 ml,Rs. 934.00 (Incl. of all taxes),02/2026,Not Declared,Not Declared,NON-COMPLIANT,Rule 6(1)(n): Missing Country of Origin declaration; Rule 6(1)(e): Complete consumer care grievance contact details missing,2026-08-23 17:41:36,84%
LMC-01193,Caramel Toffee Pouch 100 g,Chocolates & Confectionery,"Kaveri Spices & Naturals, 14/B, Spice Park, Puttady, Idukki, Kerala - 685551",100 g,Rs. 183.00 (Incl. of all taxes),07/2026,Email: care@kaveri.com | Ph: 1800-767-8669,India,COMPLIANT,None (Fully Compliant with Rule 6),2026-08-03 18:10:36,88%
LMC-01194,Alphonso Mango Nectar 2 L,Beverages & Juices,"Pristine Foods & Agro Ltd, Phase 2, Peenya Industrial Area, Bengaluru, Karnataka - 560058",2 L,Rs. 143.00 (Incl. of all taxes),Not Declared,Email: care@pristine.com | Ph: 1800-225-6263,India,NON-COMPLIANT,Rule 6(1)(d): Month and year of manufacture/packing missing,2026-07-28 03:57:36,79%
LMC-01195,Caramel Toffee Pouch 250 g,Chocolates & Confectionery,"Surya Packaged Commodities LLP, Industrial Growth Centre, Mandideep, Bhopal, MP - 462046",250 g,Rs. 183.00 (Incl. of all taxes),02/2026,Email: care@surya.com | Ph: 1800-657-6474,Imported (Origin: Sri Lanka),COMPLIANT,None (Fully Compliant with Rule 6),2026-08-03 22:10:36,95%
LMC-01196,Darjeeling Whole Leaf Black Tea 250 g,Tea & Coffee,Not Declared,250 g,Rs. 41.00 (Incl. of all taxes),05/2026,Email: care@pristine.com | Ph: 1800-512-1241,India,NON-COMPLIANT,Rule 6(1)(a): Manufacturer/packer declaration entirely missing,2026-07-28 16:19:36,89%
LMC-01197,Chakki Fresh Pure Atta 2 kg,Atta & Flours,Not Declared,2 kg,Rs. 564.00 (Incl. of all taxes),05/2026,Email: care@vedic.com | Ph: 1800-447-7954,India,NON-COMPLIANT,Rule 6(1)(a): Manufacturer/packer declaration entirely missing,2026-07-10 07:43:36,75%
LMC-01198,Lemon Iced Tea Concentrate 750 ml,Beverages & Juices,"Pristine Foods & Agro Ltd, Phase 2, Peenya Industrial Area, Bengaluru, Karnataka - 560058",750 ml,Rs. 515.00 (Incl. of all taxes),01/2026,Email: care@pristine.com | Ph: 1800-430-7533,India,COMPLIANT,None (Fully Compliant with Rule 6),2026-08-16 07:55:36,90%
LMC-01199,Pure Malai Paneer 400 g,Dairy Products,"Surya Packaged Commodities LLP, Industrial Growth Centre, Mandideep, Bhopal, MP - 462046",400 g,Rs. 551.00 (Incl. of all taxes),04/2026,Email: care@surya.com | Ph: 1800-427-2578,India,COMPLIANT,None (Fully Compliant with Rule 6),2026-09-01 14:17:36,92%
LMC-01200,Roasted Almond Milk Bar 400 g,Chocolates & Confectionery,"Surya Packaged Commodities LLP, Industrial Growth Centre, Mandideep, Bhopal, MP - 462046",400 g,Rs. 431.00 (Incl. of all taxes),05/2026,Email: care@surya.com | Ph: 1800-769-5190,India,COMPLIANT,None (Fully Compliant with Rule 6),2026-07-21 04:20:36,97%
LMC-01201,Black Mustard Seeds 100 g,Spices & Condiments,"Himalayan Organic Ventures, SIDCUL Industrial Estate, Pantnagar, Uttarakhand - 263153",100 g,Rs. 184.00 (Incl. of all taxes),05/2026,Email: care@himalayan.com | Ph: 1800-421-7274,Imported (Origin: Sri Lanka),COMPLIANT,None (Fully Compliant with Rule 6),2026-08-13 15:30:36,92%
LMC-01202,Mint Peppermint Lozenges 200 g,Chocolates & Confectionery,"Ananya Consumer Goods Ltd, Plot 42, Sector 8, IMT Manesar, Gurugram, Haryana - 122050",200 g,Not Declared,03/2026,Not Declared,India,NON-COMPLIANT,Rule 6(1)(da): Maximum Retail Price (MRP) declaration absent; Rule 6(1)(e): Complete consumer care grievance contact details missing,2026-08-13 09:53:36,95%
LMC-01203,Caramel Toffee Pouch 50 g,Chocolates & Confectionery,"Himalayan Organic Ventures, SIDCUL Industrial Estate, Pantnagar, Uttarakhand - 263153",50 g,Rs. 243.00 (Incl. of all taxes),01/2026,Email: care@himalayan.com | Ph: 1800-546-9120,India,COMPLIANT,None (Fully Compliant with Rule 6),2026-08-10 14:59:36,89%
LMC-01204,Coriander Dhania Powder 200 g,Spices & Condiments,"Ananya Consumer Goods Ltd, Plot 42, Sector 8, IMT Manesar, Gurugram, Haryana - 122050",200 g,Rs. 297.00 (Incl. of all taxes),06/2026,Email: care@ananya.com | Ph: 1800-905-8995,India,COMPLIANT,None (Fully Compliant with Rule 6),2026-07-18 07:32:36,92%
LMC-01205,Fruit Jelly Chews Pouch 250 g,Chocolates & Confectionery,"Pristine Foods & Agro Ltd, Phase 2, Peenya Industrial Area, Bengaluru, Karnataka - 560058",Not Declared,Rs. 282.00 (Incl. of all taxes),Not Declared,Email: care@pristine.com | Ph: 1800-763-4610,India,NON-COMPLIANT,Rule 6(1)(c): Net quantity declaration absent; Rule 6(1)(d): Month and year of manufacture/packing missing,2026-08-12 11:14:36,94%
LMC-01206,Darjeeling Whole Leaf Black Tea 200 g,Tea & Coffee,"Navrang Agro Commodities Corp, GIDC Naroda, Ahmedabad, Gujarat - 382330",200 g,Rs. 582.00 (Incl. of all taxes),02/2026,Email: care@navrang.com | Ph: 1800-992-9661,India,COMPLIANT,None (Fully Compliant with Rule 6),2026-07-16 20:41:36,88%
LMC-01207,Instant Masala Noodles 50 g,Ready-to-Eat,"Pristine Foods & Agro Ltd, Phase 2, Peenya Industrial Area, Bengaluru, Karnataka - 560058",50 g,Rs. 478.00 (Incl. of all taxes),05/2026,Not Declared,India,NON-COMPLIANT,Rule 6(1)(e): Complete consumer care grievance contact details missing,2026-07-28 21:49:36,90%
LMC-01208,Kasuri Methi 500 g,Spices & Condiments,"Surya Packaged Commodities LLP, Industrial Growth Centre, Mandideep, Bhopal, MP - 462046",500 g,Rs. 874.00 (Incl. of all taxes),08/2026,Email: care@surya.com | Ph: 1800-525-3017,India,COMPLIANT,None (Fully Compliant with Rule 6),2026-08-25 20:23:36,93%
LMC-01209,Refined Sunflower Cooking Oil 2 L,Edible Oils,Not Declared,2 L,Rs. 684.00 (Incl. of all taxes),07/2026,Not Declared,India,NON-COMPLIANT,Rule 6(1)(e): Complete consumer care grievance contact details missing; Rule 6(1)(a): Manufacturer/packer declaration entirely missing,2026-08-04 19:41:36,95%
LMC-01210,Cold Pressed Mustard Oil 100 ml,Edible Oils,"Surya Packaged Commodities LLP, Industrial Growth Centre, Mandideep, Bhopal, MP - 462046",100 ml,Rs. 582.00 (Incl. of all taxes),Not Declared,Not Declared,India,NON-COMPLIANT,Rule 6(1)(e): Complete consumer care grievance contact details missing; Rule 6(1)(d): Month and year of manufacture/packing missing,2026-08-19 18:17:36,77%
LMC-01211,Salted Table Butter 500 g,Dairy Products,"Surya Packaged Commodities LLP, Industrial Growth Centre, Mandideep, Bhopal, MP - 462046",500 g,Rs. 306.00 (Incl. of all taxes),04/2026,Email: care@surya.com | Ph: 1800-451-9928,India,COMPLIANT,None (Fully Compliant with Rule 6),2026-08-09 19:24:36,93%
LMC-01212,Caramel Toffee Pouch 100 g,Chocolates & Confectionery,"Kaveri Spices & Naturals, 14/B, Spice Park, Puttady, Idukki, Kerala - 685551",100 g,Rs. 276.00 (Incl. of all taxes),01/2026,Email: care@kaveri.com | Ph: 1800-667-8321,India,COMPLIANT,None (Fully Compliant with Rule 6),2026-08-22 20:50:36,89%
LMC-01213,Pure Malai Paneer 400 g,Dairy Products,"Surya Packaged Commodities LLP, Industrial Growth Centre, Mandideep, Bhopal, MP - 462046",400 g,Rs. 154.00 (Incl. of all taxes),05/2026,Email: care@surya.com | Ph: 1800-315-1240,India,COMPLIANT,None (Fully Compliant with Rule 6),2026-08-05 20:27:36,98%
LMC-01214,Alphonso Mango Nectar 500 ml,Beverages & Juices,"Vedic Agro Industries Pvt Ltd, Gat No. 118, Urse, Talegaon MIDC, Pune, Maharashtra - 410506",Not Declared,Rs. 569.00 (Incl. of all taxes),06/2026,Email: care@vedic.com | Ph: 1800-878-7412,Not Declared,NON-COMPLIANT,Rule 6(1)(c): Net quantity declaration absent; Rule 6(1)(n): Missing Country of Origin declaration,2026-09-02 21:50:36,80%
LMC-01215,Roasted Arabica Coffee Beans 50 g,Tea & Coffee,"Kaveri Spices & Naturals, 14/B, Spice Park, Puttady, Idukki, Kerala - 685551",50 g,Rs. 115.00 (Incl. of all taxes),05/2026,Email: care@kaveri.com | Ph: 1800-575-7346,India,COMPLIANT,None (Fully Compliant with Rule 6),2026-07-29 16:08:36,94%
LMC-01216,Tangy Tomato Nacho Chips 400 g,Snacks & Namkeen,"Ananya Consumer Goods Ltd, Plot 42, Sector 8, IMT Manesar, Gurugram, Haryana - 122050",400 g,Rs. 844.00 (Incl. of all taxes),04/2026,Email: care@ananya.com | Ph: 1800-239-4742,India,COMPLIANT,None (Fully Compliant with Rule 6),2026-08-02 01:06:36,97%
LMC-01217,Ragi Millet Flour 2 kg,Atta & Flours,"Pristine Foods & Agro Ltd, Phase 2, Peenya Industrial Area, Bengaluru, Karnataka - 560058",2 kg,Not Declared,07/2026,Not Declared,India,NON-COMPLIANT,Rule 6(1)(da): Maximum Retail Price (MRP) declaration absent; Rule 6(1)(e): Complete consumer care grievance contact details missing,2026-08-04 04:18:36,90%
LMC-01218,Pure Malai Paneer 400 g,Dairy Products,"Pristine Foods & Agro Ltd, Phase 2, Peenya Industrial Area, Bengaluru, Karnataka - 560058",400 g,Rs. 624.00 (Incl. of all taxes),04/2026,Email: care@pristine.com | Ph: 1800-838-4663,India,COMPLIANT,None (Fully Compliant with Rule 6),2026-07-29 02:50:36,92%
LMC-01219,Refined Groundnut Oil 2 L,Edible Oils,"Navrang Agro Commodities Corp, GIDC Naroda, Ahmedabad, Gujarat - 382330",2 L,Rs. 668.00,02/2026,Not Declared,India,NON-COMPLIANT,Rule 6(1)(da): Missing 'Inclusive of all taxes' declaration with MRP; Rule 6(1)(e): Complete consumer care grievance contact details missing,2026-08-10 01:00:36,96%
LMC-01220,Multigrain Fibre Atta 10 kg,Atta & Flours,"Surya Packaged Commodities LLP, Industrial Growth Centre, Mandideep, Bhopal, MP - 462046",10 kg,Rs. 782.00 (Incl. of all taxes),03/2026,Email: care@surya.com | Ph: 1800-450-6505,India,COMPLIANT,None (Fully Compliant with Rule 6),2026-07-11 00:38:36,96%
LMC-01221,Pasteurized Cow Ghee 500 g,Dairy Products,Not Declared,500 g,Not Declared,03/2026,Email: care@godavari.com | Ph: 1800-867-7231,India,NON-COMPLIANT,Rule 6(1)(da): Maximum Retail Price (MRP) declaration absent; Rule 6(1)(a): Manufacturer/packer declaration entirely missing,2026-08-11 06:48:36,81%
LMC-01222,Sparkling Apple Cider Drink 250 ml,Beverages & Juices,"Pristine Foods & Agro Ltd, Phase 2, Peenya Industrial Area, Bengaluru, Karnataka - 560058",250 ml,Rs. 414.00 (Incl. of all taxes),06/2026,Email: care@pristine.com | Ph: 1800-952-4493,India,COMPLIANT,None (Fully Compliant with Rule 6),2026-08-19 13:42:36,93%
LMC-01223,Marie Crisp Tea Biscuits 750 g,Biscuits & Cookies,"Vedic Agro Industries Pvt Ltd, Gat No. 118, Urse, Talegaon MIDC, Pune, Maharashtra - 410506",750 g,Rs. 121.00 (Incl. of all taxes),05/2026,Email: care@vedic.com | Ph: 1800-557-9255,India,COMPLIANT,None (Fully Compliant with Rule 6),2026-08-22 14:25:36,90%
LMC-01224,Crispy Butter Cookies 200 g,Biscuits & Cookies,"Himalayan Organic Ventures, SIDCUL Industrial Estate, Pantnagar, Uttarakhand - 263153",200 g,Rs. 124.00 (Incl. of all taxes),Not Declared,Email: care@himalayan.com | Ph: 1800-631-1204,India,NON-COMPLIANT,Rule 6(1)(d): Month and year of manufacture/packing missing,2026-07-21 07:42:36,76%
LMC-01225,Greek Style Plain Yogurt 250 g,Dairy Products,"Kaveri Spices & Naturals, 14/B, Spice Park, Puttady, Idukki, Kerala - 685551",250 g,Rs. 524.00 (Incl. of all taxes),02/2026,Email: care@kaveri.com | Ph: 1800-274-1191,India,COMPLIANT,None (Fully Compliant with Rule 6),2026-07-29 10:46:36,95%
LMC-01226,Crunchy Moong Dal Namkeen 200 g,Snacks & Namkeen,"Himalayan Organic Ventures, SIDCUL Industrial Estate, Pantnagar, Uttarakhand - 263153",Not Declared,Rs. 549.00 (Incl. of all taxes),04/2026,Not Declared,India,NON-COMPLIANT,Rule 6(1)(c): Net quantity declaration absent; Rule 6(1)(e): Complete consumer care grievance contact details missing,2026-07-23 00:10:36,83%
LMC-01227,Refined Groundnut Oil 5 L,Edible Oils,"Navrang Agro Commodities Corp, GIDC Naroda, Ahmedabad, Gujarat - 382330",5 L,Rs. 302.00 (Incl. of all taxes),01/2026,Email: care@navrang.com | Ph: 1800-657-5015,India,COMPLIANT,None (Fully Compliant with Rule 6),2026-07-23 01:46:36,93%
LMC-01228,Premium Assam CTC Tea 250 g,Tea & Coffee,"Ananya Consumer Goods Ltd, Plot 42, Sector 8, IMT Manesar, Gurugram, Haryana - 122050",250 g,Not Declared,03/2026,Email: care@ananya.com | Ph: 1800-824-9078,India,NON-COMPLIANT,Rule 6(1)(da): Maximum Retail Price (MRP) declaration absent,2026-07-12 18:36:36,95%
LMC-01229,Caramel Toffee Pouch 100 g,Chocolates & Confectionery,"Himalayan Organic Ventures, SIDCUL Industrial Estate, Pantnagar, Uttarakhand - 263153",100 g,Rs. 290.00 (Incl. of all taxes),07/2026,Email: care@himalayan.com | Ph: 1800-221-9020,India,COMPLIANT,None (Fully Compliant with Rule 6),2026-08-12 02:08:36,92%
LMC-01230,Pasteurized Cow Ghee 500 g,Dairy Products,"Ananya Consumer Goods Ltd, Plot 42, Sector 8, IMT Manesar, Gurugram, Haryana - 122050",500 g,Rs. 936.00 (Incl. of all taxes),05/2026,Email: care@ananya.com | Ph: 1800-173-2805,India,COMPLIANT,None (Fully Compliant with Rule 6),2026-07-17 07:30:36,96%
LMC-01231,Crispy Butter Cookies 100 g,Biscuits & Cookies,"Kaveri Spices & Naturals, 14/B, Spice Park, Puttady, Idukki, Kerala - 685551",100 g,Rs. 28.00 (Incl. of all taxes),02/2026,Email: care@kaveri.com | Ph: 1800-433-7932,India,COMPLIANT,None (Fully Compliant with Rule 6),2026-08-08 08:02:36,92%
LMC-01232,Poha Instant Breakfast Bowl 500 g,Ready-to-Eat,"Vedic Agro Industries Pvt Ltd, Gat No. 118, Urse, Talegaon MIDC, Pune, Maharashtra - 410506",500 g,Rs. 316.00 (Incl. of all taxes),04/2026,Helpline: 1800-426-2372 (Email missing),India,NEEDS REVIEW,Rule 6(1)(e): Missing consumer care email address,2026-08-10 11:13:36,74%
LMC-01233,Maida Refined Wheat Flour 2 kg,Atta & Flours,Not Declared,2 kg,Rs. 491.00 (Incl. of all taxes),06/2026,Not Declared,India,NON-COMPLIANT,Rule 6(1)(a): Manufacturer/packer declaration entirely missing; Rule 6(1)(e): Complete consumer care grievance contact details missing,2026-07-23 08:09:36,80%
LMC-01234,Whole Cumin Jeera Seeds 50 g,Spices & Condiments,Not Declared,50 g,Not Declared,03/2026,Email: care@surya.com | Ph: 1800-586-6945,India,NON-COMPLIANT,Rule 6(1)(a): Manufacturer/packer declaration entirely missing; Rule 6(1)(da): Maximum Retail Price (MRP) declaration absent,2026-07-27 02:26:36,89%
LMC-01235,Instant Chicory Coffee Powder 750 g,Tea & Coffee,"Godavari Mills & Refineries, Sy. No. 340, Autonagar, Guntur, Andhra Pradesh - 522001",Not Declared,Rs. 814.00 (Incl. of all taxes),04/2026,Not Declared,India,NON-COMPLIANT,Rule 6(1)(e): Complete consumer care grievance contact details missing; Rule 6(1)(c): Net quantity declaration absent,2026-08-03 08:31:36,86%
LMC-01236,Caramel Toffee Pouch 750 g,Chocolates & Confectionery,"Pristine Foods & Agro Ltd, Phase 2, Peenya Industrial Area, Bengaluru, Karnataka - 560058",750 g,Rs. 117.00 (Incl. of all taxes),05/2026,Email: care@pristine.com | Ph: 1800-690-2231,India,COMPLIANT,None (Fully Compliant with Rule 6),2026-08-31 17:07:36,92%
LMC-01237,Palak Paneer Ready Curry 500 g,Ready-to-Eat,"Kaveri Spices & Naturals, 14/B, Spice Park, Puttady, Idukki, Kerala - 685551",500 g,Rs. 458.00 (Incl. of all taxes),05/2026,Email: care@kaveri.com | Ph: 1800-260-2122,India,COMPLIANT,None (Fully Compliant with Rule 6),2026-07-22 10:57:36,94%
LMC-01238,Digestive High Fibre Biscuits 750 g,Biscuits & Cookies,"Navrang Agro Commodities Corp, GIDC Naroda, Ahmedabad, Gujarat - 382330",Not Declared,Rs. 356.00 (Incl. of all taxes),05/2026,Email: care@navrang.com | Ph: 1800-932-9623,India,NON-COMPLIANT,Rule 6(1)(c): Net quantity declaration absent,2026-07-12 04:53:36,83%
LMC-01239,Cold Pressed Mustard Oil 200 ml,Edible Oils,"Navrang Agro Commodities Corp, GIDC Naroda, Ahmedabad, Gujarat - 382330",200 ml,Not Declared,08/2026,Email: care@navrang.com | Ph: 1800-376-2953,India,NON-COMPLIANT,Rule 6(1)(da): Maximum Retail Price (MRP) declaration absent,2026-08-23 12:18:36,76%
LMC-01240,Standardized Tonned Milk 50 g,Dairy Products,"Surya Packaged Commodities LLP, Industrial Growth Centre, Mandideep, Bhopal, MP - 462046",50 g,Rs. 868.00 (Incl. of all taxes),01/2026,Email: care@surya.com | Ph: 1800-958-1729,India,COMPLIANT,None (Fully Compliant with Rule 6),2026-07-21 14:29:36,90%
LMC-01241,Green Tea Lemon Honey Bags 100 g,Tea & Coffee,"Kaveri Spices & Naturals, 14/B, Spice Park, Puttady, Idukki, Kerala - 685551",100 g,Rs. 225.00 (Incl. of all taxes),06/2026,Email: care@kaveri.com | Ph: 1800-265-9348,India,COMPLIANT,None (Fully Compliant with Rule 6),2026-08-08 20:17:36,88%
LMC-01242,Bourbon Chocolate Cream Biscuits 400 g,Biscuits & Cookies,"Navrang Agro Commodities Corp, GIDC Naroda, Ahmedabad, Gujarat - 382330",400 g,Rs. 224.00,04/2026,Email: care@navrang.com | Ph: 1800-742-4937,India,NON-COMPLIANT,Rule 6(1)(da): Missing 'Inclusive of all taxes' declaration with MRP,2026-07-11 04:45:36,78%
LMC-01243,Coriander Dhania Powder 200 g,Spices & Condiments,"Navrang Agro Commodities Corp, GIDC Naroda, Ahmedabad, Gujarat - 382330",200 g,Rs. 91.00 (Incl. of all taxes),01/2026,Email: care@navrang.com | Ph: 1800-280-5509,India,COMPLIANT,None (Fully Compliant with Rule 6),2026-08-01 12:02:36,91%
LMC-01244,Dark Silk Chocolate Bar 500 g,Chocolates & Confectionery,"Pristine Foods & Agro Ltd, Phase 2, Peenya Industrial Area, Bengaluru, Karnataka - 560058",500 gms,Rs. 880.00 (Incl. of all taxes),01/2026,Email: care@pristine.com | Ph: 1800-849-7359,India,NEEDS REVIEW,Rule 6(1)(c): Non-standard unit abbreviation used ('gms' / 'gm' instead of standard 'g'),2026-07-17 13:27:36,63%
LMC-01245,Darjeeling Whole Leaf Black Tea 200 g,Tea & Coffee,"Surya Packaged Commodities LLP, Industrial Growth Centre, Mandideep, Bhopal, MP - 462046",200 g,Rs. 361.00 (Incl. of all taxes),06/2026,Email: care@surya.com | Ph: 1800-400-4933,Imported (Origin: Sri Lanka),COMPLIANT,None (Fully Compliant with Rule 6),2026-07-18 14:29:36,97%
LMC-01246,Sterilized Flavoured Milk 250 g,Dairy Products,"Himalayan Organic Ventures, SIDCUL Industrial Estate, Pantnagar, Uttarakhand - 263153",250 g,Rs. 233.00 (Incl. of all taxes),02/2026,Email: care@himalayan.com | Ph: 1800-980-2204,India,COMPLIANT,None (Fully Compliant with Rule 6),2026-07-08 01:34:36,90%
LMC-01247,Roasted Almond Milk Bar 250 g,Chocolates & Confectionery,"Pristine Foods & Agro Ltd, Phase 2, Peenya Industrial Area, Bengaluru, Karnataka - 560058",Not Declared,Rs. 773.00 (Incl. of all taxes),03/2026,Email: care@pristine.com | Ph: 1800-549-8654,India,NON-COMPLIANT,Rule 6(1)(c): Net quantity declaration absent,2026-07-08 03:34:36,87%
LMC-01248,Diet Murmura Mix 50 g,Snacks & Namkeen,"Himalayan Organic Ventures, SIDCUL Industrial Estate, Pantnagar, Uttarakhand - 263153",50 g,Rs. 153.00,05/2026,Email: care@himalayan.com | Ph: 1800-685-3522,Not Declared,NON-COMPLIANT,Rule 6(1)(n): Missing Country of Origin declaration; Rule 6(1)(da): Missing 'Inclusive of all taxes' declaration with MRP,2026-07-05 18:05:36,83%
LMC-01249,Spicy Aloo Bhujia 750 g,Snacks & Namkeen,"Navrang Agro Commodities Corp, GIDC Naroda, Ahmedabad, Gujarat - 382330",750 g,Rs. 49.00 (Incl. of all taxes),03/2026,Email: care@navrang.com | Ph: 1800-890-5476,India,COMPLIANT,None (Fully Compliant with Rule 6),2026-07-09 06:41:36,93%
LMC-01250,Cold Pressed Mustard Oil 500 ml,Edible Oils,"Kaveri Spices & Naturals, 14/B, Spice Park, Puttady, Idukki, Kerala - 685551",Not Declared,Rs. 552.00,07/2026,Email: care@kaveri.com | Ph: 1800-931-9698,India,NON-COMPLIANT,Rule 6(1)(da): Missing 'Inclusive of all taxes' declaration with MRP; Rule 6(1)(c): Net quantity declaration absent,2026-08-28 13:30:36,86%
LMC-01251,Marie Crisp Tea Biscuits 250 g,Biscuits & Cookies,"Ananya Consumer Goods Ltd, Plot 42, Sector 8, IMT Manesar, Gurugram, Haryana - 122050",250 g,Rs. 834.00 (Incl. of all taxes),03/2026,Email: care@ananya.com | Ph: 1800-883-3014,Imported (Origin: Sri Lanka),COMPLIANT,None (Fully Compliant with Rule 6),2026-08-11 06:00:36,94%
LMC-01252,Crispy Butter Cookies 750 g,Biscuits & Cookies,"Surya Packaged Commodities LLP, Industrial Growth Centre, Mandideep, Bhopal, MP - 462046",750 g,Rs. 938.00,06/2026,Not Declared,India,NON-COMPLIANT,Rule 6(1)(e): Complete consumer care grievance contact details missing; Rule 6(1)(da): Missing 'Inclusive of all taxes' declaration with MRP,2026-07-20 03:22:36,82%
LMC-01253,Refined Sunflower Cooking Oil 5 L,Edible Oils,"Vedic Agro Industries Pvt Ltd, Gat No. 118, Urse, Talegaon MIDC, Pune, Maharashtra - 410506",5 L,Rs. 412.00 (Incl. of all taxes),02/2026,Email: care@vedic.com | Ph: 1800-632-7835,India,COMPLIANT,None (Fully Compliant with Rule 6),2026-08-29 04:23:36,95%
LMC-01254,Mint Peppermint Lozenges 200 g,Chocolates & Confectionery,"Surya Packaged Commodities LLP, Industrial Growth Centre, Mandideep, Bhopal, MP - 462046",200 g,Rs. 311.00 (Incl. of all taxes),01/2026,Email: care@surya.com | Ph: 1800-700-7291,India,COMPLIANT,None (Fully Compliant with Rule 6),2026-08-26 03:47:36,89%
LMC-01255,Fruit Jelly Chews Pouch 400 g,Chocolates & Confectionery,"Godavari Mills & Refineries, Sy. No. 340, Autonagar, Guntur, Andhra Pradesh - 522001",400 g,Rs. 446.00 (Incl. of all taxes),07/2026,Email: care@godavari.com | Ph: 1800-684-3386,India,COMPLIANT,None (Fully Compliant with Rule 6),2026-09-01 13:06:36,97%
LMC-01256,Whole Cumin Jeera Seeds 100 g,Spices & Condiments,"Navrang Agro Commodities Corp, GIDC Naroda, Ahmedabad, Gujarat - 382330",100 g,Rs. 927.00 (Incl. of all taxes),03/2026,Email: care@navrang.com | Ph: 1800-246-6098,India,COMPLIANT,None (Fully Compliant with Rule 6),2026-07-26 06:31:36,95%
LMC-01257,Cold Pressed Mustard Oil 500 ml,Edible Oils,"Pristine Foods & Agro Ltd, Phase 2, Peenya Industrial Area, Bengaluru, Karnataka - 560058",500 ml,Rs. 286.00 (Incl. of all taxes),07/2026,Helpline: 1800-991-4399 (Email missing),India,NEEDS REVIEW,Rule 7: Font size / unit symbol ambiguous or truncated under OCR; Rule 6(1)(e): Missing consumer care email address,2026-07-21 23:27:36,64%
LMC-01258,Bourbon Chocolate Cream Biscuits 400 g,Biscuits & Cookies,"Himalayan Organic Ventures, SIDCUL Industrial Estate, Pantnagar, Uttarakhand - 263153",400 g,Rs. 29.00,Not Declared,Email: care@himalayan.com | Ph: 1800-491-5213,India,NON-COMPLIANT,Rule 6(1)(da): Missing 'Inclusive of all taxes' declaration with MRP; Rule 6(1)(d): Month and year of manufacture/packing missing,2026-08-19 17:15:36,79%
LMC-01259,Digestive High Fibre Biscuits 100 g,Biscuits & Cookies,"Kaveri Spices & Naturals, 14/B, Spice Park, Puttady, Idukki, Kerala - 685551",100 g,Rs. 26.00 (Incl. of all taxes),05/2026,Email: care@kaveri.com | Ph: 1800-752-5827,India,COMPLIANT,None (Fully Compliant with Rule 6),2026-07-09 19:25:36,95%
LMC-01260,Instant Chicory Coffee Powder 400 g,Tea & Coffee,"Himalayan Organic Ventures, SIDCUL Industrial Estate, Pantnagar, Uttarakhand - 263153",400 g,Rs. 730.00 (Incl. of all taxes),01/2026,Email: care@himalayan.com | Ph: 1800-137-1049,India,COMPLIANT,None (Fully Compliant with Rule 6),2026-08-12 13:53:36,92%
LMC-01261,Sterilized Flavoured Milk 500 g,Dairy Products,"Kaveri Spices & Naturals, 14/B, Spice Park, Puttady, Idukki, Kerala - 685551",500 g,Rs. 697.00 (Incl. of all taxes),08/2026,Email: care@kaveri.com | Ph: 1800-343-1691,India,COMPLIANT,None (Fully Compliant with Rule 6),2026-08-26 18:16:36,91%
LMC-01262,Palak Paneer Ready Curry 250 g,Ready-to-Eat,"Pristine Foods & Agro Ltd, Phase 2, Peenya Industrial Area, Bengaluru, Karnataka - 560058",250 g,Rs. 642.00,02/2026,Email: care@pristine.com | Ph: 1800-755-6171,Not Declared,NON-COMPLIANT,Rule 6(1)(n): Missing Country of Origin declaration; Rule 6(1)(da): Missing 'Inclusive of all taxes' declaration with MRP,2026-07-18 04:50:36,80%
LMC-01263,Dal Makhani Heat & Eat Meal 500 g,Ready-to-Eat,"Vedic Agro Industries Pvt Ltd, Gat No. 118, Urse, Talegaon MIDC, Pune, Maharashtra - 410506",500 g,Rs. 884.00 (Incl. of all taxes),03/2026,Email: care@vedic.com | Ph: 1800-623-8776,India,COMPLIANT,None (Fully Compliant with Rule 6),2026-07-21 02:03:36,98%
LMC-01264,Tangy Tomato Nacho Chips 100 g,Snacks & Namkeen,"Pristine Foods & Agro Ltd, Phase 2, Peenya Industrial Area, Bengaluru, Karnataka - 560058",100 g,Rs. 74.00 (Incl. of all taxes),05/2026,Email: care@pristine.com | Ph: 1800-927-7265,India,NEEDS REVIEW,Rule 7: Font size / unit symbol ambiguous or truncated under OCR,2026-08-05 22:11:36,68%
LMC-01265,Refined Groundnut Oil 750 ml,Edible Oils,"Kaveri Spices & Naturals, Idukki",750 ml,Rs. 449.00 (Incl. of all taxes),06/2026,Email: care@kaveri.com | Ph: 1800-874-1214,India,NEEDS REVIEW,Rule 6(1)(a): Physical address of manufacturer incomplete (missing PIN code/city),2026-08-18 10:59:36,79%
LMC-01266,Black Mustard Seeds 50 g,Spices & Condiments,"Ananya Consumer Goods Ltd, Plot 42, Sector 8, IMT Manesar, Gurugram, Haryana - 122050",50 g,Rs. 427.00 (Incl. of all taxes),07/2026,Email: care@ananya.com | Ph: 1800-217-6922,India,COMPLIANT,None (Fully Compliant with Rule 6),2026-08-01 13:03:36,91%
LMC-01267,Maida Refined Wheat Flour 5 kg,Atta & Flours,"Surya Packaged Commodities LLP, Industrial Growth Centre, Mandideep, Bhopal, MP - 462046",5 kg,Rs. 143.00 (Incl. of all taxes),08/2026,Email: care@surya.com | Ph: 1800-459-5366,India,COMPLIANT,None (Fully Compliant with Rule 6),2026-07-17 18:22:36,95%
LMC-01268,Rava Upma Breakfast Mix 50 g,Ready-to-Eat,"Ananya Consumer Goods Ltd, Plot 42, Sector 8, IMT Manesar, Gurugram, Haryana - 122050",50 g,Rs. 772.00 (Incl. of all taxes),01/2026,Email: care@ananya.com | Ph: 1800-288-7193,India,COMPLIANT,None (Fully Compliant with Rule 6),2026-07-14 16:45:36,98%
LMC-01269,Instant Chicory Coffee Powder 400 g,Tea & Coffee,"Himalayan Organic Ventures, SIDCUL Industrial Estate, Pantnagar, Uttarakhand - 263153",Not Declared,Rs. 434.00 (Incl. of all taxes),Not Declared,Email: care@himalayan.com | Ph: 1800-155-1006,India,NON-COMPLIANT,Rule 6(1)(c): Net quantity declaration absent; Rule 6(1)(d): Month and year of manufacture/packing missing,2026-08-09 19:23:36,91%
LMC-01270,Palak Paneer Ready Curry 500 g,Ready-to-Eat,"Pristine Foods & Agro Ltd, Phase 2, Peenya Industrial Area, Bengaluru, Karnataka - 560058",Not Declared,Not Declared,07/2026,Email: care@pristine.com | Ph: 1800-995-2409,India,NON-COMPLIANT,Rule 6(1)(da): Maximum Retail Price (MRP) declaration absent; Rule 6(1)(c): Net quantity declaration absent,2026-08-18 17:42:36,85%
LMC-01271,Premium Assam CTC Tea 100 g,Tea & Coffee,"Godavari Mills & Refineries, Sy. No. 340, Autonagar, Guntur, Andhra Pradesh - 522001",100 g,Rs. 467.00 (Incl. of all taxes),Not Declared,Not Declared,India,NON-COMPLIANT,Rule 6(1)(e): Complete consumer care grievance contact details missing; Rule 6(1)(d): Month and year of manufacture/packing missing,2026-07-23 20:07:36,80%
LMC-01272,Whole Cumin Jeera Seeds 750 g,Spices & Condiments,"Kaveri Spices & Naturals, 14/B, Spice Park, Puttady, Idukki, Kerala - 685551",750 g,Rs. 264.00 (Incl. of all taxes),05/2026,Email: care@kaveri.com | Ph: 1800-122-9418,India,COMPLIANT,None (Fully Compliant with Rule 6),2026-08-01 14:21:36,92%
LMC-01273,Premium Assam CTC Tea 500 g,Tea & Coffee,"Navrang Agro Commodities Corp, GIDC Naroda, Ahmedabad, Gujarat - 382330",500 g,Rs. 98.00 (Incl. of all taxes),07/2026,Email: care@navrang.com | Ph: 1800-713-5911,India,COMPLIANT,None (Fully Compliant with Rule 6),2026-08-23 02:10:36,98%
LMC-01274,Roasted Almond Milk Bar 200 g,Chocolates & Confectionery,"Ananya Consumer Goods Ltd, Plot 42, Sector 8, IMT Manesar, Gurugram, Haryana - 122050",Not Declared,Rs. 889.00 (Incl. of all taxes),05/2026,Not Declared,India,NON-COMPLIANT,Rule 6(1)(c): Net quantity declaration absent; Rule 6(1)(e): Complete consumer care grievance contact details missing,2026-08-05 21:55:36,87%
LMC-01275,Darjeeling Whole Leaf Black Tea 750 g,Tea & Coffee,"Navrang Agro Commodities Corp, GIDC Naroda, Ahmedabad, Gujarat - 382330",750 g,Rs. 89.00,08/2026,Email: care@navrang.com | Ph: 1800-451-7247,India,NON-COMPLIANT,Rule 6(1)(da): Maximum Retail Price (MRP) declaration absent; Rule 6(1)(da): Missing 'Inclusive of all taxes' declaration with MRP,2026-07-15 19:17:36,96%
LMC-01276,Green Tea Lemon Honey Bags 250 g,Tea & Coffee,"Navrang Agro Commodities Corp, GIDC Naroda, Ahmedabad, Gujarat - 382330",250 g,Rs. 761.00 (Incl. of all taxes),02/2026,Email: care@navrang.com | Ph: 1800-442-4493,India,COMPLIANT,None (Fully Compliant with Rule 6),2026-08-30 00:53:36,88%
LMC-01277,Instant Chicory Coffee Powder 400 g,Tea & Coffee,"Surya Packaged Commodities LLP, Industrial Growth Centre, Mandideep, Bhopal, MP - 462046",400 g,Rs. 654.00 (Incl. of all taxes),05/2026,Email: care@surya.com | Ph: 1800-769-1000,India,COMPLIANT,None (Fully Compliant with Rule 6),2026-08-21 13:35:36,95%
LMC-01278,Ragi Millet Flour 10 kg,Atta & Flours,Not Declared,10 kg,Rs. 797.00 (Incl. of all taxes),08/2026,Not Declared,India,NON-COMPLIANT,Rule 6(1)(e): Complete consumer care grievance contact details missing; Rule 6(1)(a): Manufacturer/packer declaration entirely missing,2026-08-20 23:07:36,84%
LMC-01279,Kashmiri Degi Mirch Powder 100 g,Spices & Condiments,"Navrang Agro Commodities Corp, GIDC Naroda, Ahmedabad, Gujarat - 382330",Not Declared,Rs. 147.00,01/2026,Email: care@navrang.com | Ph: 1800-339-9549,India,NON-COMPLIANT,Rule 6(1)(c): Net quantity declaration absent; Rule 6(1)(da): Missing 'Inclusive of all taxes' declaration with MRP,2026-08-24 00:27:36,82%
LMC-01280,Instant Chicory Coffee Powder 50 g,Tea & Coffee,"Surya Packaged Commodities LLP, Industrial Growth Centre, Mandideep, Bhopal, MP - 462046",50 g,Rs. 617.00 (Incl. of all taxes),03/2026,Email: care@surya.com | Ph: 1800-611-1150,India,NEEDS REVIEW,Rule 6(1)(c): Non-standard unit abbreviation used ('ML' / 'ltr' instead of 'ml' / 'L'),2026-07-16 15:23:36,81%
LMC-01281,Chakki Fresh Pure Atta 2 kg,Atta & Flours,"Ananya Consumer Goods Ltd, Plot 42, Sector 8, IMT Manesar, Gurugram, Haryana - 122050",2 kg,Rs. 294.00 (Incl. of all taxes),01/2026,Email: care@ananya.com | Ph: 1800-278-4498,India,COMPLIANT,None (Fully Compliant with Rule 6),2026-07-05 05:00:36,90%
LMC-01282,Marie Crisp Tea Biscuits 250 g,Biscuits & Cookies,"Himalayan Organic Ventures, SIDCUL Industrial Estate, Pantnagar, Uttarakhand - 263153",Not Declared,Rs. 904.00 (Incl. of all taxes),07/2026,Not Declared,India,NON-COMPLIANT,Rule 6(1)(c): Net quantity declaration absent; Rule 6(1)(e): Complete consumer care grievance contact details missing,2026-08-24 15:48:36,95%
LMC-01283,Bourbon Chocolate Cream Biscuits 400 g,Biscuits & Cookies,"Navrang Agro Commodities Corp, GIDC Naroda, Ahmedabad, Gujarat - 382330",400 g,Rs. 262.00 (Incl. of all taxes),05/2026,Email: care@navrang.com | Ph: 1800-525-8656,India,NEEDS REVIEW,Rule 6(1)(c): Non-standard unit abbreviation used ('ML' / 'ltr' instead of 'ml' / 'L'),2026-07-07 15:53:36,78%
LMC-01284,Masala Potato Wafers 50 g,Snacks & Namkeen,"Vedic Agro Industries Pvt Ltd, Gat No. 118, Urse, Talegaon MIDC, Pune, Maharashtra - 410506",50 g,Rs. 800.00 (Incl. of all taxes),06/2026,Not Declared,India,NON-COMPLIANT,Rule 6(1)(e): Complete consumer care grievance contact details missing,2026-08-22 19:31:36,76%
LMC-01285,Marie Crisp Tea Biscuits 250 g,Biscuits & Cookies,"Vedic Agro Industries Pvt Ltd, Gat No. 118, Urse, Talegaon MIDC, Pune, Maharashtra - 410506",250 g,Rs. 656.00 (Incl. of all taxes),06/2026,Not Declared,India,NON-COMPLIANT,Rule 6(1)(e): Complete consumer care grievance contact details missing,2026-08-11 10:13:36,77%
LMC-01286,Mixed Fruit Orchard Blend 5 L,Beverages & Juices,"Kaveri Spices & Naturals, 14/B, Spice Park, Puttady, Idukki, Kerala - 685551",5 L,Rs. 55.00 (Incl. of all taxes),06/2026,Email: care@kaveri.com | Ph: 1800-827-6819,India,COMPLIANT,None (Fully Compliant with Rule 6),2026-08-04 00:19:36,90%
LMC-01287,Premium Assam CTC Tea 50 g,Tea & Coffee,"Navrang Agro Commodities Corp, GIDC Naroda, Ahmedabad, Gujarat - 382330",50 g,Rs. 929.00 (Incl. of all taxes),03/2026,Email: care@navrang.com | Ph: 1800-548-7898,India,COMPLIANT,None (Fully Compliant with Rule 6),2026-08-03 20:28:36,97%
LMC-01288,Greek Style Plain Yogurt 250 g,Dairy Products,"Ananya Consumer Goods Ltd, Plot 42, Sector 8, IMT Manesar, Gurugram, Haryana - 122050",250 g,Rs. 399.00,05/2026,Email: care@ananya.com | Ph: 1800-560-6813,India,NON-COMPLIANT,Rule 6(1)(da): Missing 'Inclusive of all taxes' declaration with MRP,2026-08-01 02:10:36,79%
LMC-01289,Lemon Iced Tea Concentrate 750 ml,Beverages & Juices,"Himalayan Organic Ventures, SIDCUL Industrial Estate, Pantnagar, Uttarakhand - 263153",750 ml,Rs. 477.00 (Incl. of all taxes),06/2026,Email: care@himalayan.com | Ph: 1800-715-7352,India,COMPLIANT,None (Fully Compliant with Rule 6),2026-07-22 14:09:36,90%
LMC-01290,Fruit Jelly Chews Pouch 200 g,Chocolates & Confectionery,"Vedic Agro Industries Pvt Ltd, Gat No. 118, Urse, Talegaon MIDC, Pune, Maharashtra - 410506",200 g,Rs. 377.00 (Incl. of all taxes),03/2026,Email: care@vedic.com | Ph: 1800-744-2186,Not Declared,NON-COMPLIANT,Rule 6(1)(n): Missing Country of Origin declaration,2026-08-13 07:42:36,85%
LMC-01291,Tender Coconut Water Drink 250 ml,Beverages & Juices,"Godavari Mills & Refineries, Sy. No. 340, Autonagar, Guntur, Andhra Pradesh - 522001",250 ml,Rs. 229.00 (Incl. of all taxes),05/2026,Email: care@godavari.com | Ph: 1800-553-9228,India,COMPLIANT,None (Fully Compliant with Rule 6),2026-07-29 04:48:36,96%
LMC-01292,Diet Murmura Mix 250 g,Snacks & Namkeen,"Kaveri Spices & Naturals, 14/B, Spice Park, Puttady, Idukki, Kerala - 685551",250 gms,Rs. 265.00 (Incl. of all taxes),07/2026,Helpline: 1800-625-4491 (Email missing),India,NEEDS REVIEW,Rule 6(1)(e): Missing consumer care email address; Rule 6(1)(c): Non-standard unit abbreviation used ('gms' / 'gm' instead of standard 'g'),2026-07-07 03:33:36,74%
LMC-01293,Pure Sesame Gingelly Oil 1 L,Edible Oils,"Pristine Foods & Agro Ltd, Phase 2, Peenya Industrial Area, Bengaluru, Karnataka - 560058",1 L,Not Declared,01/2026,Email: care@pristine.com | Ph: 1800-330-3225,India,NON-COMPLIANT,Rule 6(1)(da): Maximum Retail Price (MRP) declaration absent,2026-07-16 05:28:36,75%
LMC-01294,Cold Pressed Mustard Oil 5 L,Edible Oils,"Navrang Agro Commodities Corp, GIDC Naroda, Ahmedabad, Gujarat - 382330",5 L,Rs. 496.00 (Incl. of all taxes),06/2026,Email: care@navrang.com | Ph: 1800-277-3464,India,COMPLIANT,None (Fully Compliant with Rule 6),2026-08-13 03:17:36,96%
LMC-01295,Sharbati Whole Wheat Atta 2 kg,Atta & Flours,"Navrang Agro Commodities Corp, GIDC Naroda, Ahmedabad, Gujarat - 382330",2 kg,Rs. 647.00 (Incl. of all taxes),05/2026,Email: care@navrang.com | Ph: 1800-763-7213,India,COMPLIANT,None (Fully Compliant with Rule 6),2026-07-15 03:30:36,90%
LMC-01296,Pure Sesame Gingelly Oil 500 ml,Edible Oils,"Vedic Agro Industries Pvt Ltd, Pune",500 ml,Rs. 592.00 (Incl. of all taxes),03/2026,Email: care@vedic.com | Ph: 1800-125-7990,India,NEEDS REVIEW,Rule 6(1)(a): Physical address of manufacturer incomplete (missing PIN code/city),2026-07-29 18:32:36,82%
LMC-01297,Mint Peppermint Lozenges 500 g,Chocolates & Confectionery,"Himalayan Organic Ventures, SIDCUL Industrial Estate, Pantnagar, Uttarakhand - 263153",500 g,Rs. 121.00 (Incl. of all taxes),07/2026,Email: care@himalayan.com | Ph: 1800-452-6344,India,COMPLIANT,None (Fully Compliant with Rule 6),2026-09-02 08:30:36,97%
LMC-01298,Mint Peppermint Lozenges 750 g,Chocolates & Confectionery,"Surya Packaged Commodities LLP, Bhopal",750 gms,Rs. 589.00 (Incl. of all taxes),01/2026,Email: care@surya.com | Ph: 1800-703-6850,India,NEEDS REVIEW,Rule 6(1)(c): Non-standard unit abbreviation used ('gms' / 'gm' instead of standard 'g'); Rule 6(1)(a): Physical address of manufacturer incomplete (missing PIN code/city),2026-08-11 14:37:36,66%
LMC-01299,Refined Sunflower Cooking Oil 200 ml,Edible Oils,"Pristine Foods & Agro Ltd, Phase 2, Peenya Industrial Area, Bengaluru, Karnataka - 560058",200 ml,Rs. 746.00 (Incl. of all taxes),08/2026,Email: care@pristine.com | Ph: 1800-408-2398,India,COMPLIANT,None (Fully Compliant with Rule 6),2026-07-14 20:54:36,93%
LMC-01300,Salted Table Butter 750 g,Dairy Products,"Navrang Agro Commodities Corp, GIDC Naroda, Ahmedabad, Gujarat - 382330",750 g,Rs. 607.00 (Incl. of all taxes),02/2026,Email: care@navrang.com | Ph: 1800-663-5428,India,NEEDS REVIEW,Rule 7: Font size / unit symbol ambiguous or truncated under OCR,2026-07-24 10:42:36,68%
LMC-01301,Maida Refined Wheat Flour 1 kg,Atta & Flours,"Vedic Agro Industries Pvt Ltd, Pune",1 kgs,Rs. 893.00 (Incl. of all taxes),05/2026,Email: care@vedic.com | Ph: 1800-150-6372,India,NEEDS REVIEW,Rule 6(1)(c): Non-standard unit abbreviation used ('gms' / 'gm' instead of standard 'g'); Rule 6(1)(a): Physical address of manufacturer incomplete (missing PIN code/city),2026-08-05 00:45:36,81%
LMC-01302,Rice Flour Fine 2 kg,Atta & Flours,"Godavari Mills & Refineries, Sy. No. 340, Autonagar, Guntur, Andhra Pradesh - 522001",2 kg,Rs. 514.00 (Incl. of all taxes),06/2026,Email: care@godavari.com | Ph: 1800-996-8791,India,COMPLIANT,None (Fully Compliant with Rule 6),2026-07-09 15:02:36,91%
LMC-01303,Masala Potato Wafers 200 g,Snacks & Namkeen,"Himalayan Organic Ventures, Pantnagar",200 gms,Rs. 749.00 (Incl. of all taxes),02/2026,Email: care@himalayan.com | Ph: 1800-948-4957,India,NEEDS REVIEW,Rule 6(1)(c): Non-standard unit abbreviation used ('gms' / 'gm' instead of standard 'g'); Rule 6(1)(a): Physical address of manufacturer incomplete (missing PIN code/city),2026-08-04 03:23:36,80%
LMC-01304,Royal Garam Masala Blend 200 g,Spices & Condiments,"Navrang Agro Commodities Corp, GIDC Naroda, Ahmedabad, Gujarat - 382330",200 g,Rs. 493.00 (Incl. of all taxes),02/2026,Not Declared,India,NON-COMPLIANT,Rule 6(1)(e): Complete consumer care grievance contact details missing,2026-08-03 18:20:36,95%
LMC-01305,Pure Malai Paneer 100 g,Dairy Products,"Pristine Foods & Agro Ltd, Phase 2, Peenya Industrial Area, Bengaluru, Karnataka - 560058",100 g,Rs. 664.00 (Incl. of all taxes),05/2026,Email: care@pristine.com | Ph: 1800-202-2807,India,COMPLIANT,None (Fully Compliant with Rule 6),2026-07-22 13:08:36,99%
LMC-01306,Standardized Tonned Milk 200 g,Dairy Products,"Surya Packaged Commodities LLP, Industrial Growth Centre, Mandideep, Bhopal, MP - 462046",200 g,Rs. 762.00 (Incl. of all taxes),02/2026,Email: care@surya.com | Ph: 1800-812-9463,India,COMPLIANT,None (Fully Compliant with Rule 6),2026-08-19 19:02:36,93%
LMC-01307,Salted Table Butter 250 g,Dairy Products,"Surya Packaged Commodities LLP, Industrial Growth Centre, Mandideep, Bhopal, MP - 462046",250 g,Rs. 730.00 (Incl. of all taxes),01/2026,Not Declared,India,NON-COMPLIANT,Rule 6(1)(e): Complete consumer care grievance contact details missing,2026-08-05 11:15:36,86%
LMC-01308,Multigrain Fibre Atta 2 kg,Atta & Flours,"Ananya Consumer Goods Ltd, Plot 42, Sector 8, IMT Manesar, Gurugram, Haryana - 122050",2 kg,Not Declared,07/2026,Email: care@ananya.com | Ph: 1800-991-3072,India,NON-COMPLIANT,Rule 6(1)(da): Maximum Retail Price (MRP) declaration absent,2026-07-09 15:20:36,89%
LMC-01309,Kashmiri Degi Mirch Powder 250 g,Spices & Condiments,"Godavari Mills & Refineries, Sy. No. 340, Autonagar, Guntur, Andhra Pradesh - 522001",250 g,Rs. 269.00 (Incl. of all taxes),01/2026,Email: care@godavari.com | Ph: 1800-970-1007,India,COMPLIANT,None (Fully Compliant with Rule 6),2026-08-12 20:59:36,88%
LMC-01310,Mixed Fruit Orchard Blend 1 L,Beverages & Juices,"Ananya Consumer Goods Ltd, Plot 42, Sector 8, IMT Manesar, Gurugram, Haryana - 122050",1 L,Rs. 907.00 (Incl. of all taxes),03/2026,Email: care@ananya.com | Ph: 1800-563-4266,India,COMPLIANT,None (Fully Compliant with Rule 6),2026-08-11 16:10:36,99%
LMC-01311,Salted Crackers 400 g,Biscuits & Cookies,"Navrang Agro Commodities Corp, Ahmedabad",400 g,Rs. 947.00 (Incl. of all taxes),03/2026,Helpline: 1800-816-4248 (Email missing),India,NEEDS REVIEW,Rule 6(1)(e): Missing consumer care email address; Rule 6(1)(a): Physical address of manufacturer incomplete (missing PIN code/city),2026-08-15 10:26:36,74%
LMC-01312,Rice Flour Fine 1 kg,Atta & Flours,"Kaveri Spices & Naturals, 14/B, Spice Park, Puttady, Idukki, Kerala - 685551",Not Declared,Not Declared,02/2026,Email: care@kaveri.com | Ph: 1800-419-9687,India,NON-COMPLIANT,Rule 6(1)(da): Maximum Retail Price (MRP) declaration absent; Rule 6(1)(c): Net quantity declaration absent,2026-07-06 04:18:36,90%
LMC-01313,Alphonso Mango Nectar 1 L,Beverages & Juices,Not Declared,1 L,Rs. 386.00 (Incl. of all taxes),Not Declared,Email: care@kaveri.com | Ph: 1800-511-1823,India,NON-COMPLIANT,Rule 6(1)(a): Manufacturer/packer declaration entirely missing; Rule 6(1)(d): Month and year of manufacture/packing missing,2026-07-27 14:24:36,89%
LMC-01314,Refined Groundnut Oil 2 L,Edible Oils,Not Declared,2 L,Rs. 417.00 (Incl. of all taxes),01/2026,Email: care@ananya.com | Ph: 1800-915-1024,India,NON-COMPLIANT,Rule 6(1)(a): Manufacturer/packer declaration entirely missing,2026-08-18 15:59:36,76%
LMC-01315,Almond Cashew Shortbread 100 g,Biscuits & Cookies,"Navrang Agro Commodities Corp, GIDC Naroda, Ahmedabad, Gujarat - 382330",100 g,Rs. 248.00 (Incl. of all taxes),07/2026,Not Declared,Not Declared,NON-COMPLIANT,Rule 6(1)(e): Complete consumer care grievance contact details missing; Rule 6(1)(n): Missing Country of Origin declaration,2026-08-24 06:25:36,85%
LMC-01316,Salted Crackers 750 g,Biscuits & Cookies,"Godavari Mills & Refineries, Sy. No. 340, Autonagar, Guntur, Andhra Pradesh - 522001",750 g,Rs. 700.00 (Incl. of all taxes),03/2026,Email: care@godavari.com | Ph: 1800-417-7918,India,COMPLIANT,None (Fully Compliant with Rule 6),2026-07-17 23:27:36,99%
LMC-01317,Roasted Almond Milk Bar 500 g,Chocolates & Confectionery,"Himalayan Organic Ventures, SIDCUL Industrial Estate, Pantnagar, Uttarakhand - 263153",500 g,Rs. 455.00 (Incl. of all taxes),02/2026,Helpline: 1800-499-5325 (Email missing),India,NEEDS REVIEW,Rule 6(1)(e): Missing consumer care email address; Rule 7: Font size / unit symbol ambiguous or truncated under OCR,2026-08-30 18:50:36,62%
LMC-01318,Roasted Almond Milk Bar 200 g,Chocolates & Confectionery,"Pristine Foods & Agro Ltd, Phase 2, Peenya Industrial Area, Bengaluru, Karnataka - 560058",200 g,Rs. 673.00 (Incl. of all taxes),04/2026,Email: care@pristine.com | Ph: 1800-781-4856,Not Declared,NON-COMPLIANT,Rule 6(1)(n): Missing Country of Origin declaration,2026-07-06 04:54:36,82%
LMC-01319,Kashmiri Degi Mirch Powder 250 g,Spices & Condiments,"Ananya Consumer Goods Ltd, Plot 42, Sector 8, IMT Manesar, Gurugram, Haryana - 122050",250 g,Rs. 31.00 (Incl. of all taxes),06/2026,Email: care@ananya.com | Ph: 1800-670-1474,India,COMPLIANT,None (Fully Compliant with Rule 6),2026-08-19 21:49:36,92%
LMC-01320,Green Tea Lemon Honey Bags 250 g,Tea & Coffee,"Vedic Agro Industries Pvt Ltd, Gat No. 118, Urse, Talegaon MIDC, Pune, Maharashtra - 410506",250 g,Rs. 691.00 (Incl. of all taxes),03/2026,Email: care@vedic.com | Ph: 1800-254-4822,India,COMPLIANT,None (Fully Compliant with Rule 6),2026-08-05 14:06:36,97%
LMC-01321,Gulab Jamun Instant Mix 250 g,Ready-to-Eat,"Surya Packaged Commodities LLP, Industrial Growth Centre, Mandideep, Bhopal, MP - 462046",250 g,Rs. 147.00 (Incl. of all taxes),07/2026,Email: care@surya.com | Ph: 1800-388-3683,Not Declared,NON-COMPLIANT,Rule 6(1)(n): Missing Country of Origin declaration,2026-07-05 23:04:36,83%
LMC-01322,Blended Edible Vegetable Oil 200 ml,Edible Oils,"Ananya Consumer Goods Ltd, Plot 42, Sector 8, IMT Manesar, Gurugram, Haryana - 122050",200 ml,Rs. 917.00 (Incl. of all taxes),06/2026,Email: care@ananya.com | Ph: 1800-608-1247,India,COMPLIANT,None (Fully Compliant with Rule 6),2026-07-29 20:53:36,95%
LMC-01323,Instant Masala Noodles 750 g,Ready-to-Eat,"Kaveri Spices & Naturals, 14/B, Spice Park, Puttady, Idukki, Kerala - 685551",750 g,Rs. 525.00 (Incl. of all taxes),07/2026,Email: care@kaveri.com | Ph: 1800-459-8742,India,COMPLIANT,None (Fully Compliant with Rule 6),2026-07-18 18:35:36,91%
LMC-01324,Khatta Meetha Mixture 200 g,Snacks & Namkeen,"Vedic Agro Industries Pvt Ltd, Gat No. 118, Urse, Talegaon MIDC, Pune, Maharashtra - 410506",200 g,Rs. 916.00 (Incl. of all taxes),06/2026,Not Declared,Imported (Origin: Sri Lanka),NON-COMPLIANT,Rule 6(1)(e): Complete consumer care grievance contact details missing,2026-09-01 15:01:36,95%
LMC-01325,Dark Silk Chocolate Bar 100 g,Chocolates & Confectionery,Not Declared,Not Declared,Rs. 869.00 (Incl. of all taxes),06/2026,Email: care@ananya.com | Ph: 1800-970-4458,India,NON-COMPLIANT,Rule 6(1)(c): Net quantity declaration absent; Rule 6(1)(a): Manufacturer/packer declaration entirely missing,2026-08-03 01:23:36,85%
LMC-01326,Premium Assam CTC Tea 750 g,Tea & Coffee,"Ananya Consumer Goods Ltd, Plot 42, Sector 8, IMT Manesar, Gurugram, Haryana - 122050",750 g,Rs. 27.00 (Incl. of all taxes),02/2026,Email: care@ananya.com | Ph: 1800-317-2411,India,COMPLIANT,None (Fully Compliant with Rule 6),2026-07-07 20:25:36,88%
LMC-01327,Crunchy Moong Dal Namkeen 250 g,Snacks & Namkeen,"Kaveri Spices & Naturals, 14/B, Spice Park, Puttady, Idukki, Kerala - 685551",250 g,Rs. 447.00 (Incl. of all taxes),03/2026,Email: care@kaveri.com | Ph: 1800-996-1217,India,COMPLIANT,None (Fully Compliant with Rule 6),2026-07-13 01:21:36,99%
LMC-01328,Pure Sesame Gingelly Oil 200 ml,Edible Oils,"Pristine Foods & Agro Ltd, Phase 2, Peenya Industrial Area, Bengaluru, Karnataka - 560058",200 ml,Rs. 466.00 (Incl. of all taxes),06/2026,Email: care@pristine.com | Ph: 1800-645-7961,India,COMPLIANT,None (Fully Compliant with Rule 6),2026-07-24 16:20:36,97%
LMC-01329,Pure Sesame Gingelly Oil 750 ml,Edible Oils,"Navrang Agro Commodities Corp, GIDC Naroda, Ahmedabad, Gujarat - 382330",750 ml,Rs. 639.00 (Incl. of all taxes),04/2026,Email: care@navrang.com | Ph: 1800-111-3987,India,NEEDS REVIEW,Rule 7: Font size / unit symbol ambiguous or truncated under OCR; Rule 6(1)(c): Non-standard unit abbreviation used ('gms' / 'gm' instead of standard 'g'),2026-08-09 15:05:36,60%
LMC-01330,Kashmiri Degi Mirch Powder 750 g,Spices & Condiments,"Kaveri Spices & Naturals, 14/B, Spice Park, Puttady, Idukki, Kerala - 685551",750 g,Rs. 565.00 (Incl. of all taxes),03/2026,Email: care@kaveri.com | Ph: 1800-497-3524,India,COMPLIANT,None (Fully Compliant with Rule 6),2026-07-16 02:23:36,95%
LMC-01331,Blended Edible Vegetable Oil 100 ml,Edible Oils,"Kaveri Spices & Naturals, 14/B, Spice Park, Puttady, Idukki, Kerala - 685551",100 ml,Not Declared,Not Declared,Email: care@kaveri.com | Ph: 1800-309-9408,India,NON-COMPLIANT,Rule 6(1)(d): Month and year of manufacture/packing missing; Rule 6(1)(da): Maximum Retail Price (MRP) declaration absent,2026-08-11 04:44:36,95%
LMC-01332,Caramel Toffee Pouch 50 g,Chocolates & Confectionery,"Surya Packaged Commodities LLP, Industrial Growth Centre, Mandideep, Bhopal, MP - 462046",50 g,Rs. 638.00 (Incl. of all taxes),07/2026,Email: care@surya.com | Ph: 1800-945-1535,India,COMPLIANT,None (Fully Compliant with Rule 6),2026-08-03 22:06:36,91%
LMC-01333,Rice Flour Fine 10 kg,Atta & Flours,"Kaveri Spices & Naturals, 14/B, Spice Park, Puttady, Idukki, Kerala - 685551",10 kg,Not Declared,05/2026,Email: care@kaveri.com | Ph: 1800-942-2896,Not Declared,NON-COMPLIANT,Rule 6(1)(da): Maximum Retail Price (MRP) declaration absent; Rule 6(1)(n): Missing Country of Origin declaration,2026-08-04 23:07:36,78%
LMC-01334,Bourbon Chocolate Cream Biscuits 50 g,Biscuits & Cookies,"Pristine Foods & Agro Ltd, Phase 2, Peenya Industrial Area, Bengaluru, Karnataka - 560058",50 g,Rs. 574.00 (Incl. of all taxes),06/2026,Email: care@pristine.com | Ph: 1800-354-4874,Not Declared,NON-COMPLIANT,Rule 6(1)(n): Missing Country of Origin declaration,2026-08-07 08:50:36,75%
LMC-01335,Dark Silk Chocolate Bar 50 g,Chocolates & Confectionery,"Ananya Consumer Goods Ltd, Plot 42, Sector 8, IMT Manesar, Gurugram, Haryana - 122050",50 g,Not Declared,06/2026,Email: care@ananya.com | Ph: 1800-232-5970,Imported (Origin: Sri Lanka),NON-COMPLIANT,Rule 6(1)(da): Maximum Retail Price (MRP) declaration absent,2026-07-19 15:58:36,88%
LMC-01336,Alphonso Mango Nectar 5 L,Beverages & Juices,"Pristine Foods & Agro Ltd, Phase 2, Peenya Industrial Area, Bengaluru, Karnataka - 560058",5 L,Rs. 305.00 (Incl. of all taxes),06/2026,Email: care@pristine.com | Ph: 1800-296-5345,India,COMPLIANT,None (Fully Compliant with Rule 6),2026-08-06 00:38:36,90%
LMC-01337,Dark Silk Chocolate Bar 200 g,Chocolates & Confectionery,"Surya Packaged Commodities LLP, Industrial Growth Centre, Mandideep, Bhopal, MP - 462046",200 g,Rs. 692.00 (Incl. of all taxes),03/2026,Email: care@surya.com | Ph: 1800-586-4677,India,COMPLIANT,None (Fully Compliant with Rule 6),2026-07-16 09:13:36,95%
LMC-01338,Roasted Salted Makhana 50 g,Snacks & Namkeen,"Surya Packaged Commodities LLP, Industrial Growth Centre, Mandideep, Bhopal, MP - 462046",50 g,Rs. 656.00 (Incl. of all taxes),04/2026,Email: care@surya.com | Ph: 1800-720-4104,India,COMPLIANT,None (Fully Compliant with Rule 6),2026-07-29 16:57:36,91%
LMC-01339,Chakki Fresh Pure Atta 10 kg,Atta & Flours,Not Declared,10 kg,Rs. 748.00 (Incl. of all taxes),08/2026,Email: care@pristine.com | Ph: 1800-192-6881,India,NON-COMPLIANT,Rule 6(1)(a): Manufacturer/packer declaration entirely missing,2026-08-29 03:09:36,81%
LMC-01340,Sharbati Whole Wheat Atta 10 kg,Atta & Flours,"Himalayan Organic Ventures, SIDCUL Industrial Estate, Pantnagar, Uttarakhand - 263153",10 kg,Rs. 583.00 (Incl. of all taxes),03/2026,Email: care@himalayan.com | Ph: 1800-969-5068,India,COMPLIANT,None (Fully Compliant with Rule 6),2026-08-14 06:18:36,96%
LMC-01341,Digestive High Fibre Biscuits 500 g,Biscuits & Cookies,"Pristine Foods & Agro Ltd, Phase 2, Peenya Industrial Area, Bengaluru, Karnataka - 560058",500 g,Rs. 643.00 (Incl. of all taxes),03/2026,Email: care@pristine.com | Ph: 1800-203-2739,India,COMPLIANT,None (Fully Compliant with Rule 6),2026-07-19 08:33:36,90%
LMC-01342,Mint Peppermint Lozenges 750 g,Chocolates & Confectionery,"Pristine Foods & Agro Ltd, Phase 2, Peenya Industrial Area, Bengaluru, Karnataka - 560058",750 g,Rs. 51.00 (Incl. of all taxes),02/2026,Not Declared,Not Declared,NON-COMPLIANT,Rule 6(1)(e): Complete consumer care grievance contact details missing; Rule 6(1)(n): Missing Country of Origin declaration,2026-08-10 17:05:36,96%
LMC-01343,Salted Table Butter 400 g,Dairy Products,"Ananya Consumer Goods Ltd, Plot 42, Sector 8, IMT Manesar, Gurugram, Haryana - 122050",400 g,Rs. 946.00 (Incl. of all taxes),05/2026,Email: care@ananya.com | Ph: 1800-478-7117,Not Declared,NON-COMPLIANT,Rule 6(1)(n): Missing Country of Origin declaration,2026-08-30 16:53:36,91%
LMC-01344,Almond Cashew Shortbread 100 g,Biscuits & Cookies,"Navrang Agro Commodities Corp, GIDC Naroda, Ahmedabad, Gujarat - 382330",100 g,Rs. 635.00 (Incl. of all taxes),05/2026,Email: care@navrang.com | Ph: 1800-931-4113,India,COMPLIANT,None (Fully Compliant with Rule 6),2026-07-11 02:19:36,99%
LMC-01345,Roasted Salted Makhana 500 g,Snacks & Namkeen,"Pristine Foods & Agro Ltd, Phase 2, Peenya Industrial Area, Bengaluru, Karnataka - 560058",500 g,Rs. 656.00 (Incl. of all taxes),03/2026,Email: care@pristine.com | Ph: 1800-206-4253,India,COMPLIANT,None (Fully Compliant with Rule 6),2026-08-08 18:40:36,99%
LMC-01346,Cold Pressed Mustard Oil 250 ml,Edible Oils,"Vedic Agro Industries Pvt Ltd, Gat No. 118, Urse, Talegaon MIDC, Pune, Maharashtra - 410506",250 ml,Rs. 57.00 (Incl. of all taxes),03/2026,Email: care@vedic.com | Ph: 1800-140-7630,Imported (Origin: Sri Lanka),COMPLIANT,None (Fully Compliant with Rule 6),2026-07-28 05:23:36,99%
LMC-01347,Salted Crackers 200 g,Biscuits & Cookies,"Ananya Consumer Goods Ltd, Plot 42, Sector 8, IMT Manesar, Gurugram, Haryana - 122050",200 g,Rs. 317.00 (Incl. of all taxes),06/2026,Email: care@ananya.com | Ph: 1800-402-7056,India,COMPLIANT,None (Fully Compliant with Rule 6),2026-07-13 11:34:36,95%
LMC-01348,Blended Edible Vegetable Oil 5 L,Edible Oils,"Ananya Consumer Goods Ltd, Gurugram",5 ltr,Rs. 120.00 (Incl. of all taxes),07/2026,Email: care@ananya.com | Ph: 1800-543-7406,India,NEEDS REVIEW,Rule 6(1)(c): Non-standard unit abbreviation used ('ML' / 'ltr' instead of 'ml' / 'L'); Rule 6(1)(a): Physical address of manufacturer incomplete (missing PIN code/city),2026-07-28 19:02:36,69%
LMC-01349,Virgin Cold Pressed Coconut Oil 250 ml,Edible Oils,Not Declared,250 ml,Not Declared,02/2026,Email: care@navrang.com | Ph: 1800-150-9821,India,NON-COMPLIANT,Rule 6(1)(da): Maximum Retail Price (MRP) declaration absent; Rule 6(1)(a): Manufacturer/packer declaration entirely missing,2026-08-27 15:39:36,93%
LMC-01350,Kasuri Methi 100 g,Spices & Condiments,"Pristine Foods & Agro Ltd, Phase 2, Peenya Industrial Area, Bengaluru, Karnataka - 560058",100 g,Rs. 606.00 (Incl. of all taxes),08/2026,Email: care@pristine.com | Ph: 1800-956-8172,India,COMPLIANT,None (Fully Compliant with Rule 6),2026-08-16 08:02:36,92%
LMC-01351,Instant Masala Noodles 400 g,Ready-to-Eat,"Ananya Consumer Goods Ltd, Plot 42, Sector 8, IMT Manesar, Gurugram, Haryana - 122050",400 g,Not Declared,Not Declared,Email: care@ananya.com | Ph: 1800-927-1092,India,NON-COMPLIANT,Rule 6(1)(d): Month and year of manufacture/packing missing; Rule 6(1)(da): Maximum Retail Price (MRP) declaration absent,2026-08-10 07:17:36,92%
LMC-01352,Refined Sunflower Cooking Oil 1 L,Edible Oils,"Navrang Agro Commodities Corp, GIDC Naroda, Ahmedabad, Gujarat - 382330",1 L,Rs. 259.00 (Incl. of all taxes),05/2026,Email: care@navrang.com | Ph: 1800-177-3759,India,COMPLIANT,None (Fully Compliant with Rule 6),2026-08-12 11:15:36,92%
LMC-01353,Crunchy Moong Dal Namkeen 250 g,Snacks & Namkeen,Not Declared,250 g,Rs. 656.00 (Incl. of all taxes),04/2026,Email: care@vedic.com | Ph: 1800-524-5771,India,NON-COMPLIANT,Rule 6(1)(a): Manufacturer/packer declaration entirely missing,2026-09-02 15:43:36,93%
LMC-01354,Instant Masala Noodles 500 g,Ready-to-Eat,"Surya Packaged Commodities LLP, Industrial Growth Centre, Mandideep, Bhopal, MP - 462046",500 g,Rs. 529.00 (Incl. of all taxes),04/2026,Email: care@surya.com | Ph: 1800-425-1319,India,NEEDS REVIEW,Rule 6(1)(c): Non-standard unit abbreviation used ('ML' / 'ltr' instead of 'ml' / 'L'),2026-08-22 09:14:36,74%
LMC-01355,Whole Cumin Jeera Seeds 400 g,Spices & Condiments,"Vedic Agro Industries Pvt Ltd, Gat No. 118, Urse, Talegaon MIDC, Pune, Maharashtra - 410506",400 g,Rs. 383.00 (Incl. of all taxes),08/2026,Email: care@vedic.com | Ph: 1800-227-2317,India,COMPLIANT,None (Fully Compliant with Rule 6),2026-08-24 21:07:36,96%
LMC-01356,Pure Malai Paneer 500 g,Dairy Products,"Godavari Mills & Refineries, Sy. No. 340, Autonagar, Guntur, Andhra Pradesh - 522001",500 g,Rs. 636.00 (Incl. of all taxes),04/2026,Email: care@godavari.com | Ph: 1800-854-9417,Imported (Origin: Sri Lanka),COMPLIANT,None (Fully Compliant with Rule 6),2026-08-29 13:08:36,94%
LMC-01357,Whole Cumin Jeera Seeds 400 g,Spices & Condiments,"Ananya Consumer Goods Ltd, Plot 42, Sector 8, IMT Manesar, Gurugram, Haryana - 122050",400 g,Rs. 241.00 (Incl. of all taxes),02/2026,Email: care@ananya.com | Ph: 1800-686-1072,India,COMPLIANT,None (Fully Compliant with Rule 6),2026-08-08 16:13:36,91%
LMC-01358,Sterilized Flavoured Milk 200 g,Dairy Products,Not Declared,200 g,Rs. 173.00 (Incl. of all taxes),08/2026,Email: care@navrang.com | Ph: 1800-157-2040,India,NON-COMPLIANT,Rule 6(1)(a): Manufacturer/packer declaration entirely missing,2026-08-19 11:08:36,77%
LMC-01359,Almond Cashew Shortbread 100 g,Biscuits & Cookies,Not Declared,100 g,Rs. 122.00 (Incl. of all taxes),01/2026,Email: care@surya.com | Ph: 1800-807-1224,India,NON-COMPLIANT,Rule 6(1)(a): Manufacturer/packer declaration entirely missing,2026-08-24 15:55:36,79%
LMC-01360,Rava Upma Breakfast Mix 750 g,Ready-to-Eat,"Surya Packaged Commodities LLP, Industrial Growth Centre, Mandideep, Bhopal, MP - 462046",750 g,Rs. 526.00 (Incl. of all taxes),05/2026,Email: care@surya.com | Ph: 1800-544-5989,India,COMPLIANT,None (Fully Compliant with Rule 6),2026-07-25 07:45:36,92%
LMC-01361,Sterilized Flavoured Milk 250 g,Dairy Products,"Pristine Foods & Agro Ltd, Phase 2, Peenya Industrial Area, Bengaluru, Karnataka - 560058",250 g,Rs. 684.00 (Incl. of all taxes),04/2026,Email: care@pristine.com | Ph: 1800-796-8452,India,COMPLIANT,None (Fully Compliant with Rule 6),2026-07-11 19:08:36,95%
LMC-01362,Roasted Salted Makhana 50 g,Snacks & Namkeen,"Navrang Agro Commodities Corp, GIDC Naroda, Ahmedabad, Gujarat - 382330",50 g,Rs. 682.00 (Incl. of all taxes),04/2026,Email: care@navrang.com | Ph: 1800-326-2102,India,COMPLIANT,None (Fully Compliant with Rule 6),2026-07-11 18:24:36,95%
LMC-01363,Dal Makhani Heat & Eat Meal 500 g,Ready-to-Eat,"Pristine Foods & Agro Ltd, Phase 2, Peenya Industrial Area, Bengaluru, Karnataka - 560058",500 g,Rs. 347.00 (Incl. of all taxes),06/2026,Email: care@pristine.com | Ph: 1800-918-8270,India,COMPLIANT,None (Fully Compliant with Rule 6),2026-07-22 07:45:36,93%
LMC-01364,Dark Silk Chocolate Bar 200 g,Chocolates & Confectionery,"Kaveri Spices & Naturals, 14/B, Spice Park, Puttady, Idukki, Kerala - 685551",Not Declared,Not Declared,07/2026,Email: care@kaveri.com | Ph: 1800-837-8803,India,NON-COMPLIANT,Rule 6(1)(da): Maximum Retail Price (MRP) declaration absent; Rule 6(1)(c): Net quantity declaration absent,2026-07-12 08:47:36,96%
LMC-01365,Pure Malai Paneer 50 g,Dairy Products,"Ananya Consumer Goods Ltd, Plot 42, Sector 8, IMT Manesar, Gurugram, Haryana - 122050",50 g,Rs. 775.00 (Incl. of all taxes),06/2026,Email: care@ananya.com | Ph: 1800-373-3517,India,COMPLIANT,None (Fully Compliant with Rule 6),2026-07-27 17:08:36,91%
LMC-01366,Premium Assam CTC Tea 750 g,Tea & Coffee,"Himalayan Organic Ventures, SIDCUL Industrial Estate, Pantnagar, Uttarakhand - 263153",750 g,Rs. 88.00 (Incl. of all taxes),04/2026,Email: care@himalayan.com | Ph: 1800-414-6579,India,COMPLIANT,None (Fully Compliant with Rule 6),2026-07-24 09:08:36,98%
LMC-01367,Spicy Aloo Bhujia 100 g,Snacks & Namkeen,"Navrang Agro Commodities Corp, GIDC Naroda, Ahmedabad, Gujarat - 382330",100 gms,Rs. 315.00 (Incl. of all taxes),04/2026,Email: care@navrang.com | Ph: 1800-534-5732,India,NEEDS REVIEW,Rule 6(1)(c): Non-standard unit abbreviation used ('gms' / 'gm' instead of standard 'g'),2026-07-09 06:11:36,68%
LMC-01368,Gulab Jamun Instant Mix 50 g,Ready-to-Eat,"Ananya Consumer Goods Ltd, Plot 42, Sector 8, IMT Manesar, Gurugram, Haryana - 122050",50 g,Rs. 618.00 (Incl. of all taxes),04/2026,Email: care@ananya.com | Ph: 1800-199-3652,India,COMPLIANT,None (Fully Compliant with Rule 6),2026-07-24 13:24:36,98%
LMC-01369,Organic Besan Gram Flour 1 kg,Atta & Flours,"Vedic Agro Industries Pvt Ltd, Gat No. 118, Urse, Talegaon MIDC, Pune, Maharashtra - 410506",1 kg,Rs. 467.00 (Incl. of all taxes),08/2026,Email: care@vedic.com | Ph: 1800-541-5337,India,COMPLIANT,None (Fully Compliant with Rule 6),2026-08-06 09:45:36,92%
LMC-01370,Fruit Jelly Chews Pouch 400 g,Chocolates & Confectionery,"Surya Packaged Commodities LLP, Industrial Growth Centre, Mandideep, Bhopal, MP - 462046",400 g,Rs. 638.00 (Incl. of all taxes),01/2026,Email: care@surya.com | Ph: 1800-781-2256,India,COMPLIANT,None (Fully Compliant with Rule 6),2026-08-03 15:50:36,92%
LMC-01371,Pure Malai Paneer 750 g,Dairy Products,"Vedic Agro Industries Pvt Ltd, Gat No. 118, Urse, Talegaon MIDC, Pune, Maharashtra - 410506",750 g,Rs. 932.00 (Incl. of all taxes),05/2026,Email: care@vedic.com | Ph: 1800-321-9054,India,COMPLIANT,None (Fully Compliant with Rule 6),2026-08-28 10:54:36,91%
LMC-01372,Mint Peppermint Lozenges 100 g,Chocolates & Confectionery,"Himalayan Organic Ventures, SIDCUL Industrial Estate, Pantnagar, Uttarakhand - 263153",100 g,Rs. 880.00 (Incl. of all taxes),03/2026,Email: care@himalayan.com | Ph: 1800-641-4482,India,COMPLIANT,None (Fully Compliant with Rule 6),2026-07-28 17:26:36,99%
LMC-01373,Instant Chicory Coffee Powder 250 g,Tea & Coffee,"Godavari Mills & Refineries, Sy. No. 340, Autonagar, Guntur, Andhra Pradesh - 522001",250 g,Rs. 337.00 (Incl. of all taxes),03/2026,Email: care@godavari.com | Ph: 1800-146-1455,India,COMPLIANT,None (Fully Compliant with Rule 6),2026-09-01 15:02:36,92%
LMC-01374,Green Tea Lemon Honey Bags 100 g,Tea & Coffee,"Himalayan Organic Ventures, SIDCUL Industrial Estate, Pantnagar, Uttarakhand - 263153",100 g,Rs. 471.00 (Incl. of all taxes),03/2026,Email: care@himalayan.com | Ph: 1800-823-9411,India,COMPLIANT,None (Fully Compliant with Rule 6),2026-08-02 09:44:36,90%
LMC-01375,Mint Peppermint Lozenges 750 g,Chocolates & Confectionery,"Vedic Agro Industries Pvt Ltd, Gat No. 118, Urse, Talegaon MIDC, Pune, Maharashtra - 410506",750 g,Rs. 444.00 (Incl. of all taxes),08/2026,Email: care@vedic.com | Ph: 1800-829-9623,India,NEEDS REVIEW,Rule 6(1)(c): Non-standard unit abbreviation used ('ML' / 'ltr' instead of 'ml' / 'L'),2026-09-01 13:39:36,64%
LMC-01376,Pure Malai Paneer 750 g,Dairy Products,"Ananya Consumer Goods Ltd, Plot 42, Sector 8, IMT Manesar, Gurugram, Haryana - 122050",750 g,Rs. 503.00 (Incl. of all taxes),07/2026,Email: care@ananya.com | Ph: 1800-731-8660,India,COMPLIANT,None (Fully Compliant with Rule 6),2026-07-06 06:32:36,99%
LMC-01377,Digestive High Fibre Biscuits 50 g,Biscuits & Cookies,"Ananya Consumer Goods Ltd, Plot 42, Sector 8, IMT Manesar, Gurugram, Haryana - 122050",50 g,Rs. 107.00 (Incl. of all taxes),03/2026,Email: care@ananya.com | Ph: 1800-503-1324,India,COMPLIANT,None (Fully Compliant with Rule 6),2026-08-06 18:16:36,90%
LMC-01378,Sterilized Flavoured Milk 100 g,Dairy Products,"Ananya Consumer Goods Ltd, Plot 42, Sector 8, IMT Manesar, Gurugram, Haryana - 122050",100 g,Rs. 895.00 (Incl. of all taxes),07/2026,Email: care@ananya.com | Ph: 1800-166-2266,India,COMPLIANT,None (Fully Compliant with Rule 6),2026-07-17 08:47:36,95%
LMC-01379,Coriander Dhania Powder 250 g,Spices & Condiments,"Godavari Mills & Refineries, Sy. No. 340, Autonagar, Guntur, Andhra Pradesh - 522001",Not Declared,Rs. 827.00 (Incl. of all taxes),07/2026,Email: care@godavari.com | Ph: 1800-723-8870,India,NON-COMPLIANT,Rule 6(1)(c): Net quantity declaration absent,2026-08-04 00:47:36,79%
LMC-01380,Roasted Salted Makhana 200 g,Snacks & Namkeen,"Surya Packaged Commodities LLP, Industrial Growth Centre, Mandideep, Bhopal, MP - 462046",200 g,Rs. 771.00 (Incl. of all taxes),03/2026,Email: care@surya.com | Ph: 1800-453-1778,India,COMPLIANT,None (Fully Compliant with Rule 6),2026-08-03 03:36:36,99%
LMC-01381,100% Valencia Orange Juice 750 ml,Beverages & Juices,"Godavari Mills & Refineries, Sy. No. 340, Autonagar, Guntur, Andhra Pradesh - 522001",750 ml,Rs. 443.00 (Incl. of all taxes),07/2026,Email: care@godavari.com | Ph: 1800-705-6749,India,COMPLIANT,None (Fully Compliant with Rule 6),2026-08-31 23:17:36,94%
LMC-01382,Marie Crisp Tea Biscuits 750 g,Biscuits & Cookies,"Surya Packaged Commodities LLP, Industrial Growth Centre, Mandideep, Bhopal, MP - 462046",750 g,Rs. 204.00,03/2026,Email: care@surya.com | Ph: 1800-121-6217,Not Declared,NON-COMPLIANT,Rule 6(1)(da): Missing 'Inclusive of all taxes' declaration with MRP; Rule 6(1)(n): Missing Country of Origin declaration,2026-08-07 20:42:36,78%
LMC-01383,Marie Crisp Tea Biscuits 200 g,Biscuits & Cookies,"Surya Packaged Commodities LLP, Industrial Growth Centre, Mandideep, Bhopal, MP - 462046",200 g,Rs. 623.00 (Incl. of all taxes),08/2026,Email: care@surya.com | Ph: 1800-251-8520,India,COMPLIANT,None (Fully Compliant with Rule 6),2026-08-20 04:06:36,91%
LMC-01384,Instant Chicory Coffee Powder 100 g,Tea & Coffee,"Navrang Agro Commodities Corp, GIDC Naroda, Ahmedabad, Gujarat - 382330",100 g,Rs. 492.00 (Incl. of all taxes),03/2026,Email: care@navrang.com | Ph: 1800-315-5933,India,COMPLIANT,None (Fully Compliant with Rule 6),2026-07-29 03:54:36,93%
LMC-01385,Choco Chip Delight Cookies 50 g,Biscuits & Cookies,"Kaveri Spices & Naturals, Idukki",50 g,Rs. 747.00 (Incl. of all taxes),06/2026,Email: care@kaveri.com | Ph: 1800-431-2537,India,NEEDS REVIEW,Rule 7: Font size / unit symbol ambiguous or truncated under OCR; Rule 6(1)(a): Physical address of manufacturer incomplete (missing PIN code/city),2026-08-06 20:35:36,65%
LMC-01386,Sparkling Apple Cider Drink 1 L,Beverages & Juices,"Vedic Agro Industries Pvt Ltd, Gat No. 118, Urse, Talegaon MIDC, Pune, Maharashtra - 410506",1 L,Rs. 496.00 (Incl. of all taxes),06/2026,Email: care@vedic.com | Ph: 1800-155-5514,India,COMPLIANT,None (Fully Compliant with Rule 6),2026-08-03 22:57:36,99%
LMC-01387,Dal Makhani Heat & Eat Meal 750 g,Ready-to-Eat,"Godavari Mills & Refineries, Sy. No. 340, Autonagar, Guntur, Andhra Pradesh - 522001",750 g,Rs. 595.00 (Incl. of all taxes),07/2026,Email: care@godavari.com | Ph: 1800-990-7098,India,COMPLIANT,None (Fully Compliant with Rule 6),2026-08-28 19:00:36,93%
LMC-01388,Tender Coconut Water Drink 1 L,Beverages & Juices,Not Declared,1 L,Rs. 117.00 (Incl. of all taxes),Not Declared,Email: care@himalayan.com | Ph: 1800-201-4147,India,NON-COMPLIANT,Rule 6(1)(a): Manufacturer/packer declaration entirely missing; Rule 6(1)(d): Month and year of manufacture/packing missing,2026-07-11 15:44:36,93%
LMC-01389,Lemon Iced Tea Concentrate 500 ml,Beverages & Juices,"Surya Packaged Commodities LLP, Industrial Growth Centre, Mandideep, Bhopal, MP - 462046",500 ml,Rs. 178.00 (Incl. of all taxes),06/2026,Email: care@surya.com | Ph: 1800-935-4415,India,COMPLIANT,None (Fully Compliant with Rule 6),2026-07-17 05:23:36,98%
LMC-01390,Rava Upma Breakfast Mix 400 g,Ready-to-Eat,"Navrang Agro Commodities Corp, GIDC Naroda, Ahmedabad, Gujarat - 382330",400 g,Rs. 678.00 (Incl. of all taxes),04/2026,Email: care@navrang.com | Ph: 1800-589-4464,India,COMPLIANT,None (Fully Compliant with Rule 6),2026-08-27 11:53:36,95%
LMC-01391,Mint Peppermint Lozenges 50 g,Chocolates & Confectionery,"Pristine Foods & Agro Ltd, Phase 2, Peenya Industrial Area, Bengaluru, Karnataka - 560058",50 g,Rs. 794.00 (Incl. of all taxes),06/2026,Email: care@pristine.com | Ph: 1800-642-2155,India,COMPLIANT,None (Fully Compliant with Rule 6),2026-08-02 19:17:36,91%
LMC-01392,Crispy Butter Cookies 50 g,Biscuits & Cookies,"Navrang Agro Commodities Corp, GIDC Naroda, Ahmedabad, Gujarat - 382330",50 g,Rs. 420.00 (Incl. of all taxes),04/2026,Email: care@navrang.com | Ph: 1800-412-8406,India,COMPLIANT,None (Fully Compliant with Rule 6),2026-08-25 08:30:36,94%
LMC-01393,Instant Masala Noodles 100 g,Ready-to-Eat,"Himalayan Organic Ventures, SIDCUL Industrial Estate, Pantnagar, Uttarakhand - 263153",100 g,Rs. 184.00 (Incl. of all taxes),08/2026,Email: care@himalayan.com | Ph: 1800-667-8073,India,COMPLIANT,None (Fully Compliant with Rule 6),2026-08-14 11:32:36,98%
LMC-01394,Crispy Butter Cookies 50 g,Biscuits & Cookies,"Navrang Agro Commodities Corp, GIDC Naroda, Ahmedabad, Gujarat - 382330",50 g,Rs. 516.00 (Incl. of all taxes),06/2026,Email: care@navrang.com | Ph: 1800-180-4250,India,COMPLIANT,None (Fully Compliant with Rule 6),2026-08-12 17:28:36,96%
LMC-01395,Mint Peppermint Lozenges 400 g,Chocolates & Confectionery,"Pristine Foods & Agro Ltd, Phase 2, Peenya Industrial Area, Bengaluru, Karnataka - 560058",Not Declared,Rs. 863.00 (Incl. of all taxes),06/2026,Email: care@pristine.com | Ph: 1800-551-9018,Not Declared,NON-COMPLIANT,Rule 6(1)(c): Net quantity declaration absent; Rule 6(1)(n): Missing Country of Origin declaration,2026-08-23 09:00:36,83%
LMC-01396,Pure Malai Paneer 250 g,Dairy Products,"Navrang Agro Commodities Corp, GIDC Naroda, Ahmedabad, Gujarat - 382330",250 g,Rs. 616.00 (Incl. of all taxes),03/2026,Email: care@navrang.com | Ph: 1800-744-3424,India,COMPLIANT,None (Fully Compliant with Rule 6),2026-07-30 22:03:36,90%
LMC-01397,Refined Sunflower Cooking Oil 750 ml,Edible Oils,"Pristine Foods & Agro Ltd, Phase 2, Peenya Industrial Area, Bengaluru, Karnataka - 560058",750 ml,Rs. 758.00 (Incl. of all taxes),06/2026,Email: care@pristine.com | Ph: 1800-747-4927,India,NEEDS REVIEW,Rule 7: Font size / unit symbol ambiguous or truncated under OCR,2026-08-17 01:08:36,71%
LMC-01398,Bourbon Chocolate Cream Biscuits 500 g,Biscuits & Cookies,"Surya Packaged Commodities LLP, Industrial Growth Centre, Mandideep, Bhopal, MP - 462046",500 gms,Rs. 819.00 (Incl. of all taxes),06/2026,Helpline: 1800-462-8759 (Email missing),India,NEEDS REVIEW,Rule 6(1)(c): Non-standard unit abbreviation used ('gms' / 'gm' instead of standard 'g'); Rule 6(1)(e): Missing consumer care email address,2026-07-21 01:24:36,65%
LMC-01399,Instant Masala Noodles 200 g,Ready-to-Eat,"Godavari Mills & Refineries, Sy. No. 340, Autonagar, Guntur, Andhra Pradesh - 522001",200 g,Rs. 321.00 (Incl. of all taxes),01/2026,Email: care@godavari.com | Ph: 1800-759-5446,India,COMPLIANT,None (Fully Compliant with Rule 6),2026-07-28 11:58:36,94%
LMC-01400,Masala Potato Wafers 100 g,Snacks & Namkeen,"Kaveri Spices & Naturals, 14/B, Spice Park, Puttady, Idukki, Kerala - 685551",100 g,Rs. 258.00 (Incl. of all taxes),07/2026,Email: care@kaveri.com | Ph: 1800-199-1020,India,COMPLIANT,None (Fully Compliant with Rule 6),2026-08-22 11:57:36,90%
LMC-01401,Multigrain Fibre Atta 2 kg,Atta & Flours,"Kaveri Spices & Naturals, 14/B, Spice Park, Puttady, Idukki, Kerala - 685551",2 kg,Rs. 67.00 (Incl. of all taxes),Not Declared,Not Declared,India,NON-COMPLIANT,Rule 6(1)(d): Month and year of manufacture/packing missing; Rule 6(1)(e): Complete consumer care grievance contact details missing,2026-07-05 06:46:36,79%
LMC-01402,Roasted Almond Milk Bar 400 g,Chocolates & Confectionery,"Surya Packaged Commodities LLP, Industrial Growth Centre, Mandideep, Bhopal, MP - 462046",400 g,Rs. 142.00 (Incl. of all taxes),01/2026,Email: care@surya.com | Ph: 1800-942-1168,India,COMPLIANT,None (Fully Compliant with Rule 6),2026-08-18 06:41:36,99%
LMC-01403,Fruit Jelly Chews Pouch 750 g,Chocolates & Confectionery,"Kaveri Spices & Naturals, 14/B, Spice Park, Puttady, Idukki, Kerala - 685551",750 g,Rs. 565.00 (Incl. of all taxes),03/2026,Email: care@kaveri.com | Ph: 1800-918-8495,India,COMPLIANT,None (Fully Compliant with Rule 6),2026-08-11 19:27:36,94%
LMC-01404,Cold Pressed Mustard Oil 5 L,Edible Oils,"Vedic Agro Industries Pvt Ltd, Gat No. 118, Urse, Talegaon MIDC, Pune, Maharashtra - 410506",5 L,Rs. 684.00 (Incl. of all taxes),04/2026,Email: care@vedic.com | Ph: 1800-734-2845,India,COMPLIANT,None (Fully Compliant with Rule 6),2026-08-30 01:42:36,91%
LMC-01405,Kasuri Methi 500 g,Spices & Condiments,"Kaveri Spices & Naturals, 14/B, Spice Park, Puttady, Idukki, Kerala - 685551",500 g,Rs. 434.00 (Incl. of all taxes),08/2026,Email: care@kaveri.com | Ph: 1800-669-2164,India,COMPLIANT,None (Fully Compliant with Rule 6),2026-07-13 08:51:36,91%
LMC-01406,Coriander Dhania Powder 100 g,Spices & Condiments,"Pristine Foods & Agro Ltd, Phase 2, Peenya Industrial Area, Bengaluru, Karnataka - 560058",100 g,Rs. 838.00 (Incl. of all taxes),05/2026,Email: care@pristine.com | Ph: 1800-129-4373,India,COMPLIANT,None (Fully Compliant with Rule 6),2026-07-28 04:30:36,97%
LMC-01407,Roasted Salted Makhana 50 g,Snacks & Namkeen,"Navrang Agro Commodities Corp, GIDC Naroda, Ahmedabad, Gujarat - 382330",50 g,Rs. 475.00 (Incl. of all taxes),02/2026,Email: care@navrang.com | Ph: 1800-228-2956,India,COMPLIANT,None (Fully Compliant with Rule 6),2026-08-19 01:56:36,97%
LMC-01408,Pure Malai Paneer 500 g,Dairy Products,"Vedic Agro Industries Pvt Ltd, Gat No. 118, Urse, Talegaon MIDC, Pune, Maharashtra - 410506",500 g,Rs. 75.00 (Incl. of all taxes),06/2026,Not Declared,India,NON-COMPLIANT,Rule 6(1)(e): Complete consumer care grievance contact details missing,2026-08-21 08:35:36,90%
LMC-01409,Pure Sesame Gingelly Oil 200 ml,Edible Oils,"Ananya Consumer Goods Ltd, Plot 42, Sector 8, IMT Manesar, Gurugram, Haryana - 122050",200 ml,Rs. 129.00 (Incl. of all taxes),04/2026,Email: care@ananya.com | Ph: 1800-795-1203,India,COMPLIANT,None (Fully Compliant with Rule 6),2026-08-05 13:01:36,98%
LMC-01410,Crunchy Moong Dal Namkeen 500 g,Snacks & Namkeen,"Navrang Agro Commodities Corp, GIDC Naroda, Ahmedabad, Gujarat - 382330",Not Declared,Rs. 710.00 (Incl. of all taxes),Not Declared,Email: care@navrang.com | Ph: 1800-127-6767,India,NON-COMPLIANT,Rule 6(1)(d): Month and year of manufacture/packing missing; Rule 6(1)(c): Net quantity declaration absent,2026-07-28 04:35:36,87%
LMC-01411,Crispy Butter Cookies 400 g,Biscuits & Cookies,"Vedic Agro Industries Pvt Ltd, Gat No. 118, Urse, Talegaon MIDC, Pune, Maharashtra - 410506",400 g,Rs. 471.00 (Incl. of all taxes),03/2026,Email: care@vedic.com | Ph: 1800-804-8797,India,COMPLIANT,None (Fully Compliant with Rule 6),2026-07-07 13:33:36,90%
LMC-01412,Almond Cashew Shortbread 100 g,Biscuits & Cookies,"Godavari Mills & Refineries, Sy. No. 340, Autonagar, Guntur, Andhra Pradesh - 522001",100 g,Rs. 938.00 (Incl. of all taxes),02/2026,Email: care@godavari.com | Ph: 1800-497-7305,India,NEEDS REVIEW,Rule 7: Font size / unit symbol ambiguous or truncated under OCR,2026-08-20 02:37:36,60%
LMC-01413,Darjeeling Whole Leaf Black Tea 50 g,Tea & Coffee,"Himalayan Organic Ventures, SIDCUL Industrial Estate, Pantnagar, Uttarakhand - 263153",50 g,Not Declared,Not Declared,Email: care@himalayan.com | Ph: 1800-767-2750,India,NON-COMPLIANT,Rule 6(1)(d): Month and year of manufacture/packing missing; Rule 6(1)(da): Maximum Retail Price (MRP) declaration absent,2026-07-22 19:36:36,82%
LMC-01414,Rava Upma Breakfast Mix 400 g,Ready-to-Eat,"Navrang Agro Commodities Corp, GIDC Naroda, Ahmedabad, Gujarat - 382330",400 g,Rs. 844.00 (Incl. of all taxes),06/2026,Email: care@navrang.com | Ph: 1800-765-5507,India,COMPLIANT,None (Fully Compliant with Rule 6),2026-08-12 10:20:36,91%
LMC-01415,Crispy Butter Cookies 50 g,Biscuits & Cookies,"Ananya Consumer Goods Ltd, Plot 42, Sector 8, IMT Manesar, Gurugram, Haryana - 122050",50 g,Rs. 669.00 (Incl. of all taxes),07/2026,Email: care@ananya.com | Ph: 1800-844-3028,India,COMPLIANT,None (Fully Compliant with Rule 6),2026-07-27 02:22:36,91%
LMC-01416,Rava Upma Breakfast Mix 50 g,Ready-to-Eat,"Vedic Agro Industries Pvt Ltd, Gat No. 118, Urse, Talegaon MIDC, Pune, Maharashtra - 410506",Not Declared,Rs. 147.00 (Incl. of all taxes),02/2026,Email: care@vedic.com | Ph: 1800-127-6785,Not Declared,NON-COMPLIANT,Rule 6(1)(n): Missing Country of Origin declaration; Rule 6(1)(c): Net quantity declaration absent,2026-07-17 01:45:36,76%
LMC-01417,Refined Sunflower Cooking Oil 200 ml,Edible Oils,"Kaveri Spices & Naturals, 14/B, Spice Park, Puttady, Idukki, Kerala - 685551",200 ml,Rs. 827.00 (Incl. of all taxes),04/2026,Email: care@kaveri.com | Ph: 1800-642-9251,Not Declared,NON-COMPLIANT,Rule 6(1)(n): Missing Country of Origin declaration,2026-07-29 10:03:36,80%
LMC-01418,Sterilized Flavoured Milk 250 g,Dairy Products,"Surya Packaged Commodities LLP, Industrial Growth Centre, Mandideep, Bhopal, MP - 462046",250 g,Rs. 361.00 (Incl. of all taxes),06/2026,Email: care@surya.com | Ph: 1800-544-2921,India,COMPLIANT,None (Fully Compliant with Rule 6),2026-07-21 08:42:36,90%
LMC-01419,Gulab Jamun Instant Mix 200 g,Ready-to-Eat,Not Declared,200 g,Rs. 805.00 (Incl. of all taxes),03/2026,Not Declared,Imported (Origin: Sri Lanka),NON-COMPLIANT,Rule 6(1)(e): Complete consumer care grievance contact details missing; Rule 6(1)(a): Manufacturer/packer declaration entirely missing,2026-08-10 12:16:36,78%
LMC-01420,Mixed Fruit Orchard Blend 2 L,Beverages & Juices,"Godavari Mills & Refineries, Sy. No. 340, Autonagar, Guntur, Andhra Pradesh - 522001",2 ltr,Rs. 106.00 (Incl. of all taxes),07/2026,Email: care@godavari.com | Ph: 1800-232-8578,India,NEEDS REVIEW,Rule 6(1)(c): Non-standard unit abbreviation used ('ML' / 'ltr' instead of 'ml' / 'L'); Rule 7: Font size / unit symbol ambiguous or truncated under OCR,2026-08-06 08:07:36,58%
LMC-01421,Mint Peppermint Lozenges 200 g,Chocolates & Confectionery,Not Declared,200 g,Not Declared,04/2026,Email: care@surya.com | Ph: 1800-853-4668,India,NON-COMPLIANT,Rule 6(1)(a): Manufacturer/packer declaration entirely missing; Rule 6(1)(da): Maximum Retail Price (MRP) declaration absent,2026-07-23 01:25:36,79%
LMC-01422,Standardized Tonned Milk 50 g,Dairy Products,"Ananya Consumer Goods Ltd, Plot 42, Sector 8, IMT Manesar, Gurugram, Haryana - 122050",50 g,Rs. 241.00 (Incl. of all taxes),06/2026,Email: care@ananya.com | Ph: 1800-401-3031,India,COMPLIANT,None (Fully Compliant with Rule 6),2026-08-24 20:44:36,88%
LMC-01423,Coriander Dhania Powder 250 g,Spices & Condiments,"Pristine Foods & Agro Ltd, Phase 2, Peenya Industrial Area, Bengaluru, Karnataka - 560058",250 g,Rs. 657.00 (Incl. of all taxes),02/2026,Email: care@pristine.com | Ph: 1800-266-3230,India,COMPLIANT,None (Fully Compliant with Rule 6),2026-08-14 22:09:36,99%
LMC-01424,Palak Paneer Ready Curry 50 g,Ready-to-Eat,"Ananya Consumer Goods Ltd, Plot 42, Sector 8, IMT Manesar, Gurugram, Haryana - 122050",50 g,Not Declared,06/2026,Email: care@ananya.com | Ph: 1800-634-9327,India,NON-COMPLIANT,Rule 6(1)(da): Maximum Retail Price (MRP) declaration absent,2026-07-28 07:09:36,85%
LMC-01425,Marie Crisp Tea Biscuits 500 g,Biscuits & Cookies,"Kaveri Spices & Naturals, Idukki",500 g,Rs. 481.00 (Incl. of all taxes),08/2026,Helpline: 1800-935-8089 (Email missing),India,NEEDS REVIEW,Rule 6(1)(e): Missing consumer care email address; Rule 6(1)(a): Physical address of manufacturer incomplete (missing PIN code/city),2026-08-14 14:28:36,67%
LMC-01426,Sterilized Flavoured Milk 500 g,Dairy Products,"Pristine Foods & Agro Ltd, Phase 2, Peenya Industrial Area, Bengaluru, Karnataka - 560058",500 g,Rs. 163.00 (Incl. of all taxes),03/2026,Email: care@pristine.com | Ph: 1800-980-6701,India,NEEDS REVIEW,Rule 7: Font size / unit symbol ambiguous or truncated under OCR; Rule 6(1)(c): Non-standard unit abbreviation used ('ML' / 'ltr' instead of 'ml' / 'L'),2026-07-27 02:01:36,60%
LMC-01427,Roasted Salted Makhana 250 g,Snacks & Namkeen,"Vedic Agro Industries Pvt Ltd, Gat No. 118, Urse, Talegaon MIDC, Pune, Maharashtra - 410506",250 g,Rs. 905.00,07/2026,Email: care@vedic.com | Ph: 1800-436-3530,Not Declared,NON-COMPLIANT,Rule 6(1)(da): Missing 'Inclusive of all taxes' declaration with MRP; Rule 6(1)(n): Missing Country of Origin declaration,2026-08-22 20:59:36,82%
LMC-01428,Refined Groundnut Oil 500 ml,Edible Oils,"Himalayan Organic Ventures, SIDCUL Industrial Estate, Pantnagar, Uttarakhand - 263153",500 ml,Rs. 211.00 (Incl. of all taxes),07/2026,Email: care@himalayan.com | Ph: 1800-443-9875,Imported (Origin: Sri Lanka),NEEDS REVIEW,Rule 6(1)(c): Non-standard unit abbreviation used ('gms' / 'gm' instead of standard 'g'),2026-08-06 07:50:36,66%
LMC-01429,Choco Chip Delight Cookies 400 g,Biscuits & Cookies,"Himalayan Organic Ventures, SIDCUL Industrial Estate, Pantnagar, Uttarakhand - 263153",400 g,Rs. 141.00 (Incl. of all taxes),Not Declared,Not Declared,India,NON-COMPLIANT,Rule 6(1)(e): Complete consumer care grievance contact details missing; Rule 6(1)(d): Month and year of manufacture/packing missing,2026-07-22 02:06:36,87%
LMC-01430,Gulab Jamun Instant Mix 400 g,Ready-to-Eat,"Navrang Agro Commodities Corp, GIDC Naroda, Ahmedabad, Gujarat - 382330",400 g,Rs. 465.00 (Incl. of all taxes),07/2026,Email: care@navrang.com | Ph: 1800-460-1640,India,COMPLIANT,None (Fully Compliant with Rule 6),2026-07-17 06:51:36,91%
LMC-01431,Ragi Millet Flour 1 kg,Atta & Flours,"Ananya Consumer Goods Ltd, Plot 42, Sector 8, IMT Manesar, Gurugram, Haryana - 122050",1 kg,Rs. 568.00 (Incl. of all taxes),03/2026,Email: care@ananya.com | Ph: 1800-314-5342,India,COMPLIANT,None (Fully Compliant with Rule 6),2026-08-29 13:13:36,91%
LMC-01432,Roasted Arabica Coffee Beans 250 g,Tea & Coffee,Not Declared,250 g,Rs. 177.00 (Incl. of all taxes),05/2026,Email: care@himalayan.com | Ph: 1800-872-8807,India,NON-COMPLIANT,Rule 6(1)(a): Manufacturer/packer declaration entirely missing,2026-07-23 10:50:36,77%
LMC-01433,Darjeeling Whole Leaf Black Tea 500 g,Tea & Coffee,"Godavari Mills & Refineries, Sy. No. 340, Autonagar, Guntur, Andhra Pradesh - 522001",500 g,Rs. 238.00 (Incl. of all taxes),03/2026,Email: care@godavari.com | Ph: 1800-420-1016,India,COMPLIANT,None (Fully Compliant with Rule 6),2026-07-22 08:58:36,99%
LMC-01434,Almond Cashew Shortbread 750 g,Biscuits & Cookies,"Vedic Agro Industries Pvt Ltd, Gat No. 118, Urse, Talegaon MIDC, Pune, Maharashtra - 410506",Not Declared,Rs. 30.00 (Incl. of all taxes),01/2026,Email: care@vedic.com | Ph: 1800-235-6560,India,NON-COMPLIANT,Rule 6(1)(c): Net quantity declaration absent,2026-08-31 06:48:36,79%
LMC-01435,Premium Assam CTC Tea 250 g,Tea & Coffee,"Navrang Agro Commodities Corp, GIDC Naroda, Ahmedabad, Gujarat - 382330",250 g,Rs. 562.00 (Incl. of all taxes),01/2026,Email: care@navrang.com | Ph: 1800-567-8843,India,COMPLIANT,None (Fully Compliant with Rule 6),2026-09-03 12:20:36,97%
LMC-01436,Sterilized Flavoured Milk 100 g,Dairy Products,"Himalayan Organic Ventures, SIDCUL Industrial Estate, Pantnagar, Uttarakhand - 263153",100 g,Not Declared,02/2026,Email: care@himalayan.com | Ph: 1800-297-7738,India,NON-COMPLIANT,Rule 6(1)(da): Missing 'Inclusive of all taxes' declaration with MRP; Rule 6(1)(da): Maximum Retail Price (MRP) declaration absent,2026-08-07 15:30:36,88%
LMC-01437,Ragi Millet Flour 2 kg,Atta & Flours,"Ananya Consumer Goods Ltd, Plot 42, Sector 8, IMT Manesar, Gurugram, Haryana - 122050",2 kg,Rs. 445.00 (Incl. of all taxes),Not Declared,Email: care@ananya.com | Ph: 1800-288-5126,Not Declared,NON-COMPLIANT,Rule 6(1)(d): Month and year of manufacture/packing missing; Rule 6(1)(n): Missing Country of Origin declaration,2026-08-01 21:22:36,93%
LMC-01438,Palak Paneer Ready Curry 200 g,Ready-to-Eat,"Godavari Mills & Refineries, Sy. No. 340, Autonagar, Guntur, Andhra Pradesh - 522001",200 gms,Rs. 280.00 (Incl. of all taxes),08/2026,Email: care@godavari.com | Ph: 1800-122-9320,India,NEEDS REVIEW,Rule 6(1)(c): Non-standard unit abbreviation used ('gms' / 'gm' instead of standard 'g'),2026-08-20 01:29:36,62%
LMC-01439,Gulab Jamun Instant Mix 100 g,Ready-to-Eat,"Vedic Agro Industries Pvt Ltd, Gat No. 118, Urse, Talegaon MIDC, Pune, Maharashtra - 410506",100 g,Rs. 411.00 (Incl. of all taxes),01/2026,Email: care@vedic.com | Ph: 1800-337-9688,India,COMPLIANT,None (Fully Compliant with Rule 6),2026-07-07 06:54:36,93%
LMC-01440,Gulab Jamun Instant Mix 500 g,Ready-to-Eat,"Surya Packaged Commodities LLP, Industrial Growth Centre, Mandideep, Bhopal, MP - 462046",500 g,Rs. 61.00 (Incl. of all taxes),Not Declared,Email: care@surya.com | Ph: 1800-684-8700,Not Declared,NON-COMPLIANT,Rule 6(1)(d): Month and year of manufacture/packing missing; Rule 6(1)(n): Missing Country of Origin declaration,2026-07-20 07:33:36,84%
LMC-01441,Choco Chip Delight Cookies 500 g,Biscuits & Cookies,"Surya Packaged Commodities LLP, Industrial Growth Centre, Mandideep, Bhopal, MP - 462046",500 g,Rs. 599.00 (Incl. of all taxes),07/2026,Email: care@surya.com | Ph: 1800-266-6927,India,COMPLIANT,None (Fully Compliant with Rule 6),2026-08-02 02:35:36,99%
LMC-01442,Salted Table Butter 50 g,Dairy Products,"Surya Packaged Commodities LLP, Industrial Growth Centre, Mandideep, Bhopal, MP - 462046",50 g,Rs. 207.00 (Incl. of all taxes),04/2026,Email: care@surya.com | Ph: 1800-624-6173,Not Declared,NON-COMPLIANT,Rule 6(1)(n): Missing Country of Origin declaration,2026-09-01 03:34:36,75%
LMC-01443,Refined Sunflower Cooking Oil 100 ml,Edible Oils,"Godavari Mills & Refineries, Sy. No. 340, Autonagar, Guntur, Andhra Pradesh - 522001",100 ml,Rs. 804.00 (Incl. of all taxes),03/2026,Email: care@godavari.com | Ph: 1800-601-4543,India,COMPLIANT,None (Fully Compliant with Rule 6),2026-08-08 23:30:36,94%
LMC-01444,Refined Groundnut Oil 200 ml,Edible Oils,"Kaveri Spices & Naturals, 14/B, Spice Park, Puttady, Idukki, Kerala - 685551",200 ml,Rs. 767.00 (Incl. of all taxes),06/2026,Email: care@kaveri.com | Ph: 1800-908-8517,India,COMPLIANT,None (Fully Compliant with Rule 6),2026-07-07 12:10:36,89%
LMC-01445,Pure Malai Paneer 750 g,Dairy Products,"Kaveri Spices & Naturals, 14/B, Spice Park, Puttady, Idukki, Kerala - 685551",750 g,Rs. 413.00 (Incl. of all taxes),03/2026,Email: care@kaveri.com | Ph: 1800-605-6736,India,COMPLIANT,None (Fully Compliant with Rule 6),2026-08-31 04:18:36,96%
LMC-01446,Rava Upma Breakfast Mix 200 g,Ready-to-Eat,"Pristine Foods & Agro Ltd, Phase 2, Peenya Industrial Area, Bengaluru, Karnataka - 560058",200 g,Rs. 371.00 (Incl. of all taxes),03/2026,Email: care@pristine.com | Ph: 1800-520-8349,India,COMPLIANT,None (Fully Compliant with Rule 6),2026-07-22 01:01:36,88%
LMC-01447,Ragi Millet Flour 10 kg,Atta & Flours,"Kaveri Spices & Naturals, 14/B, Spice Park, Puttady, Idukki, Kerala - 685551",10 kg,Rs. 932.00 (Incl. of all taxes),02/2026,Email: care@kaveri.com | Ph: 1800-340-1872,India,COMPLIANT,None (Fully Compliant with Rule 6),2026-08-13 19:40:36,92%
LMC-01448,Gulab Jamun Instant Mix 250 g,Ready-to-Eat,"Vedic Agro Industries Pvt Ltd, Gat No. 118, Urse, Talegaon MIDC, Pune, Maharashtra - 410506",250 gms,Rs. 626.00 (Incl. of all taxes),01/2026,Email: care@vedic.com | Ph: 1800-721-9689,India,NEEDS REVIEW,Rule 6(1)(c): Non-standard unit abbreviation used ('gms' / 'gm' instead of standard 'g'),2026-08-31 15:44:36,67%
LMC-01449,Pure Sesame Gingelly Oil 200 ml,Edible Oils,"Kaveri Spices & Naturals, 14/B, Spice Park, Puttady, Idukki, Kerala - 685551",200 ml,Rs. 761.00 (Incl. of all taxes),04/2026,Email: care@kaveri.com | Ph: 1800-287-5401,India,COMPLIANT,None (Fully Compliant with Rule 6),2026-07-14 23:07:36,98%
LMC-01450,Mint Peppermint Lozenges 200 g,Chocolates & Confectionery,"Vedic Agro Industries Pvt Ltd, Pune",200 g,Rs. 431.00 (Incl. of all taxes),02/2026,Email: care@vedic.com | Ph: 1800-325-2684,India,NEEDS REVIEW,Rule 7: Font size / unit symbol ambiguous or truncated under OCR; Rule 6(1)(a): Physical address of manufacturer incomplete (missing PIN code/city),2026-08-25 05:43:36,71%
LMC-01451,Darjeeling Whole Leaf Black Tea 100 g,Tea & Coffee,"Pristine Foods & Agro Ltd, Phase 2, Peenya Industrial Area, Bengaluru, Karnataka - 560058",100 g,Rs. 381.00 (Incl. of all taxes),Not Declared,Email: care@pristine.com | Ph: 1800-537-9256,India,NON-COMPLIANT,Rule 6(1)(d): Month and year of manufacture/packing missing,2026-08-21 23:03:36,82%
LMC-01452,Bourbon Chocolate Cream Biscuits 100 g,Biscuits & Cookies,"Kaveri Spices & Naturals, 14/B, Spice Park, Puttady, Idukki, Kerala - 685551",100 g,Rs. 937.00 (Incl. of all taxes),08/2026,Email: care@kaveri.com | Ph: 1800-112-7051,India,COMPLIANT,None (Fully Compliant with Rule 6),2026-07-31 11:24:36,98%
LMC-01453,Sharbati Whole Wheat Atta 2 kg,Atta & Flours,"Navrang Agro Commodities Corp, GIDC Naroda, Ahmedabad, Gujarat - 382330",2 kg,Rs. 525.00 (Incl. of all taxes),04/2026,Email: care@navrang.com | Ph: 1800-163-8361,India,COMPLIANT,None (Fully Compliant with Rule 6),2026-07-19 05:49:36,90%
LMC-01454,Sparkling Apple Cider Drink 1 L,Beverages & Juices,Not Declared,1 L,Rs. 870.00 (Incl. of all taxes),08/2026,Email: care@ananya.com | Ph: 1800-281-3325,India,NON-COMPLIANT,Rule 6(1)(a): Manufacturer/packer declaration entirely missing,2026-08-08 10:06:36,80%
LMC-01455,Crispy Butter Cookies 500 g,Biscuits & Cookies,"Kaveri Spices & Naturals, 14/B, Spice Park, Puttady, Idukki, Kerala - 685551",500 g,Rs. 739.00 (Incl. of all taxes),02/2026,Email: care@kaveri.com | Ph: 1800-733-3080,India,COMPLIANT,None (Fully Compliant with Rule 6),2026-08-08 13:02:36,92%
LMC-01456,Roasted Salted Makhana 100 g,Snacks & Namkeen,"Navrang Agro Commodities Corp, GIDC Naroda, Ahmedabad, Gujarat - 382330",Not Declared,Rs. 448.00 (Incl. of all taxes),04/2026,Not Declared,India,NON-COMPLIANT,Rule 6(1)(e): Complete consumer care grievance contact details missing; Rule 6(1)(c): Net quantity declaration absent,2026-07-23 19:41:36,77%
LMC-01457,Roasted Almond Milk Bar 100 g,Chocolates & Confectionery,"Pristine Foods & Agro Ltd, Phase 2, Peenya Industrial Area, Bengaluru, Karnataka - 560058",100 g,Rs. 385.00 (Incl. of all taxes),04/2026,Email: care@pristine.com | Ph: 1800-683-7317,India,COMPLIANT,None (Fully Compliant with Rule 6),2026-09-03 04:30:36,96%
LMC-01458,Gulab Jamun Instant Mix 50 g,Ready-to-Eat,"Kaveri Spices & Naturals, Idukki",50 g,Rs. 843.00 (Incl. of all taxes),06/2026,Email: care@kaveri.com | Ph: 1800-607-7854,India,NEEDS REVIEW,Rule 6(1)(a): Physical address of manufacturer incomplete (missing PIN code/city); Rule 6(1)(c): Non-standard unit abbreviation used ('ML' / 'ltr' instead of 'ml' / 'L'),2026-07-16 05:53:36,69%
LMC-01459,Fruit Jelly Chews Pouch 250 g,Chocolates & Confectionery,"Pristine Foods & Agro Ltd, Phase 2, Peenya Industrial Area, Bengaluru, Karnataka - 560058",250 g,Not Declared,04/2026,Not Declared,India,NON-COMPLIANT,Rule 6(1)(e): Complete consumer care grievance contact details missing; Rule 6(1)(da): Maximum Retail Price (MRP) declaration absent,2026-08-31 06:42:36,75%
LMC-01460,Royal Garam Masala Blend 750 g,Spices & Condiments,"Ananya Consumer Goods Ltd, Plot 42, Sector 8, IMT Manesar, Gurugram, Haryana - 122050",750 g,Rs. 91.00 (Incl. of all taxes),01/2026,Email: care@ananya.com | Ph: 1800-124-1228,India,COMPLIANT,None (Fully Compliant with Rule 6),2026-08-17 20:29:36,93%
LMC-01461,Refined Sunflower Cooking Oil 1 L,Edible Oils,"Ananya Consumer Goods Ltd, Plot 42, Sector 8, IMT Manesar, Gurugram, Haryana - 122050",1 L,Rs. 57.00 (Incl. of all taxes),04/2026,Email: care@ananya.com | Ph: 1800-533-8042,India,COMPLIANT,None (Fully Compliant with Rule 6),2026-08-03 11:09:36,99%
LMC-01462,Rice Flour Fine 5 kg,Atta & Flours,"Pristine Foods & Agro Ltd, Phase 2, Peenya Industrial Area, Bengaluru, Karnataka - 560058",5 kg,Rs. 517.00 (Incl. of all taxes),06/2026,Email: care@pristine.com | Ph: 1800-843-1833,India,COMPLIANT,None (Fully Compliant with Rule 6),2026-07-26 04:15:36,98%
LMC-01463,Standardized Tonned Milk 100 g,Dairy Products,Not Declared,100 g,Rs. 934.00 (Incl. of all taxes),02/2026,Email: care@himalayan.com | Ph: 1800-604-9646,India,NON-COMPLIANT,Rule 6(1)(a): Manufacturer/packer declaration entirely missing,2026-08-02 03:10:36,83%
LMC-01464,Refined Sunflower Cooking Oil 5 L,Edible Oils,"Godavari Mills & Refineries, Sy. No. 340, Autonagar, Guntur, Andhra Pradesh - 522001",5 L,Rs. 25.00 (Incl. of all taxes),03/2026,Email: care@godavari.com | Ph: 1800-887-7130,India,COMPLIANT,None (Fully Compliant with Rule 6),2026-08-08 14:22:36,89%
LMC-01465,Gulab Jamun Instant Mix 200 g,Ready-to-Eat,"Godavari Mills & Refineries, Sy. No. 340, Autonagar, Guntur, Andhra Pradesh - 522001",200 g,Rs. 842.00 (Incl. of all taxes),02/2026,Email: care@godavari.com | Ph: 1800-941-1029,Not Declared,NON-COMPLIANT,Rule 6(1)(n): Missing Country of Origin declaration,2026-07-17 00:12:36,96%
LMC-01466,Instant Masala Noodles 200 g,Ready-to-Eat,"Vedic Agro Industries Pvt Ltd, Gat No. 118, Urse, Talegaon MIDC, Pune, Maharashtra - 410506",200 g,Rs. 59.00 (Incl. of all taxes),08/2026,Email: care@vedic.com | Ph: 1800-611-7137,India,COMPLIANT,None (Fully Compliant with Rule 6),2026-08-05 23:41:36,97%
LMC-01467,Pure Sesame Gingelly Oil 1 L,Edible Oils,"Surya Packaged Commodities LLP, Industrial Growth Centre, Mandideep, Bhopal, MP - 462046",1 L,Rs. 252.00 (Incl. of all taxes),07/2026,Email: care@surya.com | Ph: 1800-576-6256,India,COMPLIANT,None (Fully Compliant with Rule 6),2026-08-13 03:41:36,92%
LMC-01468,Salted Crackers 250 g,Biscuits & Cookies,"Pristine Foods & Agro Ltd, Phase 2, Peenya Industrial Area, Bengaluru, Karnataka - 560058",250 g,Rs. 350.00 (Incl. of all taxes),06/2026,Email: care@pristine.com | Ph: 1800-978-4551,India,COMPLIANT,None (Fully Compliant with Rule 6),2026-07-30 18:37:36,96%
LMC-01469,Mint Peppermint Lozenges 50 g,Chocolates & Confectionery,"Ananya Consumer Goods Ltd, Plot 42, Sector 8, IMT Manesar, Gurugram, Haryana - 122050",50 g,Rs. 531.00 (Incl. of all taxes),01/2026,Email: care@ananya.com | Ph: 1800-931-6572,India,COMPLIANT,None (Fully Compliant with Rule 6),2026-09-03 12:03:36,91%
LMC-01470,Premium Assam CTC Tea 100 g,Tea & Coffee,"Pristine Foods & Agro Ltd, Phase 2, Peenya Industrial Area, Bengaluru, Karnataka - 560058",100 g,Rs. 353.00 (Incl. of all taxes),06/2026,Email: care@pristine.com | Ph: 1800-274-2690,India,COMPLIANT,None (Fully Compliant with Rule 6),2026-08-07 02:11:36,92%
LMC-01471,Pasteurized Cow Ghee 400 g,Dairy Products,"Ananya Consumer Goods Ltd, Plot 42, Sector 8, IMT Manesar, Gurugram, Haryana - 122050",400 gms,Rs. 943.00 (Incl. of all taxes),03/2026,Email: care@ananya.com | Ph: 1800-422-4339,India,NEEDS REVIEW,Rule 6(1)(c): Non-standard unit abbreviation used ('ML' / 'ltr' instead of 'ml' / 'L'); Rule 6(1)(c): Non-standard unit abbreviation used ('gms' / 'gm' instead of standard 'g'),2026-08-18 13:10:36,81%
LMC-01472,Refined Sunflower Cooking Oil 750 ml,Edible Oils,"Navrang Agro Commodities Corp, GIDC Naroda, Ahmedabad, Gujarat - 382330",750 ml,Rs. 936.00 (Incl. of all taxes),07/2026,Email: care@navrang.com | Ph: 1800-180-4441,Imported (Origin: Sri Lanka),COMPLIANT,None (Fully Compliant with Rule 6),2026-07-29 22:10:36,90%
LMC-01473,Marie Crisp Tea Biscuits 500 g,Biscuits & Cookies,"Navrang Agro Commodities Corp, GIDC Naroda, Ahmedabad, Gujarat - 382330",500 g,Rs. 101.00 (Incl. of all taxes),01/2026,Email: care@navrang.com | Ph: 1800-508-2963,India,COMPLIANT,None (Fully Compliant with Rule 6),2026-08-13 15:27:36,94%
LMC-01474,Refined Groundnut Oil 200 ml,Edible Oils,"Navrang Agro Commodities Corp, GIDC Naroda, Ahmedabad, Gujarat - 382330",200 ml,Rs. 339.00 (Incl. of all taxes),08/2026,Not Declared,India,NON-COMPLIANT,Rule 6(1)(e): Complete consumer care grievance contact details missing,2026-07-31 16:46:36,91%
LMC-01475,Khatta Meetha Mixture 250 g,Snacks & Namkeen,"Ananya Consumer Goods Ltd, Plot 42, Sector 8, IMT Manesar, Gurugram, Haryana - 122050",250 g,Rs. 374.00 (Incl. of all taxes),03/2026,Email: care@ananya.com | Ph: 1800-899-2314,India,NEEDS REVIEW,Rule 6(1)(c): Non-standard unit abbreviation used ('ML' / 'ltr' instead of 'ml' / 'L'),2026-07-15 14:49:36,70%
LMC-01476,Fruit Jelly Chews Pouch 500 g,Chocolates & Confectionery,"Kaveri Spices & Naturals, 14/B, Spice Park, Puttady, Idukki, Kerala - 685551",500 g,Rs. 336.00 (Incl. of all taxes),03/2026,Email: care@kaveri.com | Ph: 1800-562-1649,India,NEEDS REVIEW,Rule 7: Font size / unit symbol ambiguous or truncated under OCR,2026-07-07 05:08:36,62%
LMC-01477,Sharbati Whole Wheat Atta 10 kg,Atta & Flours,"Himalayan Organic Ventures, SIDCUL Industrial Estate, Pantnagar, Uttarakhand - 263153",10 kg,Rs. 199.00 (Incl. of all taxes),07/2026,Email: care@himalayan.com | Ph: 1800-835-1466,India,COMPLIANT,None (Fully Compliant with Rule 6),2026-07-21 14:15:36,95%
LMC-01478,Digestive High Fibre Biscuits 200 g,Biscuits & Cookies,"Vedic Agro Industries Pvt Ltd, Gat No. 118, Urse, Talegaon MIDC, Pune, Maharashtra - 410506",200 g,Rs. 244.00 (Incl. of all taxes),03/2026,Email: care@vedic.com | Ph: 1800-388-4107,India,NEEDS REVIEW,Rule 7: Font size / unit symbol ambiguous or truncated under OCR; Rule 6(1)(c): Non-standard unit abbreviation used ('ML' / 'ltr' instead of 'ml' / 'L'),2026-07-27 07:52:36,70%
LMC-01479,Sterilized Flavoured Milk 500 g,Dairy Products,"Kaveri Spices & Naturals, 14/B, Spice Park, Puttady, Idukki, Kerala - 685551",500 g,Rs. 349.00 (Incl. of all taxes),03/2026,Not Declared,India,NON-COMPLIANT,Rule 6(1)(e): Complete consumer care grievance contact details missing,2026-07-29 06:04:36,80%
LMC-01480,Crispy Butter Cookies 250 g,Biscuits & Cookies,"Navrang Agro Commodities Corp, GIDC Naroda, Ahmedabad, Gujarat - 382330",250 g,Rs. 34.00 (Incl. of all taxes),07/2026,Email: care@navrang.com | Ph: 1800-315-2144,India,COMPLIANT,None (Fully Compliant with Rule 6),2026-08-03 14:31:36,88%
LMC-01481,Rava Upma Breakfast Mix 750 g,Ready-to-Eat,"Pristine Foods & Agro Ltd, Phase 2, Peenya Industrial Area, Bengaluru, Karnataka - 560058",750 g,Rs. 464.00 (Incl. of all taxes),07/2026,Email: care@pristine.com | Ph: 1800-748-6361,India,COMPLIANT,None (Fully Compliant with Rule 6),2026-08-29 02:47:36,90%
LMC-01482,Green Tea Lemon Honey Bags 400 g,Tea & Coffee,"Navrang Agro Commodities Corp, GIDC Naroda, Ahmedabad, Gujarat - 382330",400 g,Rs. 510.00 (Incl. of all taxes),03/2026,Email: care@navrang.com | Ph: 1800-106-2738,India,COMPLIANT,None (Fully Compliant with Rule 6),2026-08-12 10:01:36,96%
LMC-01483,Masala Potato Wafers 50 g,Snacks & Namkeen,"Himalayan Organic Ventures, SIDCUL Industrial Estate, Pantnagar, Uttarakhand - 263153",50 g,Rs. 599.00 (Incl. of all taxes),07/2026,Email: care@himalayan.com | Ph: 1800-692-8686,India,COMPLIANT,None (Fully Compliant with Rule 6),2026-07-21 11:47:36,92%
LMC-01484,Almond Cashew Shortbread 50 g,Biscuits & Cookies,"Navrang Agro Commodities Corp, GIDC Naroda, Ahmedabad, Gujarat - 382330",50 g,Rs. 665.00 (Incl. of all taxes),06/2026,Email: care@navrang.com | Ph: 1800-795-5930,India,COMPLIANT,None (Fully Compliant with Rule 6),2026-07-07 14:08:36,90%
LMC-01485,Standardized Tonned Milk 50 g,Dairy Products,"Godavari Mills & Refineries, Sy. No. 340, Autonagar, Guntur, Andhra Pradesh - 522001",50 g,Rs. 61.00 (Incl. of all taxes),07/2026,Email: care@godavari.com | Ph: 1800-769-7872,India,COMPLIANT,None (Fully Compliant with Rule 6),2026-07-22 08:00:36,89%
LMC-01486,Digestive High Fibre Biscuits 50 g,Biscuits & Cookies,"Ananya Consumer Goods Ltd, Plot 42, Sector 8, IMT Manesar, Gurugram, Haryana - 122050",50 gms,Rs. 456.00 (Incl. of all taxes),06/2026,Email: care@ananya.com | Ph: 1800-392-8872,India,NEEDS REVIEW,Rule 6(1)(c): Non-standard unit abbreviation used ('gms' / 'gm' instead of standard 'g'); Rule 7: Font size / unit symbol ambiguous or truncated under OCR,2026-07-29 10:43:36,71%
LMC-01487,Salted Crackers 750 g,Biscuits & Cookies,"Ananya Consumer Goods Ltd, Plot 42, Sector 8, IMT Manesar, Gurugram, Haryana - 122050",Not Declared,Rs. 613.00 (Incl. of all taxes),Not Declared,Email: care@ananya.com | Ph: 1800-867-5291,India,NON-COMPLIANT,Rule 6(1)(c): Net quantity declaration absent; Rule 6(1)(d): Month and year of manufacture/packing missing,2026-07-29 02:45:36,75%
LMC-01488,Rice Flour Fine 2 kg,Atta & Flours,"Vedic Agro Industries Pvt Ltd, Gat No. 118, Urse, Talegaon MIDC, Pune, Maharashtra - 410506",2 kg,Rs. 92.00 (Incl. of all taxes),06/2026,Email: care@vedic.com | Ph: 1800-643-2978,India,COMPLIANT,None (Fully Compliant with Rule 6),2026-09-03 13:22:36,93%
LMC-01489,Gulab Jamun Instant Mix 100 g,Ready-to-Eat,Not Declared,100 g,Rs. 886.00,05/2026,Email: care@ananya.com | Ph: 1800-802-6413,India,NON-COMPLIANT,Rule 6(1)(a): Manufacturer/packer declaration entirely missing; Rule 6(1)(da): Missing 'Inclusive of all taxes' declaration with MRP,2026-07-08 16:34:36,94%
LMC-01490,100% Valencia Orange Juice 5 L,Beverages & Juices,"Himalayan Organic Ventures, SIDCUL Industrial Estate, Pantnagar, Uttarakhand - 263153",5 L,Rs. 262.00 (Incl. of all taxes),03/2026,Helpline: 1800-164-9338 (Email missing),India,NEEDS REVIEW,Rule 7: Font size / unit symbol ambiguous or truncated under OCR; Rule 6(1)(e): Missing consumer care email address,2026-08-15 11:25:36,67%
LMC-01491,Lemon Iced Tea Concentrate 2 L,Beverages & Juices,"Vedic Agro Industries Pvt Ltd, Gat No. 118, Urse, Talegaon MIDC, Pune, Maharashtra - 410506",2 L,Rs. 517.00,Not Declared,Email: care@vedic.com | Ph: 1800-727-6416,India,NON-COMPLIANT,Rule 6(1)(da): Missing 'Inclusive of all taxes' declaration with MRP; Rule 6(1)(d): Month and year of manufacture/packing missing,2026-08-24 03:35:36,76%
LMC-01492,Pasteurized Cow Ghee 100 g,Dairy Products,"Ananya Consumer Goods Ltd, Plot 42, Sector 8, IMT Manesar, Gurugram, Haryana - 122050",100 g,Rs. 850.00 (Incl. of all taxes),07/2026,Email: care@ananya.com | Ph: 1800-521-8978,India,COMPLIANT,None (Fully Compliant with Rule 6),2026-08-22 09:53:36,91%
LMC-01493,Dal Makhani Heat & Eat Meal 50 g,Ready-to-Eat,"Himalayan Organic Ventures, SIDCUL Industrial Estate, Pantnagar, Uttarakhand - 263153",50 g,Rs. 803.00 (Incl. of all taxes),07/2026,Email: care@himalayan.com | Ph: 1800-325-8670,India,COMPLIANT,None (Fully Compliant with Rule 6),2026-07-05 12:08:36,99%
LMC-01494,Roasted Salted Makhana 100 g,Snacks & Namkeen,"Surya Packaged Commodities LLP, Industrial Growth Centre, Mandideep, Bhopal, MP - 462046",100 g,Rs. 527.00 (Incl. of all taxes),05/2026,Email: care@surya.com | Ph: 1800-250-8655,India,COMPLIANT,None (Fully Compliant with Rule 6),2026-08-18 06:16:36,98%
LMC-01495,Agmark Haldi Turmeric Powder 50 g,Spices & Condiments,"Surya Packaged Commodities LLP, Industrial Growth Centre, Mandideep, Bhopal, MP - 462046",50 gms,Rs. 55.00 (Incl. of all taxes),04/2026,Email: care@surya.com | Ph: 1800-146-1695,India,NEEDS REVIEW,Rule 6(1)(c): Non-standard unit abbreviation used ('gms' / 'gm' instead of standard 'g'),2026-07-31 11:38:36,66%
LMC-01496,Rice Flour Fine 1 kg,Atta & Flours,"Vedic Agro Industries Pvt Ltd, Gat No. 118, Urse, Talegaon MIDC, Pune, Maharashtra - 410506",1 kg,Rs. 163.00 (Incl. of all taxes),07/2026,Email: care@vedic.com | Ph: 1800-839-8413,India,COMPLIANT,None (Fully Compliant with Rule 6),2026-08-11 12:59:36,99%
LMC-01497,Kashmiri Degi Mirch Powder 100 g,Spices & Condiments,"Surya Packaged Commodities LLP, Industrial Growth Centre, Mandideep, Bhopal, MP - 462046",100 g,Rs. 99.00 (Incl. of all taxes),03/2026,Email: care@surya.com | Ph: 1800-664-1121,Not Declared,NON-COMPLIANT,Rule 6(1)(n): Missing Country of Origin declaration,2026-08-02 18:56:36,81%
LMC-01498,Bourbon Chocolate Cream Biscuits 750 g,Biscuits & Cookies,"Surya Packaged Commodities LLP, Industrial Growth Centre, Mandideep, Bhopal, MP - 462046",750 g,Rs. 931.00 (Incl. of all taxes),06/2026,Email: care@surya.com | Ph: 1800-333-5537,India,COMPLIANT,None (Fully Compliant with Rule 6),2026-07-06 18:28:36,95%
LMC-01499,Khatta Meetha Mixture 200 g,Snacks & Namkeen,"Surya Packaged Commodities LLP, Industrial Growth Centre, Mandideep, Bhopal, MP - 462046",200 g,Rs. 833.00,03/2026,Email: care@surya.com | Ph: 1800-112-7028,Not Declared,NON-COMPLIANT,Rule 6(1)(da): Missing 'Inclusive of all taxes' declaration with MRP; Rule 6(1)(n): Missing Country of Origin declaration,2026-07-05 15:51:36,92%
LMC-01500,Multigrain Fibre Atta 5 kg,Atta & Flours,"Godavari Mills & Refineries, Sy. No. 340, Autonagar, Guntur, Andhra Pradesh - 522001",Not Declared,Rs. 328.00 (Incl. of all taxes),05/2026,Email: care@godavari.com | Ph: 1800-691-4453,Not Declared,NON-COMPLIANT,Rule 6(1)(c): Net quantity declaration absent; Rule 6(1)(n): Missing Country of Origin declaration,2026-07-11 13:29:36,94%
LMC-01501,Standardized Tonned Milk 250 g,Dairy Products,"Kaveri Spices & Naturals, 14/B, Spice Park, Puttady, Idukki, Kerala - 685551",250 g,Not Declared,05/2026,Email: care@kaveri.com | Ph: 1800-205-1501,India,NON-COMPLIANT,Rule 6(1)(da): Maximum Retail Price (MRP) declaration absent,2026-07-09 12:40:36,87%
LMC-01502,Roasted Arabica Coffee Beans 50 g,Tea & Coffee,"Navrang Agro Commodities Corp, GIDC Naroda, Ahmedabad, Gujarat - 382330",50 g,Rs. 259.00 (Incl. of all taxes),07/2026,Email: care@navrang.com | Ph: 1800-139-5843,Imported (Origin: Sri Lanka),COMPLIANT,None (Fully Compliant with Rule 6),2026-09-02 10:30:36,96%
LMC-01503,Rava Upma Breakfast Mix 200 g,Ready-to-Eat,"Vedic Agro Industries Pvt Ltd, Gat No. 118, Urse, Talegaon MIDC, Pune, Maharashtra - 410506",Not Declared,Rs. 176.00,08/2026,Email: care@vedic.com | Ph: 1800-516-7328,India,NON-COMPLIANT,Rule 6(1)(c): Net quantity declaration absent; Rule 6(1)(da): Missing 'Inclusive of all taxes' declaration with MRP,2026-08-04 20:09:36,93%
LMC-01504,Dark Silk Chocolate Bar 500 g,Chocolates & Confectionery,"Ananya Consumer Goods Ltd, Plot 42, Sector 8, IMT Manesar, Gurugram, Haryana - 122050",500 g,Rs. 178.00 (Incl. of all taxes),07/2026,Email: care@ananya.com | Ph: 1800-585-1504,India,COMPLIANT,None (Fully Compliant with Rule 6),2026-08-12 15:34:36,96%
LMC-01505,Kashmiri Degi Mirch Powder 750 g,Spices & Condiments,"Navrang Agro Commodities Corp, GIDC Naroda, Ahmedabad, Gujarat - 382330",750 g,Rs. 198.00 (Incl. of all taxes),07/2026,Email: care@navrang.com | Ph: 1800-186-2535,India,COMPLIANT,None (Fully Compliant with Rule 6),2026-07-15 13:40:36,89%
LMC-01506,Chakki Fresh Pure Atta 10 kg,Atta & Flours,"Himalayan Organic Ventures, SIDCUL Industrial Estate, Pantnagar, Uttarakhand - 263153",Not Declared,Rs. 183.00,07/2026,Email: care@himalayan.com | Ph: 1800-416-4730,India,NON-COMPLIANT,Rule 6(1)(da): Missing 'Inclusive of all taxes' declaration with MRP; Rule 6(1)(c): Net quantity declaration absent,2026-08-28 18:25:36,82%
LMC-01507,Fruit Jelly Chews Pouch 200 g,Chocolates & Confectionery,"Vedic Agro Industries Pvt Ltd, Gat No. 118, Urse, Talegaon MIDC, Pune, Maharashtra - 410506",200 g,Rs. 601.00 (Incl. of all taxes),Not Declared,Email: care@vedic.com | Ph: 1800-885-5314,Not Declared,NON-COMPLIANT,Rule 6(1)(d): Month and year of manufacture/packing missing; Rule 6(1)(n): Missing Country of Origin declaration,2026-07-19 15:16:36,90%
LMC-01508,Pure Malai Paneer 200 g,Dairy Products,Not Declared,200 g,Rs. 510.00 (Incl. of all taxes),07/2026,Email: care@surya.com | Ph: 1800-145-9921,India,NON-COMPLIANT,Rule 6(1)(a): Manufacturer/packer declaration entirely missing,2026-07-18 21:30:36,75%
LMC-01509,Whole Cumin Jeera Seeds 100 g,Spices & Condiments,"Godavari Mills & Refineries, Sy. No. 340, Autonagar, Guntur, Andhra Pradesh - 522001",100 g,Rs. 550.00 (Incl. of all taxes),05/2026,Email: care@godavari.com | Ph: 1800-946-1411,India,COMPLIANT,None (Fully Compliant with Rule 6),2026-09-01 23:57:36,93%
LMC-01510,Roasted Almond Milk Bar 500 g,Chocolates & Confectionery,"Ananya Consumer Goods Ltd, Plot 42, Sector 8, IMT Manesar, Gurugram, Haryana - 122050",500 g,Rs. 462.00 (Incl. of all taxes),05/2026,Email: care@ananya.com | Ph: 1800-837-8654,India,COMPLIANT,None (Fully Compliant with Rule 6),2026-07-15 15:48:36,96%
LMC-01511,Rice Flour Fine 5 kg,Atta & Flours,"Vedic Agro Industries Pvt Ltd, Pune",5 kg,Rs. 867.00 (Incl. of all taxes),03/2026,Helpline: 1800-995-5832 (Email missing),India,NEEDS REVIEW,Rule 6(1)(e): Missing consumer care email address; Rule 6(1)(a): Physical address of manufacturer incomplete (missing PIN code/city),2026-08-09 23:59:36,81%
LMC-01512,Premium Assam CTC Tea 400 g,Tea & Coffee,"Pristine Foods & Agro Ltd, Phase 2, Peenya Industrial Area, Bengaluru, Karnataka - 560058",400 g,Rs. 451.00 (Incl. of all taxes),07/2026,Email: care@pristine.com | Ph: 1800-490-2914,India,COMPLIANT,None (Fully Compliant with Rule 6),2026-08-06 01:44:36,92%
LMC-01513,Pure Sesame Gingelly Oil 500 ml,Edible Oils,"Surya Packaged Commodities LLP, Industrial Growth Centre, Mandideep, Bhopal, MP - 462046",500 ml,Rs. 363.00 (Incl. of all taxes),04/2026,Email: care@surya.com | Ph: 1800-276-9964,India,COMPLIANT,None (Fully Compliant with Rule 6),2026-07-06 16:12:36,92%
LMC-01514,Refined Sunflower Cooking Oil 500 ml,Edible Oils,"Kaveri Spices & Naturals, 14/B, Spice Park, Puttady, Idukki, Kerala - 685551",500 ml,Rs. 821.00 (Incl. of all taxes),02/2026,Email: care@kaveri.com | Ph: 1800-286-5298,India,NEEDS REVIEW,Rule 6(1)(c): Non-standard unit abbreviation used ('gms' / 'gm' instead of standard 'g'),2026-08-14 09:32:36,71%
LMC-01515,Poha Instant Breakfast Bowl 250 g,Ready-to-Eat,"Himalayan Organic Ventures, SIDCUL Industrial Estate, Pantnagar, Uttarakhand - 263153",250 g,Rs. 152.00 (Incl. of all taxes),02/2026,Email: care@himalayan.com | Ph: 1800-736-3969,India,COMPLIANT,None (Fully Compliant with Rule 6),2026-08-13 20:13:36,99%
LMC-01516,Pasteurized Cow Ghee 50 g,Dairy Products,"Pristine Foods & Agro Ltd, Phase 2, Peenya Industrial Area, Bengaluru, Karnataka - 560058",50 g,Not Declared,03/2026,Not Declared,India,NON-COMPLIANT,Rule 6(1)(e): Complete consumer care grievance contact details missing; Rule 6(1)(da): Maximum Retail Price (MRP) declaration absent,2026-08-03 12:02:36,79%
LMC-01517,Digestive High Fibre Biscuits 100 g,Biscuits & Cookies,"Vedic Agro Industries Pvt Ltd, Gat No. 118, Urse, Talegaon MIDC, Pune, Maharashtra - 410506",100 g,Not Declared,06/2026,Email: care@vedic.com | Ph: 1800-237-5516,India,NON-COMPLIANT,Rule 6(1)(da): Maximum Retail Price (MRP) declaration absent,2026-07-18 16:59:36,90%
LMC-01518,Roasted Arabica Coffee Beans 400 g,Tea & Coffee,"Surya Packaged Commodities LLP, Industrial Growth Centre, Mandideep, Bhopal, MP - 462046",400 g,Rs. 592.00 (Incl. of all taxes),08/2026,Email: care@surya.com | Ph: 1800-503-6872,India,COMPLIANT,None (Fully Compliant with Rule 6),2026-07-29 12:11:36,92%
LMC-01519,Coriander Dhania Powder 500 g,Spices & Condiments,"Pristine Foods & Agro Ltd, Phase 2, Peenya Industrial Area, Bengaluru, Karnataka - 560058",500 g,Rs. 100.00 (Incl. of all taxes),05/2026,Email: care@pristine.com | Ph: 1800-664-8975,India,COMPLIANT,None (Fully Compliant with Rule 6),2026-07-07 07:04:36,92%
LMC-01520,Cold Pressed Mustard Oil 5 L,Edible Oils,"Navrang Agro Commodities Corp, GIDC Naroda, Ahmedabad, Gujarat - 382330",5 L,Rs. 99.00 (Incl. of all taxes),04/2026,Email: care@navrang.com | Ph: 1800-126-5441,India,COMPLIANT,None (Fully Compliant with Rule 6),2026-07-10 20:00:36,88%
LMC-01521,Marie Crisp Tea Biscuits 100 g,Biscuits & Cookies,Not Declared,100 g,Rs. 941.00,07/2026,Email: care@vedic.com | Ph: 1800-947-5718,India,NON-COMPLIANT,Rule 6(1)(a): Manufacturer/packer declaration entirely missing; Rule 6(1)(da): Missing 'Inclusive of all taxes' declaration with MRP,2026-08-07 14:57:36,79%
LMC-01522,Khatta Meetha Mixture 750 g,Snacks & Namkeen,"Surya Packaged Commodities LLP, Industrial Growth Centre, Mandideep, Bhopal, MP - 462046",750 g,Rs. 551.00 (Incl. of all taxes),01/2026,Email: care@surya.com | Ph: 1800-384-1956,India,COMPLIANT,None (Fully Compliant with Rule 6),2026-07-20 13:06:36,92%
LMC-01523,Salted Table Butter 400 g,Dairy Products,"Surya Packaged Commodities LLP, Industrial Growth Centre, Mandideep, Bhopal, MP - 462046",400 g,Rs. 911.00 (Incl. of all taxes),06/2026,Email: care@surya.com | Ph: 1800-395-1381,India,COMPLIANT,None (Fully Compliant with Rule 6),2026-07-21 02:24:36,94%
LMC-01524,Kasuri Methi 750 g,Spices & Condiments,"Vedic Agro Industries Pvt Ltd, Gat No. 118, Urse, Talegaon MIDC, Pune, Maharashtra - 410506",750 g,Rs. 576.00 (Incl. of all taxes),05/2026,Email: care@vedic.com | Ph: 1800-381-1279,India,COMPLIANT,None (Fully Compliant with Rule 6),2026-07-20 18:35:36,89%
LMC-01525,Instant Chicory Coffee Powder 750 g,Tea & Coffee,"Navrang Agro Commodities Corp, GIDC Naroda, Ahmedabad, Gujarat - 382330",750 g,Rs. 735.00 (Incl. of all taxes),03/2026,Email: care@navrang.com | Ph: 1800-865-9141,India,COMPLIANT,None (Fully Compliant with Rule 6),2026-07-05 13:09:36,92%
LMC-01526,Marie Crisp Tea Biscuits 250 g,Biscuits & Cookies,"Himalayan Organic Ventures, SIDCUL Industrial Estate, Pantnagar, Uttarakhand - 263153",250 g,Rs. 401.00 (Incl. of all taxes),08/2026,Email: care@himalayan.com | Ph: 1800-648-9880,India,COMPLIANT,None (Fully Compliant with Rule 6),2026-08-30 07:08:36,98%
LMC-01527,Mint Peppermint Lozenges 500 g,Chocolates & Confectionery,"Pristine Foods & Agro Ltd, Phase 2, Peenya Industrial Area, Bengaluru, Karnataka - 560058",500 gms,Rs. 308.00 (Incl. of all taxes),02/2026,Email: care@pristine.com | Ph: 1800-191-4118,India,NEEDS REVIEW,Rule 6(1)(c): Non-standard unit abbreviation used ('ML' / 'ltr' instead of 'ml' / 'L'); Rule 6(1)(c): Non-standard unit abbreviation used ('gms' / 'gm' instead of standard 'g'),2026-08-10 06:45:36,85%
LMC-01528,Salted Table Butter 250 g,Dairy Products,"Surya Packaged Commodities LLP, Industrial Growth Centre, Mandideep, Bhopal, MP - 462046",250 g,Rs. 705.00 (Incl. of all taxes),03/2026,Email: care@surya.com | Ph: 1800-888-6354,India,COMPLIANT,None (Fully Compliant with Rule 6),2026-08-16 21:43:36,93%
LMC-01529,Multigrain Fibre Atta 5 kg,Atta & Flours,"Pristine Foods & Agro Ltd, Phase 2, Peenya Industrial Area, Bengaluru, Karnataka - 560058",5 kg,Rs. 612.00 (Incl. of all taxes),05/2026,Email: care@pristine.com | Ph: 1800-967-3473,India,COMPLIANT,None (Fully Compliant with Rule 6),2026-07-31 12:32:36,89%
LMC-01530,Premium Assam CTC Tea 750 g,Tea & Coffee,"Ananya Consumer Goods Ltd, Plot 42, Sector 8, IMT Manesar, Gurugram, Haryana - 122050",750 g,Rs. 576.00 (Incl. of all taxes),02/2026,Email: care@ananya.com | Ph: 1800-757-2141,India,COMPLIANT,None (Fully Compliant with Rule 6),2026-07-05 01:12:36,92%
LMC-01531,Fruit Jelly Chews Pouch 100 g,Chocolates & Confectionery,"Surya Packaged Commodities LLP, Industrial Growth Centre, Mandideep, Bhopal, MP - 462046",100 g,Rs. 833.00 (Incl. of all taxes),02/2026,Email: care@surya.com | Ph: 1800-255-3789,India,NEEDS REVIEW,Rule 6(1)(c): Non-standard unit abbreviation used ('ML' / 'ltr' instead of 'ml' / 'L'),2026-08-21 14:26:36,82%
LMC-01532,Tender Coconut Water Drink 200 ml,Beverages & Juices,"Surya Packaged Commodities LLP, Industrial Growth Centre, Mandideep, Bhopal, MP - 462046",200 ml,Rs. 639.00 (Incl. of all taxes),08/2026,Email: care@surya.com | Ph: 1800-115-2454,India,COMPLIANT,None (Fully Compliant with Rule 6),2026-07-09 04:26:36,97%
LMC-01533,Crispy Butter Cookies 400 g,Biscuits & Cookies,"Vedic Agro Industries Pvt Ltd, Gat No. 118, Urse, Talegaon MIDC, Pune, Maharashtra - 410506",Not Declared,Rs. 381.00,06/2026,Email: care@vedic.com | Ph: 1800-736-7565,India,NON-COMPLIANT,Rule 6(1)(c): Net quantity declaration absent; Rule 6(1)(da): Missing 'Inclusive of all taxes' declaration with MRP,2026-08-22 04:33:36,92%
LMC-01534,Dal Makhani Heat & Eat Meal 50 g,Ready-to-Eat,"Godavari Mills & Refineries, Sy. No. 340, Autonagar, Guntur, Andhra Pradesh - 522001",50 g,Not Declared,08/2026,Email: care@godavari.com | Ph: 1800-880-5506,India,NON-COMPLIANT,Rule 6(1)(da): Maximum Retail Price (MRP) declaration absent,2026-07-10 19:49:36,84%
LMC-01535,Caramel Toffee Pouch 50 g,Chocolates & Confectionery,"Kaveri Spices & Naturals, 14/B, Spice Park, Puttady, Idukki, Kerala - 685551",50 gms,Rs. 674.00 (Incl. of all taxes),04/2026,Email: care@kaveri.com | Ph: 1800-247-7105,India,NEEDS REVIEW,Rule 6(1)(c): Non-standard unit abbreviation used ('ML' / 'ltr' instead of 'ml' / 'L'); Rule 6(1)(c): Non-standard unit abbreviation used ('gms' / 'gm' instead of standard 'g'),2026-08-18 18:56:36,68%
LMC-01536,Sparkling Apple Cider Drink 2 L,Beverages & Juices,"Kaveri Spices & Naturals, 14/B, Spice Park, Puttady, Idukki, Kerala - 685551",2 L,Rs. 436.00 (Incl. of all taxes),04/2026,Email: care@kaveri.com | Ph: 1800-219-6062,India,COMPLIANT,None (Fully Compliant with Rule 6),2026-07-20 12:27:36,91%
LMC-01537,Palak Paneer Ready Curry 250 g,Ready-to-Eat,"Surya Packaged Commodities LLP, Industrial Growth Centre, Mandideep, Bhopal, MP - 462046",250 g,Rs. 761.00 (Incl. of all taxes),07/2026,Not Declared,India,NON-COMPLIANT,Rule 6(1)(e): Complete consumer care grievance contact details missing,2026-08-18 18:24:36,77%
LMC-01538,Marie Crisp Tea Biscuits 500 g,Biscuits & Cookies,"Navrang Agro Commodities Corp, GIDC Naroda, Ahmedabad, Gujarat - 382330",500 g,Rs. 82.00 (Incl. of all taxes),03/2026,Email: care@navrang.com | Ph: 1800-406-5194,India,COMPLIANT,None (Fully Compliant with Rule 6),2026-07-26 15:07:36,96%
LMC-01539,Coriander Dhania Powder 200 g,Spices & Condiments,"Himalayan Organic Ventures, SIDCUL Industrial Estate, Pantnagar, Uttarakhand - 263153",200 g,Rs. 380.00 (Incl. of all taxes),08/2026,Email: care@himalayan.com | Ph: 1800-431-4404,India,COMPLIANT,None (Fully Compliant with Rule 6),2026-08-21 14:02:36,99%
LMC-01540,Refined Sunflower Cooking Oil 5 L,Edible Oils,"Pristine Foods & Agro Ltd, Phase 2, Peenya Industrial Area, Bengaluru, Karnataka - 560058",5 L,Rs. 250.00 (Incl. of all taxes),04/2026,Email: care@pristine.com | Ph: 1800-538-1735,India,COMPLIANT,None (Fully Compliant with Rule 6),2026-08-26 01:48:36,94%
LMC-01541,Tangy Tomato Nacho Chips 200 g,Snacks & Namkeen,"Navrang Agro Commodities Corp, GIDC Naroda, Ahmedabad, Gujarat - 382330",200 g,Not Declared,Not Declared,Email: care@navrang.com | Ph: 1800-716-5592,India,NON-COMPLIANT,Rule 6(1)(d): Month and year of manufacture/packing missing; Rule 6(1)(da): Maximum Retail Price (MRP) declaration absent,2026-08-13 07:05:36,80%
LMC-01542,Rice Flour Fine 2 kg,Atta & Flours,"Vedic Agro Industries Pvt Ltd, Gat No. 118, Urse, Talegaon MIDC, Pune, Maharashtra - 410506",2 kgs,Rs. 118.00 (Incl. of all taxes),05/2026,Email: care@vedic.com | Ph: 1800-382-7464,India,NEEDS REVIEW,Rule 6(1)(c): Non-standard unit abbreviation used ('ML' / 'ltr' instead of 'ml' / 'L'); Rule 6(1)(c): Non-standard unit abbreviation used ('gms' / 'gm' instead of standard 'g'),2026-07-17 14:34:36,69%
LMC-01543,Roasted Arabica Coffee Beans 100 g,Tea & Coffee,Not Declared,100 g,Rs. 612.00 (Incl. of all taxes),07/2026,Email: care@kaveri.com | Ph: 1800-505-9950,Not Declared,NON-COMPLIANT,Rule 6(1)(n): Missing Country of Origin declaration; Rule 6(1)(a): Manufacturer/packer declaration entirely missing,2026-07-17 03:28:36,75%
LMC-01544,Chakki Fresh Pure Atta 5 kg,Atta & Flours,"Surya Packaged Commodities LLP, Industrial Growth Centre, Mandideep, Bhopal, MP - 462046",5 kg,Rs. 689.00 (Incl. of all taxes),03/2026,Email: care@surya.com | Ph: 1800-142-8461,India,COMPLIANT,None (Fully Compliant with Rule 6),2026-08-09 11:08:36,93%
LMC-01545,Mint Peppermint Lozenges 50 g,Chocolates & Confectionery,"Pristine Foods & Agro Ltd, Phase 2, Peenya Industrial Area, Bengaluru, Karnataka - 560058",50 g,Rs. 378.00 (Incl. of all taxes),07/2026,Email: care@pristine.com | Ph: 1800-638-4091,India,COMPLIANT,None (Fully Compliant with Rule 6),2026-07-23 02:28:36,97%
LMC-01546,Kashmiri Degi Mirch Powder 50 g,Spices & Condiments,"Pristine Foods & Agro Ltd, Phase 2, Peenya Industrial Area, Bengaluru, Karnataka - 560058",50 g,Rs. 671.00 (Incl. of all taxes),07/2026,Email: care@pristine.com | Ph: 1800-146-9387,India,COMPLIANT,None (Fully Compliant with Rule 6),2026-07-25 06:19:36,97%
LMC-01547,Darjeeling Whole Leaf Black Tea 50 g,Tea & Coffee,"Kaveri Spices & Naturals, 14/B, Spice Park, Puttady, Idukki, Kerala - 685551",50 g,Rs. 405.00 (Incl. of all taxes),07/2026,Email: care@kaveri.com | Ph: 1800-482-4020,India,COMPLIANT,None (Fully Compliant with Rule 6),2026-07-11 22:01:36,97%
LMC-01548,Dark Silk Chocolate Bar 50 g,Chocolates & Confectionery,"Navrang Agro Commodities Corp, GIDC Naroda, Ahmedabad, Gujarat - 382330",50 g,Rs. 605.00 (Incl. of all taxes),04/2026,Email: care@navrang.com | Ph: 1800-547-7153,India,COMPLIANT,None (Fully Compliant with Rule 6),2026-07-25 02:44:36,90%
LMC-01549,Virgin Cold Pressed Coconut Oil 5 L,Edible Oils,"Godavari Mills & Refineries, Sy. No. 340, Autonagar, Guntur, Andhra Pradesh - 522001",5 L,Rs. 276.00 (Incl. of all taxes),01/2026,Email: care@godavari.com | Ph: 1800-480-1945,Imported (Origin: Sri Lanka),COMPLIANT,None (Fully Compliant with Rule 6),2026-09-02 15:26:36,89%
LMC-01550,Pure Malai Paneer 200 g,Dairy Products,"Ananya Consumer Goods Ltd, Plot 42, Sector 8, IMT Manesar, Gurugram, Haryana - 122050",200 g,Rs. 767.00 (Incl. of all taxes),06/2026,Email: care@ananya.com | Ph: 1800-418-2039,India,COMPLIANT,None (Fully Compliant with Rule 6),2026-08-18 13:42:36,89%
LMC-01551,Mint Peppermint Lozenges 250 g,Chocolates & Confectionery,"Himalayan Organic Ventures, Pantnagar",250 gms,Rs. 944.00 (Incl. of all taxes),02/2026,Email: care@himalayan.com | Ph: 1800-275-4301,India,NEEDS REVIEW,Rule 6(1)(a): Physical address of manufacturer incomplete (missing PIN code/city); Rule 6(1)(c): Non-standard unit abbreviation used ('gms' / 'gm' instead of standard 'g'),2026-08-08 11:37:36,83%
LMC-01552,Caramel Toffee Pouch 50 g,Chocolates & Confectionery,"Ananya Consumer Goods Ltd, Plot 42, Sector 8, IMT Manesar, Gurugram, Haryana - 122050",50 g,Rs. 560.00 (Incl. of all taxes),02/2026,Email: care@ananya.com | Ph: 1800-374-5526,India,NEEDS REVIEW,Rule 7: Font size / unit symbol ambiguous or truncated under OCR,2026-07-29 20:39:36,66%
LMC-01553,Alphonso Mango Nectar 250 ml,Beverages & Juices,"Navrang Agro Commodities Corp, GIDC Naroda, Ahmedabad, Gujarat - 382330",250 ml,Rs. 470.00 (Incl. of all taxes),04/2026,Email: care@navrang.com | Ph: 1800-895-4819,India,COMPLIANT,None (Fully Compliant with Rule 6),2026-08-28 09:04:36,88%
LMC-01554,Sterilized Flavoured Milk 250 g,Dairy Products,"Surya Packaged Commodities LLP, Industrial Growth Centre, Mandideep, Bhopal, MP - 462046",250 g,Rs. 658.00 (Incl. of all taxes),07/2026,Email: care@surya.com | Ph: 1800-689-2718,India,COMPLIANT,None (Fully Compliant with Rule 6),2026-07-11 11:21:36,91%
LMC-01555,Pure Malai Paneer 400 g,Dairy Products,"Pristine Foods & Agro Ltd, Phase 2, Peenya Industrial Area, Bengaluru, Karnataka - 560058",400 g,Rs. 728.00 (Incl. of all taxes),07/2026,Email: care@pristine.com | Ph: 1800-764-3547,India,NEEDS REVIEW,Rule 6(1)(c): Non-standard unit abbreviation used ('ML' / 'ltr' instead of 'ml' / 'L'),2026-07-14 01:02:36,83%
LMC-01556,Crispy Butter Cookies 250 g,Biscuits & Cookies,"Vedic Agro Industries Pvt Ltd, Gat No. 118, Urse, Talegaon MIDC, Pune, Maharashtra - 410506",250 g,Not Declared,04/2026,Email: care@vedic.com | Ph: 1800-467-3514,India,NON-COMPLIANT,Rule 6(1)(da): Maximum Retail Price (MRP) declaration absent,2026-07-15 08:01:36,91%
LMC-01557,Sharbati Whole Wheat Atta 5 kg,Atta & Flours,"Pristine Foods & Agro Ltd, Phase 2, Peenya Industrial Area, Bengaluru, Karnataka - 560058",5 kg,Not Declared,Not Declared,Email: care@pristine.com | Ph: 1800-110-5412,India,NON-COMPLIANT,Rule 6(1)(d): Month and year of manufacture/packing missing; Rule 6(1)(da): Maximum Retail Price (MRP) declaration absent,2026-08-29 08:37:36,95%
LMC-01558,Poha Instant Breakfast Bowl 250 g,Ready-to-Eat,"Kaveri Spices & Naturals, 14/B, Spice Park, Puttady, Idukki, Kerala - 685551",250 g,Rs. 78.00 (Incl. of all taxes),02/2026,Email: care@kaveri.com | Ph: 1800-766-3910,India,COMPLIANT,None (Fully Compliant with Rule 6),2026-09-01 10:14:36,89%
LMC-01559,Khatta Meetha Mixture 250 g,Snacks & Namkeen,"Himalayan Organic Ventures, SIDCUL Industrial Estate, Pantnagar, Uttarakhand - 263153",Not Declared,Not Declared,08/2026,Email: care@himalayan.com | Ph: 1800-723-2652,India,NON-COMPLIANT,Rule 6(1)(da): Maximum Retail Price (MRP) declaration absent; Rule 6(1)(c): Net quantity declaration absent,2026-07-25 07:59:36,92%
LMC-01560,Kashmiri Degi Mirch Powder 100 g,Spices & Condiments,"Ananya Consumer Goods Ltd, Gurugram",100 g,Rs. 939.00 (Incl. of all taxes),02/2026,Helpline: 1800-505-4234 (Email missing),India,NEEDS REVIEW,Rule 6(1)(e): Missing consumer care email address; Rule 6(1)(a): Physical address of manufacturer incomplete (missing PIN code/city),2026-08-20 19:42:36,68%
LMC-01561,Black Mustard Seeds 100 g,Spices & Condiments,Not Declared,100 g,Rs. 668.00 (Incl. of all taxes),07/2026,Email: care@kaveri.com | Ph: 1800-566-5904,Not Declared,NON-COMPLIANT,Rule 6(1)(a): Manufacturer/packer declaration entirely missing; Rule 6(1)(n): Missing Country of Origin declaration,2026-08-11 14:07:36,94%
LMC-01562,Sterilized Flavoured Milk 750 g,Dairy Products,"Pristine Foods & Agro Ltd, Phase 2, Peenya Industrial Area, Bengaluru, Karnataka - 560058",750 g,Rs. 295.00 (Incl. of all taxes),08/2026,Email: care@pristine.com | Ph: 1800-626-5304,India,COMPLIANT,None (Fully Compliant with Rule 6),2026-08-08 02:20:36,94%
LMC-01563,Greek Style Plain Yogurt 100 g,Dairy Products,"Pristine Foods & Agro Ltd, Phase 2, Peenya Industrial Area, Bengaluru, Karnataka - 560058",100 g,Rs. 534.00 (Incl. of all taxes),01/2026,Helpline: 1800-985-2673 (Email missing),India,NEEDS REVIEW,Rule 6(1)(e): Missing consumer care email address; Rule 6(1)(c): Non-standard unit abbreviation used ('ML' / 'ltr' instead of 'ml' / 'L'),2026-07-09 23:20:36,62%
LMC-01564,Dark Silk Chocolate Bar 200 g,Chocolates & Confectionery,"Navrang Agro Commodities Corp, GIDC Naroda, Ahmedabad, Gujarat - 382330",200 g,Rs. 460.00 (Incl. of all taxes),02/2026,Email: care@navrang.com | Ph: 1800-350-1078,India,COMPLIANT,None (Fully Compliant with Rule 6),2026-08-29 14:33:36,91%
LMC-01565,Crunchy Moong Dal Namkeen 400 g,Snacks & Namkeen,"Godavari Mills & Refineries, Sy. No. 340, Autonagar, Guntur, Andhra Pradesh - 522001",400 g,Rs. 350.00 (Incl. of all taxes),01/2026,Email: care@godavari.com | Ph: 1800-163-5943,India,COMPLIANT,None (Fully Compliant with Rule 6),2026-07-14 12:42:36,94%
LMC-01566,Gulab Jamun Instant Mix 50 g,Ready-to-Eat,"Surya Packaged Commodities LLP, Industrial Growth Centre, Mandideep, Bhopal, MP - 462046",50 g,Rs. 154.00 (Incl. of all taxes),04/2026,Email: care@surya.com | Ph: 1800-825-6376,India,COMPLIANT,None (Fully Compliant with Rule 6),2026-08-07 14:47:36,93%
LMC-01567,Premium Assam CTC Tea 50 g,Tea & Coffee,"Surya Packaged Commodities LLP, Industrial Growth Centre, Mandideep, Bhopal, MP - 462046",50 gms,Rs. 850.00 (Incl. of all taxes),04/2026,Email: care@surya.com | Ph: 1800-243-5418,India,NEEDS REVIEW,Rule 6(1)(c): Non-standard unit abbreviation used ('gms' / 'gm' instead of standard 'g'); Rule 7: Font size / unit symbol ambiguous or truncated under OCR,2026-08-17 17:51:36,65%
LMC-01568,Royal Garam Masala Blend 750 g,Spices & Condiments,"Himalayan Organic Ventures, SIDCUL Industrial Estate, Pantnagar, Uttarakhand - 263153",750 g,Rs. 476.00 (Incl. of all taxes),08/2026,Email: care@himalayan.com | Ph: 1800-213-2161,India,COMPLIANT,None (Fully Compliant with Rule 6),2026-08-09 17:03:36,91%
LMC-01569,Royal Garam Masala Blend 200 g,Spices & Condiments,"Navrang Agro Commodities Corp, GIDC Naroda, Ahmedabad, Gujarat - 382330",200 g,Rs. 397.00 (Incl. of all taxes),02/2026,Not Declared,India,NON-COMPLIANT,Rule 6(1)(e): Complete consumer care grievance contact details missing,2026-07-27 13:32:36,82%
LMC-01570,Caramel Toffee Pouch 200 g,Chocolates & Confectionery,"Godavari Mills & Refineries, Sy. No. 340, Autonagar, Guntur, Andhra Pradesh - 522001",200 gms,Rs. 417.00 (Incl. of all taxes),01/2026,Email: care@godavari.com | Ph: 1800-387-7027,India,NEEDS REVIEW,Rule 7: Font size / unit symbol ambiguous or truncated under OCR; Rule 6(1)(c): Non-standard unit abbreviation used ('gms' / 'gm' instead of standard 'g'),2026-08-19 02:50:36,64%
LMC-01571,Blended Edible Vegetable Oil 5 L,Edible Oils,"Vedic Agro Industries Pvt Ltd, Gat No. 118, Urse, Talegaon MIDC, Pune, Maharashtra - 410506",5 L,Rs. 183.00 (Incl. of all taxes),08/2026,Email: care@vedic.com | Ph: 1800-778-7283,India,COMPLIANT,None (Fully Compliant with Rule 6),2026-08-12 15:14:36,94%
LMC-01572,Pure Sesame Gingelly Oil 500 ml,Edible Oils,"Vedic Agro Industries Pvt Ltd, Gat No. 118, Urse, Talegaon MIDC, Pune, Maharashtra - 410506",Not Declared,Rs. 120.00 (Incl. of all taxes),05/2026,Email: care@vedic.com | Ph: 1800-606-9287,Not Declared,NON-COMPLIANT,Rule 6(1)(n): Missing Country of Origin declaration; Rule 6(1)(c): Net quantity declaration absent,2026-08-17 11:34:36,91%
LMC-01573,Refined Sunflower Cooking Oil 5 L,Edible Oils,"Navrang Agro Commodities Corp, GIDC Naroda, Ahmedabad, Gujarat - 382330",5 L,Rs. 393.00 (Incl. of all taxes),Not Declared,Email: care@navrang.com | Ph: 1800-343-6999,India,NON-COMPLIANT,Rule 6(1)(d): Month and year of manufacture/packing missing,2026-08-06 01:51:36,82%
LMC-01574,Multigrain Fibre Atta 1 kg,Atta & Flours,Not Declared,1 kg,Rs. 844.00 (Incl. of all taxes),08/2026,Email: care@surya.com | Ph: 1800-615-9221,India,NON-COMPLIANT,Rule 6(1)(a): Manufacturer/packer declaration entirely missing,2026-07-31 03:50:36,83%
LMC-01575,Bourbon Chocolate Cream Biscuits 500 g,Biscuits & Cookies,"Godavari Mills & Refineries, Sy. No. 340, Autonagar, Guntur, Andhra Pradesh - 522001",500 g,Rs. 789.00 (Incl. of all taxes),03/2026,Email: care@godavari.com | Ph: 1800-975-8306,India,COMPLIANT,None (Fully Compliant with Rule 6),2026-08-19 19:15:36,94%
LMC-01576,Digestive High Fibre Biscuits 100 g,Biscuits & Cookies,"Surya Packaged Commodities LLP, Industrial Growth Centre, Mandideep, Bhopal, MP - 462046",100 g,Rs. 660.00 (Incl. of all taxes),02/2026,Email: care@surya.com | Ph: 1800-469-5566,India,COMPLIANT,None (Fully Compliant with Rule 6),2026-07-17 04:49:36,95%
LMC-01577,Refined Groundnut Oil 250 ml,Edible Oils,"Godavari Mills & Refineries, Sy. No. 340, Autonagar, Guntur, Andhra Pradesh - 522001",250 ml,Rs. 873.00 (Incl. of all taxes),03/2026,Email: care@godavari.com | Ph: 1800-189-3186,India,COMPLIANT,None (Fully Compliant with Rule 6),2026-07-24 23:37:36,99%
LMC-01578,Blended Edible Vegetable Oil 750 ml,Edible Oils,"Surya Packaged Commodities LLP, Industrial Growth Centre, Mandideep, Bhopal, MP - 462046",750 ml,Rs. 164.00 (Incl. of all taxes),Not Declared,Email: care@surya.com | Ph: 1800-493-1280,India,NON-COMPLIANT,Rule 6(1)(d): Month and year of manufacture/packing missing,2026-07-27 17:44:36,78%
LMC-01579,Greek Style Plain Yogurt 750 g,Dairy Products,"Ananya Consumer Goods Ltd, Plot 42, Sector 8, IMT Manesar, Gurugram, Haryana - 122050",750 g,Rs. 91.00 (Incl. of all taxes),Not Declared,Email: care@ananya.com | Ph: 1800-645-5925,India,NON-COMPLIANT,Rule 6(1)(d): Month and year of manufacture/packing missing,2026-07-30 23:45:36,78%
LMC-01580,Maida Refined Wheat Flour 5 kg,Atta & Flours,"Navrang Agro Commodities Corp, GIDC Naroda, Ahmedabad, Gujarat - 382330",5 kg,Rs. 542.00 (Incl. of all taxes),02/2026,Email: care@navrang.com | Ph: 1800-176-3169,India,COMPLIANT,None (Fully Compliant with Rule 6),2026-07-24 23:55:36,92%
LMC-01581,Pasteurized Cow Ghee 200 g,Dairy Products,"Surya Packaged Commodities LLP, Industrial Growth Centre, Mandideep, Bhopal, MP - 462046",200 g,Rs. 618.00,05/2026,Email: care@surya.com | Ph: 1800-104-5931,Not Declared,NON-COMPLIANT,Rule 6(1)(n): Missing Country of Origin declaration; Rule 6(1)(da): Missing 'Inclusive of all taxes' declaration with MRP,2026-07-28 08:16:36,91%
LMC-01582,Instant Chicory Coffee Powder 500 g,Tea & Coffee,"Ananya Consumer Goods Ltd, Plot 42, Sector 8, IMT Manesar, Gurugram, Haryana - 122050",500 g,Rs. 441.00 (Incl. of all taxes),02/2026,Email: care@ananya.com | Ph: 1800-829-2515,India,COMPLIANT,None (Fully Compliant with Rule 6),2026-08-28 08:09:36,89%
LMC-01583,Crunchy Moong Dal Namkeen 200 g,Snacks & Namkeen,"Ananya Consumer Goods Ltd, Plot 42, Sector 8, IMT Manesar, Gurugram, Haryana - 122050",200 g,Rs. 661.00,01/2026,Not Declared,India,NON-COMPLIANT,Rule 6(1)(e): Complete consumer care grievance contact details missing; Rule 6(1)(da): Missing 'Inclusive of all taxes' declaration with MRP,2026-07-10 14:45:36,77%
LMC-01584,Spicy Aloo Bhujia 50 g,Snacks & Namkeen,Not Declared,50 g,Rs. 663.00 (Incl. of all taxes),06/2026,Not Declared,India,NON-COMPLIANT,Rule 6(1)(a): Manufacturer/packer declaration entirely missing; Rule 6(1)(e): Complete consumer care grievance contact details missing,2026-07-25 06:13:36,79%
LMC-01585,Roasted Arabica Coffee Beans 500 g,Tea & Coffee,"Pristine Foods & Agro Ltd, Phase 2, Peenya Industrial Area, Bengaluru, Karnataka - 560058",500 g,Rs. 905.00 (Incl. of all taxes),06/2026,Email: care@pristine.com | Ph: 1800-514-5503,India,COMPLIANT,None (Fully Compliant with Rule 6),2026-07-30 01:55:36,90%
LMC-01586,Blended Edible Vegetable Oil 100 ml,Edible Oils,"Himalayan Organic Ventures, SIDCUL Industrial Estate, Pantnagar, Uttarakhand - 263153",100 ml,Rs. 744.00 (Incl. of all taxes),06/2026,Email: care@himalayan.com | Ph: 1800-216-6853,Imported (Origin: Sri Lanka),NEEDS REVIEW,Rule 7: Font size / unit symbol ambiguous or truncated under OCR,2026-08-28 19:56:36,61%
LMC-01587,Darjeeling Whole Leaf Black Tea 50 g,Tea & Coffee,"Kaveri Spices & Naturals, 14/B, Spice Park, Puttady, Idukki, Kerala - 685551",50 g,Rs. 381.00 (Incl. of all taxes),05/2026,Email: care@kaveri.com | Ph: 1800-313-8632,Imported (Origin: Sri Lanka),COMPLIANT,None (Fully Compliant with Rule 6),2026-07-08 15:52:36,91%
LMC-01588,Green Tea Lemon Honey Bags 50 g,Tea & Coffee,"Kaveri Spices & Naturals, 14/B, Spice Park, Puttady, Idukki, Kerala - 685551",50 g,Rs. 900.00 (Incl. of all taxes),06/2026,Email: care@kaveri.com | Ph: 1800-134-5490,India,COMPLIANT,None (Fully Compliant with Rule 6),2026-08-10 06:41:36,89%
LMC-01589,Almond Cashew Shortbread 50 g,Biscuits & Cookies,"Kaveri Spices & Naturals, 14/B, Spice Park, Puttady, Idukki, Kerala - 685551",50 g,Rs. 718.00 (Incl. of all taxes),03/2026,Email: care@kaveri.com | Ph: 1800-281-4290,India,COMPLIANT,None (Fully Compliant with Rule 6),2026-07-19 16:18:36,98%
LMC-01590,Blended Edible Vegetable Oil 2 L,Edible Oils,"Navrang Agro Commodities Corp, GIDC Naroda, Ahmedabad, Gujarat - 382330",2 L,Rs. 76.00 (Incl. of all taxes),03/2026,Email: care@navrang.com | Ph: 1800-372-9991,India,COMPLIANT,None (Fully Compliant with Rule 6),2026-08-22 06:40:36,89%
LMC-01591,Roasted Arabica Coffee Beans 250 g,Tea & Coffee,"Surya Packaged Commodities LLP, Industrial Growth Centre, Mandideep, Bhopal, MP - 462046",250 g,Rs. 840.00 (Incl. of all taxes),07/2026,Email: care@surya.com | Ph: 1800-529-3016,Not Declared,NON-COMPLIANT,Rule 6(1)(n): Missing Country of Origin declaration,2026-07-23 13:35:36,90%
LMC-01592,Roasted Almond Milk Bar 100 g,Chocolates & Confectionery,"Ananya Consumer Goods Ltd, Plot 42, Sector 8, IMT Manesar, Gurugram, Haryana - 122050",100 g,Rs. 166.00 (Incl. of all taxes),07/2026,Email: care@ananya.com | Ph: 1800-358-2668,India,COMPLIANT,None (Fully Compliant with Rule 6),2026-08-06 20:44:36,99%
LMC-01593,Rice Flour Fine 1 kg,Atta & Flours,"Vedic Agro Industries Pvt Ltd, Gat No. 118, Urse, Talegaon MIDC, Pune, Maharashtra - 410506",Not Declared,Rs. 753.00 (Incl. of all taxes),02/2026,Email: care@vedic.com | Ph: 1800-310-6498,Not Declared,NON-COMPLIANT,Rule 6(1)(c): Net quantity declaration absent; Rule 6(1)(n): Missing Country of Origin declaration,2026-08-02 16:13:36,85%
LMC-01594,Alphonso Mango Nectar 5 L,Beverages & Juices,"Himalayan Organic Ventures, SIDCUL Industrial Estate, Pantnagar, Uttarakhand - 263153",5 L,Rs. 624.00 (Incl. of all taxes),05/2026,Email: care@himalayan.com | Ph: 1800-789-3250,Not Declared,NON-COMPLIANT,Rule 6(1)(n): Missing Country of Origin declaration,2026-07-12 12:18:36,84%
LMC-01595,Multigrain Fibre Atta 10 kg,Atta & Flours,"Navrang Agro Commodities Corp, Ahmedabad",10 kg,Rs. 210.00 (Incl. of all taxes),05/2026,Email: care@navrang.com | Ph: 1800-766-9780,India,NEEDS REVIEW,Rule 6(1)(a): Physical address of manufacturer incomplete (missing PIN code/city),2026-08-18 07:57:36,78%
LMC-01596,Spicy Aloo Bhujia 200 g,Snacks & Namkeen,Not Declared,200 g,Rs. 696.00 (Incl. of all taxes),08/2026,Email: care@godavari.com | Ph: 1800-398-9620,India,NON-COMPLIANT,Rule 6(1)(a): Manufacturer/packer declaration entirely missing,2026-07-13 12:40:36,77%
LMC-01597,Royal Garam Masala Blend 50 g,Spices & Condiments,"Himalayan Organic Ventures, SIDCUL Industrial Estate, Pantnagar, Uttarakhand - 263153",50 g,Rs. 928.00 (Incl. of all taxes),05/2026,Helpline: 1800-578-8642 (Email missing),India,NEEDS REVIEW,Rule 6(1)(c): Non-standard unit abbreviation used ('ML' / 'ltr' instead of 'ml' / 'L'); Rule 6(1)(e): Missing consumer care email address,2026-08-30 00:54:36,65%
LMC-01598,Crispy Butter Cookies 100 g,Biscuits & Cookies,Not Declared,100 g,Rs. 624.00 (Incl. of all taxes),Not Declared,Email: care@ananya.com | Ph: 1800-178-7765,India,NON-COMPLIANT,Rule 6(1)(d): Month and year of manufacture/packing missing; Rule 6(1)(a): Manufacturer/packer declaration entirely missing,2026-07-13 16:29:36,93%
LMC-01599,Masala Potato Wafers 100 g,Snacks & Namkeen,"Navrang Agro Commodities Corp, GIDC Naroda, Ahmedabad, Gujarat - 382330",100 g,Rs. 480.00 (Incl. of all taxes),02/2026,Email: care@navrang.com | Ph: 1800-410-6958,India,COMPLIANT,None (Fully Compliant with Rule 6),2026-08-31 06:37:36,96%
LMC-01600,Refined Sunflower Cooking Oil 250 ml,Edible Oils,"Godavari Mills & Refineries, Sy. No. 340, Autonagar, Guntur, Andhra Pradesh - 522001",250 ml,Rs. 580.00 (Incl. of all taxes),07/2026,Email: care@godavari.com | Ph: 1800-706-4081,India,COMPLIANT,None (Fully Compliant with Rule 6),2026-07-13 04:59:36,98%
LMC-01601,Roasted Arabica Coffee Beans 750 g,Tea & Coffee,"Godavari Mills & Refineries, Sy. No. 340, Autonagar, Guntur, Andhra Pradesh - 522001",750 g,Rs. 760.00 (Incl. of all taxes),07/2026,Email: care@godavari.com | Ph: 1800-550-3585,Imported (Origin: Sri Lanka),COMPLIANT,None (Fully Compliant with Rule 6),2026-08-04 20:01:36,92%
LMC-01602,Palak Paneer Ready Curry 250 g,Ready-to-Eat,"Surya Packaged Commodities LLP, Industrial Growth Centre, Mandideep, Bhopal, MP - 462046",250 g,Rs. 79.00 (Incl. of all taxes),04/2026,Email: care@surya.com | Ph: 1800-916-7045,India,COMPLIANT,None (Fully Compliant with Rule 6),2026-07-18 23:31:36,96%
LMC-01603,Alphonso Mango Nectar 250 ml,Beverages & Juices,"Surya Packaged Commodities LLP, Industrial Growth Centre, Mandideep, Bhopal, MP - 462046",250 ml,Rs. 597.00,02/2026,Email: care@surya.com | Ph: 1800-489-3585,India,NON-COMPLIANT,Rule 6(1)(da): Missing 'Inclusive of all taxes' declaration with MRP,2026-07-16 17:35:36,89%
LMC-01604,Poha Instant Breakfast Bowl 100 g,Ready-to-Eat,"Surya Packaged Commodities LLP, Industrial Growth Centre, Mandideep, Bhopal, MP - 462046",100 gms,Rs. 611.00 (Incl. of all taxes),02/2026,Email: care@surya.com | Ph: 1800-395-7142,India,NEEDS REVIEW,Rule 6(1)(c): Non-standard unit abbreviation used ('gms' / 'gm' instead of standard 'g'),2026-07-17 20:03:36,68%
LMC-01605,Crispy Butter Cookies 200 g,Biscuits & Cookies,"Ananya Consumer Goods Ltd, Plot 42, Sector 8, IMT Manesar, Gurugram, Haryana - 122050",200 g,Rs. 474.00 (Incl. of all taxes),05/2026,Email: care@ananya.com | Ph: 1800-357-5637,India,COMPLIANT,None (Fully Compliant with Rule 6),2026-07-08 00:35:36,93%
LMC-01606,Pasteurized Cow Ghee 400 g,Dairy Products,Not Declared,400 g,Rs. 140.00 (Incl. of all taxes),02/2026,Email: care@kaveri.com | Ph: 1800-906-2073,India,NON-COMPLIANT,Rule 6(1)(a): Manufacturer/packer declaration entirely missing,2026-08-27 12:55:36,79%
LMC-01607,Lemon Iced Tea Concentrate 200 ml,Beverages & Juices,"Himalayan Organic Ventures, SIDCUL Industrial Estate, Pantnagar, Uttarakhand - 263153",200 ml,Rs. 464.00 (Incl. of all taxes),04/2026,Email: care@himalayan.com | Ph: 1800-633-5096,India,COMPLIANT,None (Fully Compliant with Rule 6),2026-08-28 14:07:36,97%
LMC-01608,Mixed Fruit Orchard Blend 1 L,Beverages & Juices,"Surya Packaged Commodities LLP, Industrial Growth Centre, Mandideep, Bhopal, MP - 462046",1 L,Rs. 91.00 (Incl. of all taxes),03/2026,Not Declared,India,NON-COMPLIANT,Rule 6(1)(e): Complete consumer care grievance contact details missing,2026-09-01 04:25:36,88%
LMC-01609,Palak Paneer Ready Curry 100 g,Ready-to-Eat,"Ananya Consumer Goods Ltd, Plot 42, Sector 8, IMT Manesar, Gurugram, Haryana - 122050",100 g,Rs. 728.00 (Incl. of all taxes),05/2026,Email: care@ananya.com | Ph: 1800-492-9386,India,COMPLIANT,None (Fully Compliant with Rule 6),2026-07-13 17:23:36,92%
LMC-01610,Digestive High Fibre Biscuits 100 g,Biscuits & Cookies,"Navrang Agro Commodities Corp, GIDC Naroda, Ahmedabad, Gujarat - 382330",100 g,Rs. 703.00,01/2026,Email: care@navrang.com | Ph: 1800-575-2472,India,NON-COMPLIANT,Rule 6(1)(da): Missing 'Inclusive of all taxes' declaration with MRP,2026-07-07 07:02:36,77%
LMC-01611,Kasuri Methi 400 g,Spices & Condiments,"Surya Packaged Commodities LLP, Industrial Growth Centre, Mandideep, Bhopal, MP - 462046",400 g,Rs. 286.00 (Incl. of all taxes),07/2026,Email: care@surya.com | Ph: 1800-401-3418,India,COMPLIANT,None (Fully Compliant with Rule 6),2026-08-12 01:24:36,96%
LMC-01612,Cold Pressed Mustard Oil 5 L,Edible Oils,"Godavari Mills & Refineries, Sy. No. 340, Autonagar, Guntur, Andhra Pradesh - 522001",5 L,Rs. 610.00 (Incl. of all taxes),Not Declared,Email: care@godavari.com | Ph: 1800-755-1324,Imported (Origin: Sri Lanka),NON-COMPLIANT,Rule 6(1)(d): Month and year of manufacture/packing missing,2026-07-26 10:03:36,96%
LMC-01613,Blended Edible Vegetable Oil 250 ml,Edible Oils,Not Declared,250 ml,Rs. 578.00 (Incl. of all taxes),08/2026,Email: care@ananya.com | Ph: 1800-552-6613,India,NON-COMPLIANT,Rule 6(1)(a): Manufacturer/packer declaration entirely missing,2026-08-29 13:36:36,84%
LMC-01614,Maida Refined Wheat Flour 5 kg,Atta & Flours,"Navrang Agro Commodities Corp, GIDC Naroda, Ahmedabad, Gujarat - 382330",5 kg,Rs. 655.00 (Incl. of all taxes),02/2026,Email: care@navrang.com | Ph: 1800-209-4096,Not Declared,NON-COMPLIANT,Rule 6(1)(n): Missing Country of Origin declaration,2026-08-16 02:06:36,82%
LMC-01615,Rice Flour Fine 2 kg,Atta & Flours,"Himalayan Organic Ventures, SIDCUL Industrial Estate, Pantnagar, Uttarakhand - 263153",2 kg,Rs. 36.00 (Incl. of all taxes),07/2026,Email: care@himalayan.com | Ph: 1800-692-5737,India,COMPLIANT,None (Fully Compliant with Rule 6),2026-08-05 12:19:36,90%
LMC-01616,Agmark Haldi Turmeric Powder 200 g,Spices & Condiments,"Navrang Agro Commodities Corp, GIDC Naroda, Ahmedabad, Gujarat - 382330",200 g,Rs. 675.00 (Incl. of all taxes),04/2026,Helpline: 1800-976-8017 (Email missing),Imported (Origin: Sri Lanka),NEEDS REVIEW,Rule 6(1)(e): Missing consumer care email address,2026-09-03 02:17:36,64%
LMC-01617,Caramel Toffee Pouch 500 g,Chocolates & Confectionery,Not Declared,500 g,Rs. 675.00 (Incl. of all taxes),06/2026,Email: care@vedic.com | Ph: 1800-381-9363,India,NON-COMPLIANT,Rule 6(1)(a): Manufacturer/packer declaration entirely missing,2026-08-22 01:47:36,91%
LMC-01618,Refined Groundnut Oil 500 ml,Edible Oils,"Vedic Agro Industries Pvt Ltd, Gat No. 118, Urse, Talegaon MIDC, Pune, Maharashtra - 410506",500 ml,Rs. 41.00 (Incl. of all taxes),04/2026,Email: care@vedic.com | Ph: 1800-600-7651,Not Declared,NON-COMPLIANT,Rule 6(1)(n): Missing Country of Origin declaration,2026-07-22 23:45:36,81%
LMC-01619,Tender Coconut Water Drink 500 ml,Beverages & Juices,"Surya Packaged Commodities LLP, Industrial Growth Centre, Mandideep, Bhopal, MP - 462046",500 ml,Rs. 717.00 (Incl. of all taxes),04/2026,Email: care@surya.com | Ph: 1800-412-8725,India,COMPLIANT,None (Fully Compliant with Rule 6),2026-08-07 17:47:36,95%
LMC-01620,Spicy Aloo Bhujia 200 g,Snacks & Namkeen,"Kaveri Spices & Naturals, 14/B, Spice Park, Puttady, Idukki, Kerala - 685551",200 gms,Rs. 373.00 (Incl. of all taxes),05/2026,Email: care@kaveri.com | Ph: 1800-659-2428,India,NEEDS REVIEW,Rule 6(1)(c): Non-standard unit abbreviation used ('gms' / 'gm' instead of standard 'g'); Rule 6(1)(c): Non-standard unit abbreviation used ('ML' / 'ltr' instead of 'ml' / 'L'),2026-08-27 16:46:36,64%
LMC-01621,Cold Pressed Mustard Oil 750 ml,Edible Oils,"Godavari Mills & Refineries, Sy. No. 340, Autonagar, Guntur, Andhra Pradesh - 522001",750 ml,Rs. 724.00 (Incl. of all taxes),07/2026,Email: care@godavari.com | Ph: 1800-673-3917,India,COMPLIANT,None (Fully Compliant with Rule 6),2026-07-26 02:34:36,95%
LMC-01622,Cold Pressed Mustard Oil 200 ml,Edible Oils,"Kaveri Spices & Naturals, 14/B, Spice Park, Puttady, Idukki, Kerala - 685551",200 ml,Rs. 760.00 (Incl. of all taxes),06/2026,Email: care@kaveri.com | Ph: 1800-881-8692,India,COMPLIANT,None (Fully Compliant with Rule 6),2026-09-03 11:48:36,88%
LMC-01623,Digestive High Fibre Biscuits 100 g,Biscuits & Cookies,"Ananya Consumer Goods Ltd, Plot 42, Sector 8, IMT Manesar, Gurugram, Haryana - 122050",100 g,Rs. 564.00 (Incl. of all taxes),06/2026,Email: care@ananya.com | Ph: 1800-486-6374,Imported (Origin: Sri Lanka),COMPLIANT,None (Fully Compliant with Rule 6),2026-07-19 23:30:36,93%
LMC-01624,Almond Cashew Shortbread 200 g,Biscuits & Cookies,"Godavari Mills & Refineries, Sy. No. 340, Autonagar, Guntur, Andhra Pradesh - 522001",200 g,Rs. 246.00,01/2026,Email: care@godavari.com | Ph: 1800-569-2069,India,NON-COMPLIANT,Rule 6(1)(da): Missing 'Inclusive of all taxes' declaration with MRP,2026-08-24 16:36:36,90%
LMC-01625,Roasted Almond Milk Bar 250 g,Chocolates & Confectionery,"Ananya Consumer Goods Ltd, Plot 42, Sector 8, IMT Manesar, Gurugram, Haryana - 122050",250 g,Rs. 908.00 (Incl. of all taxes),05/2026,Email: care@ananya.com | Ph: 1800-242-4069,India,COMPLIANT,None (Fully Compliant with Rule 6),2026-08-28 23:44:36,91%
LMC-01626,Spicy Aloo Bhujia 50 g,Snacks & Namkeen,"Himalayan Organic Ventures, SIDCUL Industrial Estate, Pantnagar, Uttarakhand - 263153",50 g,Rs. 497.00 (Incl. of all taxes),02/2026,Email: care@himalayan.com | Ph: 1800-201-8128,India,COMPLIANT,None (Fully Compliant with Rule 6),2026-08-18 10:59:36,92%
LMC-01627,Sparkling Apple Cider Drink 500 ml,Beverages & Juices,"Ananya Consumer Goods Ltd, Plot 42, Sector 8, IMT Manesar, Gurugram, Haryana - 122050",500 ml,Rs. 398.00 (Incl. of all taxes),03/2026,Email: care@ananya.com | Ph: 1800-498-9037,India,COMPLIANT,None (Fully Compliant with Rule 6),2026-07-14 23:39:36,98%
LMC-01628,Black Mustard Seeds 50 g,Spices & Condiments,"Ananya Consumer Goods Ltd, Plot 42, Sector 8, IMT Manesar, Gurugram, Haryana - 122050",50 g,Rs. 710.00 (Incl. of all taxes),07/2026,Email: care@ananya.com | Ph: 1800-566-7152,India,COMPLIANT,None (Fully Compliant with Rule 6),2026-08-31 04:04:36,89%
LMC-01629,Spicy Aloo Bhujia 250 g,Snacks & Namkeen,"Navrang Agro Commodities Corp, GIDC Naroda, Ahmedabad, Gujarat - 382330",250 g,Rs. 251.00,Not Declared,Email: care@navrang.com | Ph: 1800-981-5656,India,NON-COMPLIANT,Rule 6(1)(d): Month and year of manufacture/packing missing; Rule 6(1)(da): Missing 'Inclusive of all taxes' declaration with MRP,2026-07-23 06:55:36,94%
LMC-01630,Masala Potato Wafers 750 g,Snacks & Namkeen,Not Declared,750 g,Rs. 402.00,06/2026,Email: care@ananya.com | Ph: 1800-389-9688,India,NON-COMPLIANT,Rule 6(1)(a): Manufacturer/packer declaration entirely missing; Rule 6(1)(da): Missing 'Inclusive of all taxes' declaration with MRP,2026-08-25 16:31:36,89%
LMC-01631,Pure Malai Paneer 400 g,Dairy Products,"Ananya Consumer Goods Ltd, Plot 42, Sector 8, IMT Manesar, Gurugram, Haryana - 122050",400 g,Not Declared,Not Declared,Email: care@ananya.com | Ph: 1800-790-6278,India,NON-COMPLIANT,Rule 6(1)(da): Maximum Retail Price (MRP) declaration absent; Rule 6(1)(d): Month and year of manufacture/packing missing,2026-07-08 07:08:36,93%
LMC-01632,Tangy Tomato Nacho Chips 50 g,Snacks & Namkeen,"Surya Packaged Commodities LLP, Industrial Growth Centre, Mandideep, Bhopal, MP - 462046",50 g,Rs. 849.00 (Incl. of all taxes),01/2026,Email: care@surya.com | Ph: 1800-561-9899,Not Declared,NON-COMPLIANT,Rule 6(1)(n): Missing Country of Origin declaration,2026-07-28 18:16:36,87%
LMC-01633,Poha Instant Breakfast Bowl 500 g,Ready-to-Eat,"Vedic Agro Industries Pvt Ltd, Gat No. 118, Urse, Talegaon MIDC, Pune, Maharashtra - 410506",500 g,Rs. 302.00 (Incl. of all taxes),03/2026,Email: care@vedic.com | Ph: 1800-949-7706,India,COMPLIANT,None (Fully Compliant with Rule 6),2026-07-12 06:56:36,92%
LMC-01634,Marie Crisp Tea Biscuits 250 g,Biscuits & Cookies,"Surya Packaged Commodities LLP, Industrial Growth Centre, Mandideep, Bhopal, MP - 462046",250 g,Rs. 429.00 (Incl. of all taxes),02/2026,Email: care@surya.com | Ph: 1800-693-2518,India,NEEDS REVIEW,Rule 6(1)(c): Non-standard unit abbreviation used ('ML' / 'ltr' instead of 'ml' / 'L'),2026-08-18 10:35:36,85%
LMC-01635,Pasteurized Cow Ghee 250 g,Dairy Products,"Surya Packaged Commodities LLP, Industrial Growth Centre, Mandideep, Bhopal, MP - 462046",250 g,Rs. 280.00 (Incl. of all taxes),07/2026,Email: care@surya.com | Ph: 1800-957-1271,India,COMPLIANT,None (Fully Compliant with Rule 6),2026-08-16 23:41:36,90%
LMC-01636,Diet Murmura Mix 100 g,Snacks & Namkeen,"Vedic Agro Industries Pvt Ltd, Gat No. 118, Urse, Talegaon MIDC, Pune, Maharashtra - 410506",100 g,Rs. 333.00 (Incl. of all taxes),06/2026,Not Declared,Not Declared,NON-COMPLIANT,Rule 6(1)(n): Missing Country of Origin declaration; Rule 6(1)(e): Complete consumer care grievance contact details missing,2026-07-19 00:53:36,90%
LMC-01637,Organic Besan Gram Flour 10 kg,Atta & Flours,"Godavari Mills & Refineries, Sy. No. 340, Autonagar, Guntur, Andhra Pradesh - 522001",10 kg,Rs. 825.00 (Incl. of all taxes),03/2026,Email: care@godavari.com | Ph: 1800-399-8572,India,COMPLIANT,None (Fully Compliant with Rule 6),2026-08-30 11:30:36,96%
LMC-01638,Choco Chip Delight Cookies 750 g,Biscuits & Cookies,"Pristine Foods & Agro Ltd, Phase 2, Peenya Industrial Area, Bengaluru, Karnataka - 560058",750 g,Rs. 667.00 (Incl. of all taxes),05/2026,Email: care@pristine.com | Ph: 1800-591-3903,India,COMPLIANT,None (Fully Compliant with Rule 6),2026-08-28 03:54:36,92%
LMC-01639,Lemon Iced Tea Concentrate 100 ml,Beverages & Juices,"Navrang Agro Commodities Corp, GIDC Naroda, Ahmedabad, Gujarat - 382330",Not Declared,Rs. 525.00 (Incl. of all taxes),01/2026,Email: care@navrang.com | Ph: 1800-195-6492,India,NON-COMPLIANT,Rule 6(1)(c): Net quantity declaration absent,2026-07-11 11:16:36,95%
LMC-01640,Standardized Tonned Milk 400 g,Dairy Products,"Ananya Consumer Goods Ltd, Plot 42, Sector 8, IMT Manesar, Gurugram, Haryana - 122050",400 g,Rs. 797.00 (Incl. of all taxes),02/2026,Email: care@ananya.com | Ph: 1800-248-9491,India,COMPLIANT,None (Fully Compliant with Rule 6),2026-07-19 10:00:36,88%
LMC-01641,Rava Upma Breakfast Mix 750 g,Ready-to-Eat,"Godavari Mills & Refineries, Sy. No. 340, Autonagar, Guntur, Andhra Pradesh - 522001",750 g,Rs. 853.00 (Incl. of all taxes),01/2026,Email: care@godavari.com | Ph: 1800-397-8130,Imported (Origin: Sri Lanka),COMPLIANT,None (Fully Compliant with Rule 6),2026-08-12 07:56:36,91%
LMC-01642,Masala Potato Wafers 100 g,Snacks & Namkeen,"Godavari Mills & Refineries, Sy. No. 340, Autonagar, Guntur, Andhra Pradesh - 522001",100 g,Rs. 484.00 (Incl. of all taxes),07/2026,Email: care@godavari.com | Ph: 1800-578-2009,India,COMPLIANT,None (Fully Compliant with Rule 6),2026-07-30 13:47:36,94%
LMC-01643,Coriander Dhania Powder 50 g,Spices & Condiments,"Surya Packaged Commodities LLP, Industrial Growth Centre, Mandideep, Bhopal, MP - 462046",50 g,Rs. 191.00 (Incl. of all taxes),01/2026,Email: care@surya.com | Ph: 1800-767-4334,India,COMPLIANT,None (Fully Compliant with Rule 6),2026-07-29 23:05:36,92%
LMC-01644,Alphonso Mango Nectar 750 ml,Beverages & Juices,"Surya Packaged Commodities LLP, Industrial Growth Centre, Mandideep, Bhopal, MP - 462046",750 ml,Rs. 191.00 (Incl. of all taxes),06/2026,Email: care@surya.com | Ph: 1800-994-4934,India,COMPLIANT,None (Fully Compliant with Rule 6),2026-08-01 03:16:36,96%
LMC-01645,Alphonso Mango Nectar 500 ml,Beverages & Juices,"Ananya Consumer Goods Ltd, Plot 42, Sector 8, IMT Manesar, Gurugram, Haryana - 122050",500 ml,Rs. 669.00 (Incl. of all taxes),01/2026,Email: care@ananya.com | Ph: 1800-232-3435,Imported (Origin: Sri Lanka),COMPLIANT,None (Fully Compliant with Rule 6),2026-08-15 18:50:36,92%
LMC-01646,Tender Coconut Water Drink 2 L,Beverages & Juices,Not Declared,2 L,Rs. 663.00 (Incl. of all taxes),Not Declared,Email: care@himalayan.com | Ph: 1800-995-8203,India,NON-COMPLIANT,Rule 6(1)(a): Manufacturer/packer declaration entirely missing; Rule 6(1)(d): Month and year of manufacture/packing missing,2026-09-03 05:26:36,94%
LMC-01647,Digestive High Fibre Biscuits 50 g,Biscuits & Cookies,"Navrang Agro Commodities Corp, GIDC Naroda, Ahmedabad, Gujarat - 382330",Not Declared,Rs. 71.00 (Incl. of all taxes),08/2026,Email: care@navrang.com | Ph: 1800-291-3426,India,NON-COMPLIANT,Rule 6(1)(c): Net quantity declaration absent,2026-09-02 19:17:36,90%
LMC-01648,Poha Instant Breakfast Bowl 50 g,Ready-to-Eat,"Vedic Agro Industries Pvt Ltd, Gat No. 118, Urse, Talegaon MIDC, Pune, Maharashtra - 410506",50 g,Rs. 587.00 (Incl. of all taxes),07/2026,Email: care@vedic.com | Ph: 1800-121-4837,India,COMPLIANT,None (Fully Compliant with Rule 6),2026-08-17 14:13:36,91%
LMC-01649,Mint Peppermint Lozenges 100 g,Chocolates & Confectionery,"Ananya Consumer Goods Ltd, Plot 42, Sector 8, IMT Manesar, Gurugram, Haryana - 122050",Not Declared,Rs. 778.00 (Incl. of all taxes),04/2026,Email: care@ananya.com | Ph: 1800-532-2145,India,NON-COMPLIANT,Rule 6(1)(c): Net quantity declaration absent,2026-07-12 18:15:36,76%
LMC-01650,Tender Coconut Water Drink 750 ml,Beverages & Juices,"Surya Packaged Commodities LLP, Industrial Growth Centre, Mandideep, Bhopal, MP - 462046",750 ml,Rs. 889.00 (Incl. of all taxes),04/2026,Email: care@surya.com | Ph: 1800-286-6039,India,COMPLIANT,None (Fully Compliant with Rule 6),2026-07-21 06:55:36,98%
LMC-01651,Standardized Tonned Milk 50 g,Dairy Products,"Himalayan Organic Ventures, SIDCUL Industrial Estate, Pantnagar, Uttarakhand - 263153",50 g,Rs. 522.00 (Incl. of all taxes),04/2026,Email: care@himalayan.com | Ph: 1800-382-8054,India,COMPLIANT,None (Fully Compliant with Rule 6),2026-07-31 04:31:36,96%
LMC-01652,Lemon Iced Tea Concentrate 200 ml,Beverages & Juices,"Himalayan Organic Ventures, SIDCUL Industrial Estate, Pantnagar, Uttarakhand - 263153",200 ml,Rs. 863.00 (Incl. of all taxes),06/2026,Not Declared,India,NON-COMPLIANT,Rule 6(1)(e): Complete consumer care grievance contact details missing,2026-08-13 11:16:36,77%
LMC-01653,Chakki Fresh Pure Atta 2 kg,Atta & Flours,"Surya Packaged Commodities LLP, Industrial Growth Centre, Mandideep, Bhopal, MP - 462046",2 kg,Rs. 779.00 (Incl. of all taxes),02/2026,Email: care@surya.com | Ph: 1800-887-5790,India,COMPLIANT,None (Fully Compliant with Rule 6),2026-08-22 05:20:36,91%
LMC-01654,Salted Table Butter 250 g,Dairy Products,"Kaveri Spices & Naturals, 14/B, Spice Park, Puttady, Idukki, Kerala - 685551",250 g,Not Declared,08/2026,Not Declared,Imported (Origin: Sri Lanka),NON-COMPLIANT,Rule 6(1)(da): Maximum Retail Price (MRP) declaration absent; Rule 6(1)(e): Complete consumer care grievance contact details missing,2026-08-31 00:53:36,93%
LMC-01655,Fruit Jelly Chews Pouch 500 g,Chocolates & Confectionery,"Surya Packaged Commodities LLP, Industrial Growth Centre, Mandideep, Bhopal, MP - 462046",500 gms,Rs. 300.00 (Incl. of all taxes),06/2026,Email: care@surya.com | Ph: 1800-759-9345,India,NEEDS REVIEW,Rule 6(1)(c): Non-standard unit abbreviation used ('gms' / 'gm' instead of standard 'g'),2026-07-06 07:40:36,74%
LMC-01656,Organic Besan Gram Flour 5 kg,Atta & Flours,"Surya Packaged Commodities LLP, Industrial Growth Centre, Mandideep, Bhopal, MP - 462046",5 kg,Rs. 512.00 (Incl. of all taxes),06/2026,Email: care@surya.com | Ph: 1800-889-1830,India,COMPLIANT,None (Fully Compliant with Rule 6),2026-08-12 07:41:36,88%
LMC-01657,Chakki Fresh Pure Atta 5 kg,Atta & Flours,"Pristine Foods & Agro Ltd, Phase 2, Peenya Industrial Area, Bengaluru, Karnataka - 560058",5 kg,Rs. 42.00 (Incl. of all taxes),03/2026,Email: care@pristine.com | Ph: 1800-803-3132,India,COMPLIANT,None (Fully Compliant with Rule 6),2026-07-28 00:51:36,95%
LMC-01658,Organic Besan Gram Flour 1 kg,Atta & Flours,"Kaveri Spices & Naturals, 14/B, Spice Park, Puttady, Idukki, Kerala - 685551",1 kg,Not Declared,Not Declared,Email: care@kaveri.com | Ph: 1800-534-2726,India,NON-COMPLIANT,Rule 6(1)(d): Month and year of manufacture/packing missing; Rule 6(1)(da): Maximum Retail Price (MRP) declaration absent,2026-08-24 05:29:36,75%
LMC-01659,Instant Chicory Coffee Powder 50 g,Tea & Coffee,Not Declared,50 g,Rs. 629.00 (Incl. of all taxes),Not Declared,Email: care@pristine.com | Ph: 1800-512-2237,India,NON-COMPLIANT,Rule 6(1)(d): Month and year of manufacture/packing missing; Rule 6(1)(a): Manufacturer/packer declaration entirely missing,2026-08-26 15:02:36,87%
LMC-01660,Sharbati Whole Wheat Atta 1 kg,Atta & Flours,"Godavari Mills & Refineries, Guntur",1 kg,Rs. 201.00 (Incl. of all taxes),06/2026,Email: care@godavari.com | Ph: 1800-503-3015,India,NEEDS REVIEW,Rule 6(1)(a): Physical address of manufacturer incomplete (missing PIN code/city),2026-08-18 23:35:36,85%
LMC-01661,Lemon Iced Tea Concentrate 200 ml,Beverages & Juices,"Navrang Agro Commodities Corp, GIDC Naroda, Ahmedabad, Gujarat - 382330",200 ml,Rs. 771.00 (Incl. of all taxes),07/2026,Email: care@navrang.com | Ph: 1800-200-7854,India,NEEDS REVIEW,Rule 7: Font size / unit symbol ambiguous or truncated under OCR,2026-07-14 04:40:36,70%
LMC-01662,Poha Instant Breakfast Bowl 250 g,Ready-to-Eat,"Vedic Agro Industries Pvt Ltd, Gat No. 118, Urse, Talegaon MIDC, Pune, Maharashtra - 410506",250 g,Rs. 505.00 (Incl. of all taxes),03/2026,Email: care@vedic.com | Ph: 1800-757-7520,India,COMPLIANT,None (Fully Compliant with Rule 6),2026-08-04 14:51:36,90%
LMC-01663,Pure Sesame Gingelly Oil 2 L,Edible Oils,"Ananya Consumer Goods Ltd, Plot 42, Sector 8, IMT Manesar, Gurugram, Haryana - 122050",2 L,Rs. 653.00 (Incl. of all taxes),01/2026,Email: care@ananya.com | Ph: 1800-810-3762,India,COMPLIANT,None (Fully Compliant with Rule 6),2026-07-29 09:47:36,91%
LMC-01664,Almond Cashew Shortbread 50 g,Biscuits & Cookies,"Navrang Agro Commodities Corp, GIDC Naroda, Ahmedabad, Gujarat - 382330",50 g,Rs. 908.00 (Incl. of all taxes),06/2026,Email: care@navrang.com | Ph: 1800-264-5304,India,COMPLIANT,None (Fully Compliant with Rule 6),2026-07-21 09:29:36,89%
LMC-01665,Digestive High Fibre Biscuits 200 g,Biscuits & Cookies,"Ananya Consumer Goods Ltd, Plot 42, Sector 8, IMT Manesar, Gurugram, Haryana - 122050",200 g,Rs. 546.00 (Incl. of all taxes),05/2026,Email: care@ananya.com | Ph: 1800-222-7704,India,COMPLIANT,None (Fully Compliant with Rule 6),2026-09-03 09:57:36,93%
LMC-01666,Refined Groundnut Oil 200 ml,Edible Oils,Not Declared,200 ml,Rs. 311.00 (Incl. of all taxes),05/2026,Not Declared,India,NON-COMPLIANT,Rule 6(1)(a): Manufacturer/packer declaration entirely missing; Rule 6(1)(e): Complete consumer care grievance contact details missing,2026-09-03 19:26:36,84%
LMC-01667,Chakki Fresh Pure Atta 2 kg,Atta & Flours,"Vedic Agro Industries Pvt Ltd, Gat No. 118, Urse, Talegaon MIDC, Pune, Maharashtra - 410506",2 kg,Rs. 940.00 (Incl. of all taxes),02/2026,Helpline: 1800-351-2666 (Email missing),India,NEEDS REVIEW,Rule 6(1)(c): Non-standard unit abbreviation used ('ML' / 'ltr' instead of 'ml' / 'L'); Rule 6(1)(e): Missing consumer care email address,2026-08-24 09:31:36,85%
LMC-01668,Rava Upma Breakfast Mix 250 g,Ready-to-Eat,"Himalayan Organic Ventures, SIDCUL Industrial Estate, Pantnagar, Uttarakhand - 263153",250 g,Rs. 526.00 (Incl. of all taxes),08/2026,Email: care@himalayan.com | Ph: 1800-310-2147,India,COMPLIANT,None (Fully Compliant with Rule 6),2026-08-27 01:50:36,88%
LMC-01669,Rice Flour Fine 1 kg,Atta & Flours,"Pristine Foods & Agro Ltd, Phase 2, Peenya Industrial Area, Bengaluru, Karnataka - 560058",1 kg,Rs. 473.00 (Incl. of all taxes),02/2026,Email: care@pristine.com | Ph: 1800-411-8540,India,COMPLIANT,None (Fully Compliant with Rule 6),2026-08-04 23:37:36,96%
LMC-01670,Marie Crisp Tea Biscuits 750 g,Biscuits & Cookies,Not Declared,750 g,Rs. 105.00,05/2026,Email: care@surya.com | Ph: 1800-106-6578,India,NON-COMPLIANT,Rule 6(1)(a): Manufacturer/packer declaration entirely missing; Rule 6(1)(da): Missing 'Inclusive of all taxes' declaration with MRP,2026-08-16 12:19:36,84%
LMC-01671,Whole Cumin Jeera Seeds 250 g,Spices & Condiments,"Pristine Foods & Agro Ltd, Phase 2, Peenya Industrial Area, Bengaluru, Karnataka - 560058",Not Declared,Rs. 445.00,06/2026,Email: care@pristine.com | Ph: 1800-419-3893,India,NON-COMPLIANT,Rule 6(1)(c): Net quantity declaration absent; Rule 6(1)(da): Missing 'Inclusive of all taxes' declaration with MRP,2026-07-30 07:10:36,87%
LMC-01672,Kashmiri Degi Mirch Powder 50 g,Spices & Condiments,"Kaveri Spices & Naturals, 14/B, Spice Park, Puttady, Idukki, Kerala - 685551",50 g,Rs. 885.00 (Incl. of all taxes),02/2026,Email: care@kaveri.com | Ph: 1800-166-5841,India,COMPLIANT,None (Fully Compliant with Rule 6),2026-07-16 12:21:36,91%
LMC-01673,Choco Chip Delight Cookies 500 g,Biscuits & Cookies,"Himalayan Organic Ventures, SIDCUL Industrial Estate, Pantnagar, Uttarakhand - 263153",500 g,Rs. 399.00 (Incl. of all taxes),07/2026,Email: care@himalayan.com | Ph: 1800-912-5113,India,COMPLIANT,None (Fully Compliant with Rule 6),2026-08-29 23:55:36,93%
LMC-01674,Kasuri Methi 500 g,Spices & Condiments,"Pristine Foods & Agro Ltd, Phase 2, Peenya Industrial Area, Bengaluru, Karnataka - 560058",500 g,Rs. 798.00 (Incl. of all taxes),02/2026,Email: care@pristine.com | Ph: 1800-133-6177,India,COMPLIANT,None (Fully Compliant with Rule 6),2026-07-22 07:42:36,90%
LMC-01675,Khatta Meetha Mixture 500 g,Snacks & Namkeen,"Himalayan Organic Ventures, SIDCUL Industrial Estate, Pantnagar, Uttarakhand - 263153",500 g,Rs. 488.00 (Incl. of all taxes),03/2026,Email: care@himalayan.com | Ph: 1800-419-3584,Imported (Origin: Sri Lanka),COMPLIANT,None (Fully Compliant with Rule 6),2026-07-17 17:11:36,99%
LMC-01676,Green Tea Lemon Honey Bags 250 g,Tea & Coffee,Not Declared,250 g,Not Declared,07/2026,Email: care@navrang.com | Ph: 1800-664-1559,India,NON-COMPLIANT,Rule 6(1)(a): Manufacturer/packer declaration entirely missing; Rule 6(1)(da): Maximum Retail Price (MRP) declaration absent,2026-07-31 15:34:36,84%
LMC-01677,Blended Edible Vegetable Oil 2 L,Edible Oils,"Godavari Mills & Refineries, Sy. No. 340, Autonagar, Guntur, Andhra Pradesh - 522001",2 L,Rs. 205.00 (Incl. of all taxes),08/2026,Helpline: 1800-174-2056 (Email missing),India,NEEDS REVIEW,Rule 6(1)(e): Missing consumer care email address,2026-08-18 17:25:36,78%
LMC-01678,Maida Refined Wheat Flour 10 kg,Atta & Flours,"Navrang Agro Commodities Corp, GIDC Naroda, Ahmedabad, Gujarat - 382330",10 kg,Rs. 594.00,03/2026,Email: care@navrang.com | Ph: 1800-263-7683,India,NON-COMPLIANT,Rule 6(1)(da): Missing 'Inclusive of all taxes' declaration with MRP,2026-07-17 08:56:36,85%
LMC-01679,Mixed Fruit Orchard Blend 100 ml,Beverages & Juices,"Godavari Mills & Refineries, Sy. No. 340, Autonagar, Guntur, Andhra Pradesh - 522001",100 ml,Rs. 911.00 (Incl. of all taxes),05/2026,Email: care@godavari.com | Ph: 1800-250-2236,India,COMPLIANT,None (Fully Compliant with Rule 6),2026-08-07 02:34:36,88%
LMC-01680,Crispy Butter Cookies 750 g,Biscuits & Cookies,"Vedic Agro Industries Pvt Ltd, Gat No. 118, Urse, Talegaon MIDC, Pune, Maharashtra - 410506",750 g,Rs. 156.00 (Incl. of all taxes),06/2026,Email: care@vedic.com | Ph: 1800-896-2150,India,COMPLIANT,None (Fully Compliant with Rule 6),2026-07-24 18:13:36,93%
LMC-01681,Salted Table Butter 100 g,Dairy Products,"Surya Packaged Commodities LLP, Industrial Growth Centre, Mandideep, Bhopal, MP - 462046",100 g,Rs. 913.00 (Incl. of all taxes),06/2026,Email: care@surya.com | Ph: 1800-528-8413,Imported (Origin: Sri Lanka),COMPLIANT,None (Fully Compliant with Rule 6),2026-08-23 02:47:36,89%
LMC-01682,Kashmiri Degi Mirch Powder 500 g,Spices & Condiments,"Navrang Agro Commodities Corp, GIDC Naroda, Ahmedabad, Gujarat - 382330",500 g,Rs. 168.00 (Incl. of all taxes),07/2026,Email: care@navrang.com | Ph: 1800-711-1435,India,COMPLIANT,None (Fully Compliant with Rule 6),2026-07-24 03:34:36,99%
LMC-01683,Greek Style Plain Yogurt 100 g,Dairy Products,"Kaveri Spices & Naturals, 14/B, Spice Park, Puttady, Idukki, Kerala - 685551",100 g,Rs. 198.00 (Incl. of all taxes),01/2026,Helpline: 1800-347-8462 (Email missing),India,NEEDS REVIEW,Rule 6(1)(e): Missing consumer care email address,2026-08-31 23:06:36,64%
LMC-01684,Maida Refined Wheat Flour 2 kg,Atta & Flours,"Vedic Agro Industries Pvt Ltd, Gat No. 118, Urse, Talegaon MIDC, Pune, Maharashtra - 410506",Not Declared,Rs. 589.00 (Incl. of all taxes),Not Declared,Email: care@vedic.com | Ph: 1800-204-4263,India,NON-COMPLIANT,Rule 6(1)(d): Month and year of manufacture/packing missing; Rule 6(1)(c): Net quantity declaration absent,2026-08-04 15:58:36,81%
LMC-01685,Almond Cashew Shortbread 250 g,Biscuits & Cookies,"Godavari Mills & Refineries, Sy. No. 340, Autonagar, Guntur, Andhra Pradesh - 522001",250 gms,Rs. 452.00 (Incl. of all taxes),01/2026,Email: care@godavari.com | Ph: 1800-739-6728,India,NEEDS REVIEW,Rule 6(1)(c): Non-standard unit abbreviation used ('ML' / 'ltr' instead of 'ml' / 'L'); Rule 6(1)(c): Non-standard unit abbreviation used ('gms' / 'gm' instead of standard 'g'),2026-08-20 05:38:36,83%
LMC-01686,Poha Instant Breakfast Bowl 750 g,Ready-to-Eat,"Vedic Agro Industries Pvt Ltd, Gat No. 118, Urse, Talegaon MIDC, Pune, Maharashtra - 410506",750 g,Rs. 193.00 (Incl. of all taxes),02/2026,Email: care@vedic.com | Ph: 1800-306-7501,India,COMPLIANT,None (Fully Compliant with Rule 6),2026-07-26 07:56:36,90%
LMC-01687,Spicy Aloo Bhujia 100 g,Snacks & Namkeen,"Pristine Foods & Agro Ltd, Phase 2, Peenya Industrial Area, Bengaluru, Karnataka - 560058",100 gms,Rs. 481.00 (Incl. of all taxes),05/2026,Email: care@pristine.com | Ph: 1800-394-1625,India,NEEDS REVIEW,Rule 6(1)(c): Non-standard unit abbreviation used ('gms' / 'gm' instead of standard 'g'),2026-08-07 13:58:36,66%
LMC-01688,Agmark Haldi Turmeric Powder 250 g,Spices & Condiments,"Navrang Agro Commodities Corp, GIDC Naroda, Ahmedabad, Gujarat - 382330",250 g,Rs. 636.00 (Incl. of all taxes),07/2026,Email: care@navrang.com | Ph: 1800-929-3407,India,COMPLIANT,None (Fully Compliant with Rule 6),2026-08-17 00:14:36,94%
LMC-01689,Alphonso Mango Nectar 1 L,Beverages & Juices,"Kaveri Spices & Naturals, 14/B, Spice Park, Puttady, Idukki, Kerala - 685551",1 ltr,Rs. 449.00 (Incl. of all taxes),08/2026,Helpline: 1800-730-1155 (Email missing),India,NEEDS REVIEW,Rule 6(1)(c): Non-standard unit abbreviation used ('ML' / 'ltr' instead of 'ml' / 'L'); Rule 6(1)(e): Missing consumer care email address,2026-08-04 19:23:36,75%
LMC-01690,Gulab Jamun Instant Mix 400 g,Ready-to-Eat,"Navrang Agro Commodities Corp, GIDC Naroda, Ahmedabad, Gujarat - 382330",400 g,Not Declared,07/2026,Email: care@navrang.com | Ph: 1800-359-6604,India,NON-COMPLIANT,Rule 6(1)(da): Maximum Retail Price (MRP) declaration absent,2026-07-15 19:29:36,82%
LMC-01691,Mixed Fruit Orchard Blend 750 ml,Beverages & Juices,"Ananya Consumer Goods Ltd, Plot 42, Sector 8, IMT Manesar, Gurugram, Haryana - 122050",750 ml,Rs. 99.00 (Incl. of all taxes),07/2026,Email: care@ananya.com | Ph: 1800-789-2210,Not Declared,NON-COMPLIANT,Rule 6(1)(n): Missing Country of Origin declaration,2026-08-29 21:47:36,79%
LMC-01692,Sterilized Flavoured Milk 250 g,Dairy Products,"Godavari Mills & Refineries, Sy. No. 340, Autonagar, Guntur, Andhra Pradesh - 522001",250 g,Rs. 239.00 (Incl. of all taxes),06/2026,Email: care@godavari.com | Ph: 1800-755-8627,India,COMPLIANT,None (Fully Compliant with Rule 6),2026-07-22 23:49:36,93%
LMC-01693,Pure Sesame Gingelly Oil 250 ml,Edible Oils,"Ananya Consumer Goods Ltd, Plot 42, Sector 8, IMT Manesar, Gurugram, Haryana - 122050",250 ml,Rs. 722.00 (Incl. of all taxes),03/2026,Email: care@ananya.com | Ph: 1800-184-7053,India,COMPLIANT,None (Fully Compliant with Rule 6),2026-07-18 23:46:36,95%
LMC-01694,Agmark Haldi Turmeric Powder 400 g,Spices & Condiments,"Ananya Consumer Goods Ltd, Plot 42, Sector 8, IMT Manesar, Gurugram, Haryana - 122050",400 g,Rs. 398.00,Not Declared,Email: care@ananya.com | Ph: 1800-736-9437,India,NON-COMPLIANT,Rule 6(1)(d): Month and year of manufacture/packing missing; Rule 6(1)(da): Missing 'Inclusive of all taxes' declaration with MRP,2026-07-05 19:19:36,77%
LMC-01695,Mint Peppermint Lozenges 400 g,Chocolates & Confectionery,"Pristine Foods & Agro Ltd, Phase 2, Peenya Industrial Area, Bengaluru, Karnataka - 560058",400 g,Rs. 553.00 (Incl. of all taxes),Not Declared,Email: care@pristine.com | Ph: 1800-875-4361,India,NON-COMPLIANT,Rule 6(1)(d): Month and year of manufacture/packing missing,2026-07-30 18:10:36,82%
LMC-01696,Choco Chip Delight Cookies 500 g,Biscuits & Cookies,"Vedic Agro Industries Pvt Ltd, Gat No. 118, Urse, Talegaon MIDC, Pune, Maharashtra - 410506",500 g,Rs. 320.00 (Incl. of all taxes),05/2026,Email: care@vedic.com | Ph: 1800-150-5097,India,COMPLIANT,None (Fully Compliant with Rule 6),2026-08-09 14:52:36,89%
LMC-01697,Multigrain Fibre Atta 10 kg,Atta & Flours,"Himalayan Organic Ventures, SIDCUL Industrial Estate, Pantnagar, Uttarakhand - 263153",10 kgs,Rs. 896.00 (Incl. of all taxes),03/2026,Email: care@himalayan.com | Ph: 1800-252-2981,India,NEEDS REVIEW,Rule 6(1)(c): Non-standard unit abbreviation used ('gms' / 'gm' instead of standard 'g'),2026-08-05 20:42:36,67%
LMC-01698,Poha Instant Breakfast Bowl 50 g,Ready-to-Eat,"Godavari Mills & Refineries, Sy. No. 340, Autonagar, Guntur, Andhra Pradesh - 522001",50 g,Rs. 652.00 (Incl. of all taxes),03/2026,Email: care@godavari.com | Ph: 1800-754-8620,India,COMPLIANT,None (Fully Compliant with Rule 6),2026-08-30 16:32:36,95%
LMC-01699,Lemon Iced Tea Concentrate 5 L,Beverages & Juices,"Himalayan Organic Ventures, SIDCUL Industrial Estate, Pantnagar, Uttarakhand - 263153",5 ltr,Rs. 941.00 (Incl. of all taxes),01/2026,Email: care@himalayan.com | Ph: 1800-881-2261,India,NEEDS REVIEW,Rule 6(1)(c): Non-standard unit abbreviation used ('ML' / 'ltr' instead of 'ml' / 'L'),2026-08-26 06:49:36,72%
LMC-01700,Roasted Arabica Coffee Beans 50 g,Tea & Coffee,"Himalayan Organic Ventures, SIDCUL Industrial Estate, Pantnagar, Uttarakhand - 263153",50 g,Rs. 518.00 (Incl. of all taxes),02/2026,Email: care@himalayan.com | Ph: 1800-824-6010,India,COMPLIANT,None (Fully Compliant with Rule 6),2026-08-16 21:16:36,99%
LMC-01701,Rice Flour Fine 5 kg,Atta & Flours,"Navrang Agro Commodities Corp, GIDC Naroda, Ahmedabad, Gujarat - 382330",5 kg,Rs. 481.00 (Incl. of all taxes),02/2026,Email: care@navrang.com | Ph: 1800-123-9768,India,COMPLIANT,None (Fully Compliant with Rule 6),2026-08-18 01:44:36,98%
LMC-01702,Spicy Aloo Bhujia 50 g,Snacks & Namkeen,"Ananya Consumer Goods Ltd, Plot 42, Sector 8, IMT Manesar, Gurugram, Haryana - 122050",50 g,Not Declared,03/2026,Email: care@ananya.com | Ph: 1800-676-5261,India,NON-COMPLIANT,Rule 6(1)(da): Maximum Retail Price (MRP) declaration absent,2026-08-25 13:07:36,91%
LMC-01703,Choco Chip Delight Cookies 50 g,Biscuits & Cookies,"Surya Packaged Commodities LLP, Industrial Growth Centre, Mandideep, Bhopal, MP - 462046",50 g,Rs. 523.00 (Incl. of all taxes),03/2026,Email: care@surya.com | Ph: 1800-967-3152,India,NEEDS REVIEW,Rule 7: Font size / unit symbol ambiguous or truncated under OCR,2026-07-06 00:20:36,72%
LMC-01704,Masala Potato Wafers 200 g,Snacks & Namkeen,"Himalayan Organic Ventures, SIDCUL Industrial Estate, Pantnagar, Uttarakhand - 263153",200 g,Rs. 783.00 (Incl. of all taxes),06/2026,Not Declared,Not Declared,NON-COMPLIANT,Rule 6(1)(n): Missing Country of Origin declaration; Rule 6(1)(e): Complete consumer care grievance contact details missing,2026-08-31 21:54:36,83%
LMC-01705,Poha Instant Breakfast Bowl 500 g,Ready-to-Eat,"Ananya Consumer Goods Ltd, Plot 42, Sector 8, IMT Manesar, Gurugram, Haryana - 122050",500 g,Rs. 217.00 (Incl. of all taxes),06/2026,Email: care@ananya.com | Ph: 1800-217-8112,India,NEEDS REVIEW,Rule 6(1)(c): Non-standard unit abbreviation used ('ML' / 'ltr' instead of 'ml' / 'L'),2026-07-25 12:05:36,67%
LMC-01706,Refined Sunflower Cooking Oil 5 L,Edible Oils,"Ananya Consumer Goods Ltd, Plot 42, Sector 8, IMT Manesar, Gurugram, Haryana - 122050",5 L,Rs. 417.00 (Incl. of all taxes),01/2026,Email: care@ananya.com | Ph: 1800-792-1891,India,COMPLIANT,None (Fully Compliant with Rule 6),2026-07-09 01:33:36,95%
LMC-01707,Caramel Toffee Pouch 400 g,Chocolates & Confectionery,"Vedic Agro Industries Pvt Ltd, Gat No. 118, Urse, Talegaon MIDC, Pune, Maharashtra - 410506",400 g,Rs. 238.00 (Incl. of all taxes),01/2026,Email: care@vedic.com | Ph: 1800-254-7499,India,COMPLIANT,None (Fully Compliant with Rule 6),2026-08-02 21:21:36,92%
LMC-01708,Greek Style Plain Yogurt 500 g,Dairy Products,"Surya Packaged Commodities LLP, Industrial Growth Centre, Mandideep, Bhopal, MP - 462046",500 gms,Rs. 917.00 (Incl. of all taxes),06/2026,Email: care@surya.com | Ph: 1800-145-5364,India,NEEDS REVIEW,Rule 6(1)(c): Non-standard unit abbreviation used ('gms' / 'gm' instead of standard 'g'),2026-09-01 17:07:36,72%
LMC-01709,Instant Chicory Coffee Powder 200 g,Tea & Coffee,"Surya Packaged Commodities LLP, Industrial Growth Centre, Mandideep, Bhopal, MP - 462046",200 g,Not Declared,01/2026,Email: care@surya.com | Ph: 1800-645-6122,Not Declared,NON-COMPLIANT,Rule 6(1)(da): Maximum Retail Price (MRP) declaration absent; Rule 6(1)(n): Missing Country of Origin declaration,2026-08-16 17:29:36,85%
LMC-01710,Pasteurized Cow Ghee 400 g,Dairy Products,"Pristine Foods & Agro Ltd, Phase 2, Peenya Industrial Area, Bengaluru, Karnataka - 560058",400 g,Rs. 639.00 (Incl. of all taxes),07/2026,Email: care@pristine.com | Ph: 1800-619-7813,India,COMPLIANT,None (Fully Compliant with Rule 6),2026-07-14 04:34:36,99%
LMC-01711,Green Tea Lemon Honey Bags 500 g,Tea & Coffee,"Vedic Agro Industries Pvt Ltd, Gat No. 118, Urse, Talegaon MIDC, Pune, Maharashtra - 410506",500 g,Rs. 259.00 (Incl. of all taxes),03/2026,Email: care@vedic.com | Ph: 1800-744-7865,India,COMPLIANT,None (Fully Compliant with Rule 6),2026-08-30 17:59:36,88%
LMC-01712,Sparkling Apple Cider Drink 1 L,Beverages & Juices,"Himalayan Organic Ventures, SIDCUL Industrial Estate, Pantnagar, Uttarakhand - 263153",1 L,Rs. 209.00 (Incl. of all taxes),05/2026,Not Declared,Not Declared,NON-COMPLIANT,Rule 6(1)(n): Missing Country of Origin declaration; Rule 6(1)(e): Complete consumer care grievance contact details missing,2026-07-16 16:29:36,75%
LMC-01713,Poha Instant Breakfast Bowl 250 g,Ready-to-Eat,"Himalayan Organic Ventures, SIDCUL Industrial Estate, Pantnagar, Uttarakhand - 263153",250 g,Rs. 138.00 (Incl. of all taxes),07/2026,Email: care@himalayan.com | Ph: 1800-782-4048,India,COMPLIANT,None (Fully Compliant with Rule 6),2026-07-20 20:12:36,96%
LMC-01714,Palak Paneer Ready Curry 200 g,Ready-to-Eat,"Himalayan Organic Ventures, SIDCUL Industrial Estate, Pantnagar, Uttarakhand - 263153",200 gms,Rs. 613.00 (Incl. of all taxes),01/2026,Email: care@himalayan.com | Ph: 1800-755-2442,India,NEEDS REVIEW,Rule 6(1)(c): Non-standard unit abbreviation used ('ML' / 'ltr' instead of 'ml' / 'L'); Rule 6(1)(c): Non-standard unit abbreviation used ('gms' / 'gm' instead of standard 'g'),2026-07-09 11:24:36,75%
LMC-01715,Coriander Dhania Powder 500 g,Spices & Condiments,Not Declared,500 g,Rs. 503.00 (Incl. of all taxes),01/2026,Email: care@navrang.com | Ph: 1800-218-1231,India,NON-COMPLIANT,Rule 6(1)(a): Manufacturer/packer declaration entirely missing,2026-07-24 14:16:36,93%
LMC-01716,Diet Murmura Mix 250 g,Snacks & Namkeen,Not Declared,250 g,Rs. 71.00 (Incl. of all taxes),07/2026,Not Declared,India,NON-COMPLIANT,Rule 6(1)(a): Manufacturer/packer declaration entirely missing; Rule 6(1)(e): Complete consumer care grievance contact details missing,2026-07-23 08:09:36,81%
LMC-01717,Coriander Dhania Powder 750 g,Spices & Condiments,"Himalayan Organic Ventures, Pantnagar",750 g,Rs. 793.00 (Incl. of all taxes),02/2026,Email: care@himalayan.com | Ph: 1800-877-9162,India,NEEDS REVIEW,Rule 6(1)(a): Physical address of manufacturer incomplete (missing PIN code/city); Rule 6(1)(c): Non-standard unit abbreviation used ('ML' / 'ltr' instead of 'ml' / 'L'),2026-08-04 23:21:36,81%
LMC-01718,Alphonso Mango Nectar 750 ml,Beverages & Juices,"Ananya Consumer Goods Ltd, Plot 42, Sector 8, IMT Manesar, Gurugram, Haryana - 122050",750 ml,Rs. 648.00 (Incl. of all taxes),Not Declared,Email: care@ananya.com | Ph: 1800-762-4119,India,NON-COMPLIANT,Rule 6(1)(d): Month and year of manufacture/packing missing,2026-08-23 00:38:36,87%
LMC-01719,Pure Sesame Gingelly Oil 750 ml,Edible Oils,"Ananya Consumer Goods Ltd, Plot 42, Sector 8, IMT Manesar, Gurugram, Haryana - 122050",750 ml,Rs. 413.00 (Incl. of all taxes),03/2026,Email: care@ananya.com | Ph: 1800-543-6728,Not Declared,NON-COMPLIANT,Rule 6(1)(n): Missing Country of Origin declaration,2026-08-07 09:42:36,83%
LMC-01720,Tender Coconut Water Drink 750 ml,Beverages & Juices,"Godavari Mills & Refineries, Sy. No. 340, Autonagar, Guntur, Andhra Pradesh - 522001",750 ml,Rs. 622.00 (Incl. of all taxes),02/2026,Helpline: 1800-599-8561 (Email missing),Imported (Origin: Sri Lanka),NEEDS REVIEW,Rule 7: Font size / unit symbol ambiguous or truncated under OCR; Rule 6(1)(e): Missing consumer care email address,2026-07-19 12:12:36,60%
LMC-01721,Gulab Jamun Instant Mix 500 g,Ready-to-Eat,"Ananya Consumer Goods Ltd, Plot 42, Sector 8, IMT Manesar, Gurugram, Haryana - 122050",500 g,Rs. 479.00 (Incl. of all taxes),01/2026,Email: care@ananya.com | Ph: 1800-419-2535,India,COMPLIANT,None (Fully Compliant with Rule 6),2026-08-06 14:48:36,88%
LMC-01722,Rice Flour Fine 2 kg,Atta & Flours,"Navrang Agro Commodities Corp, GIDC Naroda, Ahmedabad, Gujarat - 382330",2 kg,Rs. 450.00 (Incl. of all taxes),02/2026,Email: care@navrang.com | Ph: 1800-169-8807,India,COMPLIANT,None (Fully Compliant with Rule 6),2026-09-01 03:50:36,94%
LMC-01723,Darjeeling Whole Leaf Black Tea 200 g,Tea & Coffee,"Ananya Consumer Goods Ltd, Plot 42, Sector 8, IMT Manesar, Gurugram, Haryana - 122050",200 g,Rs. 949.00 (Incl. of all taxes),03/2026,Not Declared,Imported (Origin: Sri Lanka),NON-COMPLIANT,Rule 6(1)(e): Complete consumer care grievance contact details missing,2026-08-11 01:18:36,76%
LMC-01724,Dal Makhani Heat & Eat Meal 400 g,Ready-to-Eat,"Surya Packaged Commodities LLP, Industrial Growth Centre, Mandideep, Bhopal, MP - 462046",400 g,Rs. 603.00,02/2026,Email: care@surya.com | Ph: 1800-509-1371,India,NON-COMPLIANT,Rule 6(1)(da): Missing 'Inclusive of all taxes' declaration with MRP,2026-08-10 18:02:36,90%
LMC-01725,Marie Crisp Tea Biscuits 100 g,Biscuits & Cookies,"Surya Packaged Commodities LLP, Industrial Growth Centre, Mandideep, Bhopal, MP - 462046",100 g,Rs. 310.00 (Incl. of all taxes),08/2026,Email: care@surya.com | Ph: 1800-358-6671,India,COMPLIANT,None (Fully Compliant with Rule 6),2026-08-01 03:48:36,93%
LMC-01726,Refined Groundnut Oil 2 L,Edible Oils,"Godavari Mills & Refineries, Sy. No. 340, Autonagar, Guntur, Andhra Pradesh - 522001",2 L,Rs. 660.00 (Incl. of all taxes),03/2026,Email: care@godavari.com | Ph: 1800-703-2078,India,COMPLIANT,None (Fully Compliant with Rule 6),2026-07-06 08:45:36,91%
LMC-01727,Refined Sunflower Cooking Oil 5 L,Edible Oils,"Kaveri Spices & Naturals, 14/B, Spice Park, Puttady, Idukki, Kerala - 685551",5 L,Rs. 89.00 (Incl. of all taxes),Not Declared,Email: care@kaveri.com | Ph: 1800-591-3748,India,NON-COMPLIANT,Rule 6(1)(d): Month and year of manufacture/packing missing,2026-08-16 00:58:36,89%
LMC-01728,Alphonso Mango Nectar 200 ml,Beverages & Juices,"Ananya Consumer Goods Ltd, Plot 42, Sector 8, IMT Manesar, Gurugram, Haryana - 122050",200 ml,Rs. 592.00 (Incl. of all taxes),03/2026,Helpline: 1800-440-4467 (Email missing),India,NEEDS REVIEW,Rule 6(1)(e): Missing consumer care email address,2026-08-26 09:42:36,69%
LMC-01729,Blended Edible Vegetable Oil 200 ml,Edible Oils,"Kaveri Spices & Naturals, 14/B, Spice Park, Puttady, Idukki, Kerala - 685551",200 ml,Rs. 366.00 (Incl. of all taxes),08/2026,Email: care@kaveri.com | Ph: 1800-728-9953,India,COMPLIANT,None (Fully Compliant with Rule 6),2026-07-06 21:11:36,94%
LMC-01730,Kasuri Methi 750 g,Spices & Condiments,"Navrang Agro Commodities Corp, GIDC Naroda, Ahmedabad, Gujarat - 382330",750 g,Rs. 574.00 (Incl. of all taxes),06/2026,Email: care@navrang.com | Ph: 1800-680-5544,India,COMPLIANT,None (Fully Compliant with Rule 6),2026-07-15 16:10:36,91%
LMC-01731,Pasteurized Cow Ghee 750 g,Dairy Products,"Godavari Mills & Refineries, Sy. No. 340, Autonagar, Guntur, Andhra Pradesh - 522001",750 g,Rs. 610.00,Not Declared,Email: care@godavari.com | Ph: 1800-570-2627,India,NON-COMPLIANT,Rule 6(1)(d): Month and year of manufacture/packing missing; Rule 6(1)(da): Missing 'Inclusive of all taxes' declaration with MRP,2026-08-29 18:41:36,78%
LMC-01732,Crunchy Moong Dal Namkeen 400 g,Snacks & Namkeen,"Kaveri Spices & Naturals, 14/B, Spice Park, Puttady, Idukki, Kerala - 685551",400 g,Rs. 159.00 (Incl. of all taxes),08/2026,Helpline: 1800-614-8679 (Email missing),India,NEEDS REVIEW,Rule 6(1)(e): Missing consumer care email address,2026-09-02 18:43:36,77%
LMC-01733,Mint Peppermint Lozenges 200 g,Chocolates & Confectionery,"Pristine Foods & Agro Ltd, Phase 2, Peenya Industrial Area, Bengaluru, Karnataka - 560058",200 g,Not Declared,06/2026,Email: care@pristine.com | Ph: 1800-352-6932,Not Declared,NON-COMPLIANT,Rule 6(1)(n): Missing Country of Origin declaration; Rule 6(1)(da): Maximum Retail Price (MRP) declaration absent,2026-08-09 04:12:36,91%
LMC-01734,Sterilized Flavoured Milk 50 g,Dairy Products,"Surya Packaged Commodities LLP, Industrial Growth Centre, Mandideep, Bhopal, MP - 462046",50 gms,Rs. 201.00 (Incl. of all taxes),07/2026,Helpline: 1800-829-6574 (Email missing),India,NEEDS REVIEW,Rule 6(1)(c): Non-standard unit abbreviation used ('gms' / 'gm' instead of standard 'g'); Rule 6(1)(e): Missing consumer care email address,2026-08-14 04:46:36,66%
LMC-01735,Greek Style Plain Yogurt 100 g,Dairy Products,"Vedic Agro Industries Pvt Ltd, Gat No. 118, Urse, Talegaon MIDC, Pune, Maharashtra - 410506",100 g,Rs. 151.00 (Incl. of all taxes),07/2026,Email: care@vedic.com | Ph: 1800-516-1110,India,COMPLIANT,None (Fully Compliant with Rule 6),2026-08-10 05:02:36,92%
LMC-01736,Multigrain Fibre Atta 1 kg,Atta & Flours,"Vedic Agro Industries Pvt Ltd, Gat No. 118, Urse, Talegaon MIDC, Pune, Maharashtra - 410506",1 kg,Rs. 530.00 (Incl. of all taxes),04/2026,Email: care@vedic.com | Ph: 1800-142-4426,India,COMPLIANT,None (Fully Compliant with Rule 6),2026-07-05 14:27:36,89%
LMC-01737,Fruit Jelly Chews Pouch 100 g,Chocolates & Confectionery,Not Declared,100 g,Rs. 355.00 (Incl. of all taxes),08/2026,Email: care@pristine.com | Ph: 1800-793-9985,Not Declared,NON-COMPLIANT,Rule 6(1)(n): Missing Country of Origin declaration; Rule 6(1)(a): Manufacturer/packer declaration entirely missing,2026-08-05 12:25:36,92%
LMC-01738,Cold Pressed Mustard Oil 1 L,Edible Oils,"Ananya Consumer Goods Ltd, Plot 42, Sector 8, IMT Manesar, Gurugram, Haryana - 122050",1 L,Rs. 445.00 (Incl. of all taxes),05/2026,Email: care@ananya.com | Ph: 1800-643-2382,India,COMPLIANT,None (Fully Compliant with Rule 6),2026-08-13 03:15:36,88%
LMC-01739,Dark Silk Chocolate Bar 200 g,Chocolates & Confectionery,"Navrang Agro Commodities Corp, GIDC Naroda, Ahmedabad, Gujarat - 382330",200 g,Rs. 423.00 (Incl. of all taxes),05/2026,Email: care@navrang.com | Ph: 1800-805-7212,India,COMPLIANT,None (Fully Compliant with Rule 6),2026-07-28 01:10:36,97%
LMC-01740,Roasted Almond Milk Bar 500 g,Chocolates & Confectionery,"Ananya Consumer Goods Ltd, Plot 42, Sector 8, IMT Manesar, Gurugram, Haryana - 122050",500 g,Rs. 37.00 (Incl. of all taxes),03/2026,Helpline: 1800-341-1146 (Email missing),India,NEEDS REVIEW,Rule 6(1)(c): Non-standard unit abbreviation used ('ML' / 'ltr' instead of 'ml' / 'L'); Rule 6(1)(e): Missing consumer care email address,2026-08-18 04:07:36,74%
LMC-01741,Sterilized Flavoured Milk 400 g,Dairy Products,"Surya Packaged Commodities LLP, Industrial Growth Centre, Mandideep, Bhopal, MP - 462046",400 g,Rs. 594.00 (Incl. of all taxes),08/2026,Email: care@surya.com | Ph: 1800-799-4421,India,COMPLIANT,None (Fully Compliant with Rule 6),2026-08-17 04:35:36,94%
LMC-01742,Virgin Cold Pressed Coconut Oil 200 ml,Edible Oils,"Pristine Foods & Agro Ltd, Phase 2, Peenya Industrial Area, Bengaluru, Karnataka - 560058",200 ml,Rs. 31.00 (Incl. of all taxes),07/2026,Email: care@pristine.com | Ph: 1800-667-5432,India,COMPLIANT,None (Fully Compliant with Rule 6),2026-08-05 08:03:36,89%
LMC-01743,Greek Style Plain Yogurt 400 g,Dairy Products,"Ananya Consumer Goods Ltd, Plot 42, Sector 8, IMT Manesar, Gurugram, Haryana - 122050",400 g,Rs. 694.00 (Incl. of all taxes),06/2026,Email: care@ananya.com | Ph: 1800-612-5659,India,COMPLIANT,None (Fully Compliant with Rule 6),2026-08-29 10:32:36,88%
LMC-01744,Tender Coconut Water Drink 100 ml,Beverages & Juices,"Himalayan Organic Ventures, SIDCUL Industrial Estate, Pantnagar, Uttarakhand - 263153",100 ml,Rs. 886.00 (Incl. of all taxes),05/2026,Email: care@himalayan.com | Ph: 1800-344-2158,India,COMPLIANT,None (Fully Compliant with Rule 6),2026-07-16 16:08:36,88%
LMC-01745,Salted Crackers 400 g,Biscuits & Cookies,"Ananya Consumer Goods Ltd, Plot 42, Sector 8, IMT Manesar, Gurugram, Haryana - 122050",400 g,Rs. 488.00 (Incl. of all taxes),08/2026,Email: care@ananya.com | Ph: 1800-313-4823,India,COMPLIANT,None (Fully Compliant with Rule 6),2026-07-27 12:17:36,93%
LMC-01746,Crunchy Moong Dal Namkeen 500 g,Snacks & Namkeen,"Godavari Mills & Refineries, Sy. No. 340, Autonagar, Guntur, Andhra Pradesh - 522001",500 g,Rs. 911.00 (Incl. of all taxes),04/2026,Not Declared,India,NON-COMPLIANT,Rule 6(1)(e): Complete consumer care grievance contact details missing,2026-07-27 00:52:36,95%
LMC-01747,Sterilized Flavoured Milk 400 g,Dairy Products,"Himalayan Organic Ventures, SIDCUL Industrial Estate, Pantnagar, Uttarakhand - 263153",400 g,Not Declared,05/2026,Email: care@himalayan.com | Ph: 1800-456-4735,India,NON-COMPLIANT,Rule 6(1)(da): Maximum Retail Price (MRP) declaration absent,2026-07-29 16:11:36,79%
LMC-01748,Digestive High Fibre Biscuits 750 g,Biscuits & Cookies,"Himalayan Organic Ventures, SIDCUL Industrial Estate, Pantnagar, Uttarakhand - 263153",750 g,Rs. 815.00 (Incl. of all taxes),06/2026,Email: care@himalayan.com | Ph: 1800-270-3219,India,COMPLIANT,None (Fully Compliant with Rule 6),2026-07-17 06:24:36,97%
LMC-01749,Roasted Almond Milk Bar 250 g,Chocolates & Confectionery,"Kaveri Spices & Naturals, Idukki",250 g,Rs. 438.00 (Incl. of all taxes),05/2026,Email: care@kaveri.com | Ph: 1800-983-1209,India,NEEDS REVIEW,Rule 6(1)(a): Physical address of manufacturer incomplete (missing PIN code/city),2026-09-02 11:44:36,78%
LMC-01750,Organic Besan Gram Flour 5 kg,Atta & Flours,"Pristine Foods & Agro Ltd, Phase 2, Peenya Industrial Area, Bengaluru, Karnataka - 560058",5 kg,Rs. 64.00 (Incl. of all taxes),06/2026,Email: care@pristine.com | Ph: 1800-325-9821,India,COMPLIANT,None (Fully Compliant with Rule 6),2026-08-10 19:44:36,92%
LMC-01751,Multigrain Fibre Atta 5 kg,Atta & Flours,"Godavari Mills & Refineries, Sy. No. 340, Autonagar, Guntur, Andhra Pradesh - 522001",5 kg,Rs. 743.00 (Incl. of all taxes),02/2026,Email: care@godavari.com | Ph: 1800-670-4001,India,COMPLIANT,None (Fully Compliant with Rule 6),2026-07-26 06:38:36,96%
LMC-01752,Marie Crisp Tea Biscuits 200 g,Biscuits & Cookies,"Ananya Consumer Goods Ltd, Plot 42, Sector 8, IMT Manesar, Gurugram, Haryana - 122050",200 g,Rs. 311.00 (Incl. of all taxes),08/2026,Email: care@ananya.com | Ph: 1800-855-9807,India,COMPLIANT,None (Fully Compliant with Rule 6),2026-07-28 15:05:36,92%
LMC-01753,Caramel Toffee Pouch 200 g,Chocolates & Confectionery,"Kaveri Spices & Naturals, 14/B, Spice Park, Puttady, Idukki, Kerala - 685551",200 g,Rs. 381.00 (Incl. of all taxes),06/2026,Email: care@kaveri.com | Ph: 1800-102-4491,India,COMPLIANT,None (Fully Compliant with Rule 6),2026-07-08 13:50:36,88%
LMC-01754,Digestive High Fibre Biscuits 200 g,Biscuits & Cookies,Not Declared,200 g,Rs. 566.00,04/2026,Email: care@vedic.com | Ph: 1800-263-5020,India,NON-COMPLIANT,Rule 6(1)(a): Manufacturer/packer declaration entirely missing; Rule 6(1)(da): Missing 'Inclusive of all taxes' declaration with MRP,2026-08-03 04:31:36,80%
LMC-01755,Dark Silk Chocolate Bar 750 g,Chocolates & Confectionery,"Navrang Agro Commodities Corp, GIDC Naroda, Ahmedabad, Gujarat - 382330",750 g,Rs. 664.00 (Incl. of all taxes),08/2026,Email: care@navrang.com | Ph: 1800-260-3957,Not Declared,NON-COMPLIANT,Rule 6(1)(n): Missing Country of Origin declaration,2026-08-27 06:53:36,79%
LMC-01756,Dal Makhani Heat & Eat Meal 400 g,Ready-to-Eat,"Surya Packaged Commodities LLP, Industrial Growth Centre, Mandideep, Bhopal, MP - 462046",400 g,Rs. 231.00 (Incl. of all taxes),06/2026,Email: care@surya.com | Ph: 1800-955-1970,India,COMPLIANT,None (Fully Compliant with Rule 6),2026-07-25 02:41:36,92%
LMC-01757,Maida Refined Wheat Flour 10 kg,Atta & Flours,Not Declared,Not Declared,Rs. 66.00 (Incl. of all taxes),06/2026,Email: care@himalayan.com | Ph: 1800-842-7546,India,NON-COMPLIANT,Rule 6(1)(c): Net quantity declaration absent; Rule 6(1)(a): Manufacturer/packer declaration entirely missing,2026-08-16 12:24:36,93%
LMC-01758,Marie Crisp Tea Biscuits 250 g,Biscuits & Cookies,"Pristine Foods & Agro Ltd, Phase 2, Peenya Industrial Area, Bengaluru, Karnataka - 560058",250 g,Rs. 571.00 (Incl. of all taxes),03/2026,Email: care@pristine.com | Ph: 1800-759-9280,India,COMPLIANT,None (Fully Compliant with Rule 6),2026-08-04 11:47:36,91%
LMC-01759,Kashmiri Degi Mirch Powder 200 g,Spices & Condiments,"Himalayan Organic Ventures, SIDCUL Industrial Estate, Pantnagar, Uttarakhand - 263153",200 g,Rs. 765.00 (Incl. of all taxes),07/2026,Email: care@himalayan.com | Ph: 1800-785-3383,Not Declared,NON-COMPLIANT,Rule 6(1)(n): Missing Country of Origin declaration,2026-08-16 00:00:36,95%
LMC-01760,Crunchy Moong Dal Namkeen 100 g,Snacks & Namkeen,"Pristine Foods & Agro Ltd, Phase 2, Peenya Industrial Area, Bengaluru, Karnataka - 560058",100 g,Rs. 254.00 (Incl. of all taxes),08/2026,Email: care@pristine.com | Ph: 1800-730-1047,India,COMPLIANT,None (Fully Compliant with Rule 6),2026-07-16 04:29:36,99%
LMC-01761,Choco Chip Delight Cookies 50 g,Biscuits & Cookies,"Himalayan Organic Ventures, SIDCUL Industrial Estate, Pantnagar, Uttarakhand - 263153",50 g,Rs. 279.00 (Incl. of all taxes),03/2026,Email: care@himalayan.com | Ph: 1800-883-6676,Not Declared,NON-COMPLIANT,Rule 6(1)(n): Missing Country of Origin declaration,2026-08-09 19:52:36,79%
LMC-01762,Salted Crackers 100 g,Biscuits & Cookies,"Surya Packaged Commodities LLP, Industrial Growth Centre, Mandideep, Bhopal, MP - 462046",100 g,Rs. 401.00 (Incl. of all taxes),01/2026,Email: care@surya.com | Ph: 1800-148-3205,India,COMPLIANT,None (Fully Compliant with Rule 6),2026-08-20 10:32:36,98%
LMC-01763,Greek Style Plain Yogurt 500 g,Dairy Products,Not Declared,500 g,Rs. 270.00,04/2026,Email: care@godavari.com | Ph: 1800-935-9462,India,NON-COMPLIANT,Rule 6(1)(a): Manufacturer/packer declaration entirely missing; Rule 6(1)(da): Missing 'Inclusive of all taxes' declaration with MRP,2026-08-24 22:00:36,90%
LMC-01764,Refined Groundnut Oil 250 ml,Edible Oils,"Navrang Agro Commodities Corp, GIDC Naroda, Ahmedabad, Gujarat - 382330",Not Declared,Not Declared,06/2026,Email: care@navrang.com | Ph: 1800-644-9933,India,NON-COMPLIANT,Rule 6(1)(da): Maximum Retail Price (MRP) declaration absent; Rule 6(1)(c): Net quantity declaration absent,2026-08-05 21:04:36,81%
LMC-01765,Premium Assam CTC Tea 750 g,Tea & Coffee,"Surya Packaged Commodities LLP, Industrial Growth Centre, Mandideep, Bhopal, MP - 462046",750 g,Rs. 906.00 (Incl. of all taxes),07/2026,Email: care@surya.com | Ph: 1800-735-4230,India,COMPLIANT,None (Fully Compliant with Rule 6),2026-08-21 21:38:36,92%
LMC-01766,Almond Cashew Shortbread 50 g,Biscuits & Cookies,"Kaveri Spices & Naturals, 14/B, Spice Park, Puttady, Idukki, Kerala - 685551",50 g,Rs. 312.00 (Incl. of all taxes),04/2026,Email: care@kaveri.com | Ph: 1800-438-3238,India,COMPLIANT,None (Fully Compliant with Rule 6),2026-08-16 19:03:36,98%
LMC-01767,Almond Cashew Shortbread 250 g,Biscuits & Cookies,"Navrang Agro Commodities Corp, GIDC Naroda, Ahmedabad, Gujarat - 382330",250 g,Rs. 595.00 (Incl. of all taxes),Not Declared,Not Declared,India,NON-COMPLIANT,Rule 6(1)(d): Month and year of manufacture/packing missing; Rule 6(1)(e): Complete consumer care grievance contact details missing,2026-07-12 11:24:36,84%
LMC-01768,Pure Sesame Gingelly Oil 200 ml,Edible Oils,"Himalayan Organic Ventures, SIDCUL Industrial Estate, Pantnagar, Uttarakhand - 263153",200 ml,Rs. 566.00 (Incl. of all taxes),07/2026,Email: care@himalayan.com | Ph: 1800-100-7265,India,COMPLIANT,None (Fully Compliant with Rule 6),2026-07-21 14:53:36,93%
LMC-01769,Maida Refined Wheat Flour 5 kg,Atta & Flours,"Ananya Consumer Goods Ltd, Plot 42, Sector 8, IMT Manesar, Gurugram, Haryana - 122050",5 kg,Rs. 545.00 (Incl. of all taxes),04/2026,Email: care@ananya.com | Ph: 1800-638-2822,India,COMPLIANT,None (Fully Compliant with Rule 6),2026-08-01 00:26:36,92%
LMC-01770,Cold Pressed Mustard Oil 500 ml,Edible Oils,"Godavari Mills & Refineries, Sy. No. 340, Autonagar, Guntur, Andhra Pradesh - 522001",500 ml,Rs. 569.00 (Incl. of all taxes),06/2026,Email: care@godavari.com | Ph: 1800-338-7044,India,COMPLIANT,None (Fully Compliant with Rule 6),2026-07-14 14:14:36,91%
LMC-01771,Mixed Fruit Orchard Blend 250 ml,Beverages & Juices,"Godavari Mills & Refineries, Sy. No. 340, Autonagar, Guntur, Andhra Pradesh - 522001",250 ml,Rs. 839.00 (Incl. of all taxes),05/2026,Email: care@godavari.com | Ph: 1800-588-9605,India,COMPLIANT,None (Fully Compliant with Rule 6),2026-07-30 03:45:36,97%
LMC-01772,Caramel Toffee Pouch 500 g,Chocolates & Confectionery,"Godavari Mills & Refineries, Sy. No. 340, Autonagar, Guntur, Andhra Pradesh - 522001",500 g,Rs. 206.00 (Incl. of all taxes),08/2026,Email: care@godavari.com | Ph: 1800-755-5935,India,COMPLIANT,None (Fully Compliant with Rule 6),2026-07-26 17:23:36,99%
LMC-01773,Mixed Fruit Orchard Blend 100 ml,Beverages & Juices,"Pristine Foods & Agro Ltd, Phase 2, Peenya Industrial Area, Bengaluru, Karnataka - 560058",100 ml,Rs. 392.00 (Incl. of all taxes),02/2026,Email: care@pristine.com | Ph: 1800-612-5672,Imported (Origin: Sri Lanka),COMPLIANT,None (Fully Compliant with Rule 6),2026-08-20 03:44:36,89%
LMC-01774,Darjeeling Whole Leaf Black Tea 750 g,Tea & Coffee,"Pristine Foods & Agro Ltd, Phase 2, Peenya Industrial Area, Bengaluru, Karnataka - 560058",750 g,Rs. 903.00,02/2026,Email: care@pristine.com | Ph: 1800-507-3023,India,NON-COMPLIANT,Rule 6(1)(da): Missing 'Inclusive of all taxes' declaration with MRP,2026-07-08 10:05:36,93%
LMC-01775,Diet Murmura Mix 400 g,Snacks & Namkeen,"Ananya Consumer Goods Ltd, Plot 42, Sector 8, IMT Manesar, Gurugram, Haryana - 122050",400 g,Not Declared,01/2026,Email: care@ananya.com | Ph: 1800-891-3017,Not Declared,NON-COMPLIANT,Rule 6(1)(n): Missing Country of Origin declaration; Rule 6(1)(da): Maximum Retail Price (MRP) declaration absent,2026-08-31 10:39:36,79%
LMC-01776,Diet Murmura Mix 100 g,Snacks & Namkeen,"Godavari Mills & Refineries, Sy. No. 340, Autonagar, Guntur, Andhra Pradesh - 522001",100 g,Rs. 753.00 (Incl. of all taxes),06/2026,Email: care@godavari.com | Ph: 1800-797-4628,India,COMPLIANT,None (Fully Compliant with Rule 6),2026-08-02 01:46:36,89%
LMC-01777,Maida Refined Wheat Flour 1 kg,Atta & Flours,"Kaveri Spices & Naturals, 14/B, Spice Park, Puttady, Idukki, Kerala - 685551",1 kg,Rs. 494.00 (Incl. of all taxes),06/2026,Email: care@kaveri.com | Ph: 1800-693-5912,India,COMPLIANT,None (Fully Compliant with Rule 6),2026-08-08 13:03:36,97%
LMC-01778,Salted Table Butter 100 g,Dairy Products,"Vedic Agro Industries Pvt Ltd, Gat No. 118, Urse, Talegaon MIDC, Pune, Maharashtra - 410506",100 g,Rs. 36.00 (Incl. of all taxes),02/2026,Email: care@vedic.com | Ph: 1800-489-6480,Not Declared,NON-COMPLIANT,Rule 6(1)(n): Missing Country of Origin declaration,2026-08-02 05:42:36,94%
LMC-01779,Organic Besan Gram Flour 1 kg,Atta & Flours,"Ananya Consumer Goods Ltd, Plot 42, Sector 8, IMT Manesar, Gurugram, Haryana - 122050",1 kg,Rs. 657.00 (Incl. of all taxes),Not Declared,Email: care@ananya.com | Ph: 1800-746-8996,India,NON-COMPLIANT,Rule 6(1)(d): Month and year of manufacture/packing missing,2026-07-16 00:00:36,95%
LMC-01780,Greek Style Plain Yogurt 400 g,Dairy Products,"Godavari Mills & Refineries, Guntur",400 g,Rs. 280.00 (Incl. of all taxes),06/2026,Helpline: 1800-444-2256 (Email missing),India,NEEDS REVIEW,Rule 6(1)(e): Missing consumer care email address; Rule 6(1)(a): Physical address of manufacturer incomplete (missing PIN code/city),2026-07-30 13:04:36,71%
LMC-01781,Whole Cumin Jeera Seeds 200 g,Spices & Condiments,"Godavari Mills & Refineries, Sy. No. 340, Autonagar, Guntur, Andhra Pradesh - 522001",200 g,Rs. 549.00 (Incl. of all taxes),03/2026,Email: care@godavari.com | Ph: 1800-991-9058,India,COMPLIANT,None (Fully Compliant with Rule 6),2026-07-12 14:07:36,89%
LMC-01782,Poha Instant Breakfast Bowl 50 g,Ready-to-Eat,"Himalayan Organic Ventures, SIDCUL Industrial Estate, Pantnagar, Uttarakhand - 263153",50 g,Rs. 590.00 (Incl. of all taxes),04/2026,Email: care@himalayan.com | Ph: 1800-240-2566,India,COMPLIANT,None (Fully Compliant with Rule 6),2026-07-21 20:04:36,91%
LMC-01783,Alphonso Mango Nectar 500 ml,Beverages & Juices,"Ananya Consumer Goods Ltd, Plot 42, Sector 8, IMT Manesar, Gurugram, Haryana - 122050",500 ml,Rs. 125.00 (Incl. of all taxes),05/2026,Email: care@ananya.com | Ph: 1800-241-2299,India,COMPLIANT,None (Fully Compliant with Rule 6),2026-09-02 08:54:36,97%
LMC-01784,Diet Murmura Mix 50 g,Snacks & Namkeen,"Himalayan Organic Ventures, SIDCUL Industrial Estate, Pantnagar, Uttarakhand - 263153",50 g,Rs. 555.00,08/2026,Email: care@himalayan.com | Ph: 1800-855-8482,India,NON-COMPLIANT,Rule 6(1)(da): Missing 'Inclusive of all taxes' declaration with MRP,2026-08-17 06:25:36,96%
LMC-01785,Dal Makhani Heat & Eat Meal 100 g,Ready-to-Eat,"Godavari Mills & Refineries, Sy. No. 340, Autonagar, Guntur, Andhra Pradesh - 522001",100 g,Rs. 321.00 (Incl. of all taxes),04/2026,Email: care@godavari.com | Ph: 1800-935-4784,India,COMPLIANT,None (Fully Compliant with Rule 6),2026-07-11 08:11:36,91%
LMC-01786,Standardized Tonned Milk 500 g,Dairy Products,"Kaveri Spices & Naturals, 14/B, Spice Park, Puttady, Idukki, Kerala - 685551",500 g,Rs. 709.00 (Incl. of all taxes),02/2026,Not Declared,India,NON-COMPLIANT,Rule 6(1)(e): Complete consumer care grievance contact details missing,2026-07-27 13:06:36,78%
LMC-01787,Blended Edible Vegetable Oil 1 L,Edible Oils,"Navrang Agro Commodities Corp, GIDC Naroda, Ahmedabad, Gujarat - 382330",1 L,Rs. 721.00 (Incl. of all taxes),03/2026,Email: care@navrang.com | Ph: 1800-663-9582,India,COMPLIANT,None (Fully Compliant with Rule 6),2026-07-19 11:07:36,95%
LMC-01788,Fruit Jelly Chews Pouch 100 g,Chocolates & Confectionery,"Ananya Consumer Goods Ltd, Plot 42, Sector 8, IMT Manesar, Gurugram, Haryana - 122050",100 g,Rs. 538.00 (Incl. of all taxes),04/2026,Not Declared,India,NON-COMPLIANT,Rule 6(1)(e): Complete consumer care grievance contact details missing,2026-08-09 21:10:36,94%
LMC-01789,Tangy Tomato Nacho Chips 500 g,Snacks & Namkeen,"Ananya Consumer Goods Ltd, Plot 42, Sector 8, IMT Manesar, Gurugram, Haryana - 122050",500 g,Rs. 848.00 (Incl. of all taxes),02/2026,Helpline: 1800-930-9092 (Email missing),India,NEEDS REVIEW,Rule 6(1)(e): Missing consumer care email address,2026-08-11 21:21:36,63%
LMC-01790,Organic Besan Gram Flour 5 kg,Atta & Flours,"Godavari Mills & Refineries, Sy. No. 340, Autonagar, Guntur, Andhra Pradesh - 522001",Not Declared,Rs. 910.00 (Incl. of all taxes),Not Declared,Email: care@godavari.com | Ph: 1800-643-9761,India,NON-COMPLIANT,Rule 6(1)(d): Month and year of manufacture/packing missing; Rule 6(1)(c): Net quantity declaration absent,2026-08-16 10:33:36,77%
LMC-01791,Pure Sesame Gingelly Oil 750 ml,Edible Oils,"Godavari Mills & Refineries, Sy. No. 340, Autonagar, Guntur, Andhra Pradesh - 522001",750 ml,Rs. 281.00 (Incl. of all taxes),Not Declared,Not Declared,India,NON-COMPLIANT,Rule 6(1)(e): Complete consumer care grievance contact details missing; Rule 6(1)(d): Month and year of manufacture/packing missing,2026-07-25 03:02:36,84%
LMC-01792,Tangy Tomato Nacho Chips 200 g,Snacks & Namkeen,"Godavari Mills & Refineries, Sy. No. 340, Autonagar, Guntur, Andhra Pradesh - 522001",200 g,Rs. 935.00,05/2026,Email: care@godavari.com | Ph: 1800-238-5861,India,NON-COMPLIANT,Rule 6(1)(da): Missing 'Inclusive of all taxes' declaration with MRP,2026-08-27 03:51:36,80%
LMC-01793,Darjeeling Whole Leaf Black Tea 50 g,Tea & Coffee,"Surya Packaged Commodities LLP, Industrial Growth Centre, Mandideep, Bhopal, MP - 462046",50 g,Not Declared,06/2026,Email: care@surya.com | Ph: 1800-503-6571,India,NON-COMPLIANT,Rule 6(1)(da): Maximum Retail Price (MRP) declaration absent,2026-07-27 15:46:36,82%
LMC-01794,Cold Pressed Mustard Oil 5 L,Edible Oils,"Godavari Mills & Refineries, Sy. No. 340, Autonagar, Guntur, Andhra Pradesh - 522001",5 L,Rs. 476.00,04/2026,Email: care@godavari.com | Ph: 1800-416-3845,Not Declared,NON-COMPLIANT,Rule 6(1)(n): Missing Country of Origin declaration; Rule 6(1)(da): Missing 'Inclusive of all taxes' declaration with MRP,2026-07-05 14:56:36,90%
LMC-01795,Dal Makhani Heat & Eat Meal 750 g,Ready-to-Eat,"Navrang Agro Commodities Corp, GIDC Naroda, Ahmedabad, Gujarat - 382330",750 g,Rs. 507.00 (Incl. of all taxes),04/2026,Email: care@navrang.com | Ph: 1800-774-8941,Not Declared,NON-COMPLIANT,Rule 6(1)(n): Missing Country of Origin declaration,2026-08-04 00:14:36,76%
LMC-01796,Refined Groundnut Oil 750 ml,Edible Oils,"Ananya Consumer Goods Ltd, Plot 42, Sector 8, IMT Manesar, Gurugram, Haryana - 122050",750 ml,Rs. 743.00 (Incl. of all taxes),08/2026,Email: care@ananya.com | Ph: 1800-855-8066,India,COMPLIANT,None (Fully Compliant with Rule 6),2026-07-20 10:56:36,90%
LMC-01797,Diet Murmura Mix 400 g,Snacks & Namkeen,"Kaveri Spices & Naturals, 14/B, Spice Park, Puttady, Idukki, Kerala - 685551",400 g,Rs. 441.00 (Incl. of all taxes),03/2026,Email: care@kaveri.com | Ph: 1800-559-8527,India,COMPLIANT,None (Fully Compliant with Rule 6),2026-07-21 04:34:36,89%
LMC-01798,Rava Upma Breakfast Mix 250 g,Ready-to-Eat,"Kaveri Spices & Naturals, 14/B, Spice Park, Puttady, Idukki, Kerala - 685551",250 g,Rs. 444.00 (Incl. of all taxes),05/2026,Email: care@kaveri.com | Ph: 1800-451-9964,India,COMPLIANT,None (Fully Compliant with Rule 6),2026-08-01 02:17:36,99%
LMC-01799,Mixed Fruit Orchard Blend 5 L,Beverages & Juices,Not Declared,5 L,Rs. 500.00,03/2026,Email: care@surya.com | Ph: 1800-880-1687,India,NON-COMPLIANT,Rule 6(1)(da): Missing 'Inclusive of all taxes' declaration with MRP; Rule 6(1)(a): Manufacturer/packer declaration entirely missing,2026-08-16 11:32:36,91%
LMC-01800,Dal Makhani Heat & Eat Meal 200 g,Ready-to-Eat,"Surya Packaged Commodities LLP, Industrial Growth Centre, Mandideep, Bhopal, MP - 462046",200 g,Rs. 399.00 (Incl. of all taxes),05/2026,Not Declared,India,NON-COMPLIANT,Rule 6(1)(e): Complete consumer care grievance contact details missing,2026-09-01 21:16:36,77%
LMC-01801,Masala Potato Wafers 750 g,Snacks & Namkeen,"Vedic Agro Industries Pvt Ltd, Gat No. 118, Urse, Talegaon MIDC, Pune, Maharashtra - 410506",750 g,Rs. 75.00 (Incl. of all taxes),Not Declared,Email: care@vedic.com | Ph: 1800-194-5022,Not Declared,NON-COMPLIANT,Rule 6(1)(n): Missing Country of Origin declaration; Rule 6(1)(d): Month and year of manufacture/packing missing,2026-08-04 12:48:36,82%
LMC-01802,Pasteurized Cow Ghee 500 g,Dairy Products,"Himalayan Organic Ventures, SIDCUL Industrial Estate, Pantnagar, Uttarakhand - 263153",500 g,Rs. 178.00 (Incl. of all taxes),02/2026,Email: care@himalayan.com | Ph: 1800-296-2624,India,COMPLIANT,None (Fully Compliant with Rule 6),2026-09-02 17:08:36,90%
LMC-01803,Caramel Toffee Pouch 50 g,Chocolates & Confectionery,"Pristine Foods & Agro Ltd, Phase 2, Peenya Industrial Area, Bengaluru, Karnataka - 560058",50 g,Rs. 417.00 (Incl. of all taxes),05/2026,Email: care@pristine.com | Ph: 1800-340-7636,India,COMPLIANT,None (Fully Compliant with Rule 6),2026-08-19 20:09:36,98%
LMC-01804,Tender Coconut Water Drink 5 L,Beverages & Juices,"Surya Packaged Commodities LLP, Industrial Growth Centre, Mandideep, Bhopal, MP - 462046",5 ltr,Rs. 301.00 (Incl. of all taxes),08/2026,Helpline: 1800-489-4150 (Email missing),India,NEEDS REVIEW,Rule 6(1)(c): Non-standard unit abbreviation used ('ML' / 'ltr' instead of 'ml' / 'L'); Rule 6(1)(e): Missing consumer care email address,2026-08-17 16:25:36,66%
LMC-01805,Refined Groundnut Oil 1 L,Edible Oils,"Godavari Mills & Refineries, Sy. No. 340, Autonagar, Guntur, Andhra Pradesh - 522001",1 L,Rs. 828.00 (Incl. of all taxes),03/2026,Email: care@godavari.com | Ph: 1800-657-7654,India,COMPLIANT,None (Fully Compliant with Rule 6),2026-07-19 02:07:36,89%
LMC-01806,Black Mustard Seeds 500 g,Spices & Condiments,"Vedic Agro Industries Pvt Ltd, Gat No. 118, Urse, Talegaon MIDC, Pune, Maharashtra - 410506",500 g,Rs. 912.00 (Incl. of all taxes),05/2026,Not Declared,India,NON-COMPLIANT,Rule 6(1)(e): Complete consumer care grievance contact details missing,2026-07-10 04:48:36,86%
LMC-01807,Pasteurized Cow Ghee 250 g,Dairy Products,"Navrang Agro Commodities Corp, GIDC Naroda, Ahmedabad, Gujarat - 382330",250 g,Not Declared,01/2026,Email: care@navrang.com | Ph: 1800-854-9598,Imported (Origin: Sri Lanka),NON-COMPLIANT,Rule 6(1)(da): Maximum Retail Price (MRP) declaration absent,2026-08-01 04:12:36,81%
LMC-01808,Dark Silk Chocolate Bar 100 g,Chocolates & Confectionery,"Ananya Consumer Goods Ltd, Plot 42, Sector 8, IMT Manesar, Gurugram, Haryana - 122050",100 g,Rs. 299.00 (Incl. of all taxes),Not Declared,Email: care@ananya.com | Ph: 1800-882-3439,India,NON-COMPLIANT,Rule 6(1)(d): Month and year of manufacture/packing missing,2026-08-27 11:29:36,86%
LMC-01809,Choco Chip Delight Cookies 750 g,Biscuits & Cookies,"Kaveri Spices & Naturals, 14/B, Spice Park, Puttady, Idukki, Kerala - 685551",750 g,Rs. 739.00 (Incl. of all taxes),04/2026,Email: care@kaveri.com | Ph: 1800-147-1703,India,COMPLIANT,None (Fully Compliant with Rule 6),2026-08-21 04:47:36,88%
LMC-01810,Instant Chicory Coffee Powder 500 g,Tea & Coffee,"Godavari Mills & Refineries, Sy. No. 340, Autonagar, Guntur, Andhra Pradesh - 522001",500 g,Rs. 396.00 (Incl. of all taxes),Not Declared,Email: care@godavari.com | Ph: 1800-942-7154,Not Declared,NON-COMPLIANT,Rule 6(1)(n): Missing Country of Origin declaration; Rule 6(1)(d): Month and year of manufacture/packing missing,2026-07-19 15:24:36,81%
LMC-01811,Standardized Tonned Milk 100 g,Dairy Products,"Ananya Consumer Goods Ltd, Plot 42, Sector 8, IMT Manesar, Gurugram, Haryana - 122050",100 g,Rs. 52.00 (Incl. of all taxes),04/2026,Email: care@ananya.com | Ph: 1800-618-4972,Not Declared,NON-COMPLIANT,Rule 6(1)(n): Missing Country of Origin declaration,2026-07-11 20:00:36,85%
LMC-01812,Cold Pressed Mustard Oil 5 L,Edible Oils,"Vedic Agro Industries Pvt Ltd, Gat No. 118, Urse, Talegaon MIDC, Pune, Maharashtra - 410506",5 L,Rs. 830.00 (Incl. of all taxes),07/2026,Email: care@vedic.com | Ph: 1800-757-4209,India,COMPLIANT,None (Fully Compliant with Rule 6),2026-08-27 21:36:36,95%
LMC-01813,Crispy Butter Cookies 250 g,Biscuits & Cookies,"Ananya Consumer Goods Ltd, Plot 42, Sector 8, IMT Manesar, Gurugram, Haryana - 122050",250 g,Rs. 883.00 (Incl. of all taxes),03/2026,Email: care@ananya.com | Ph: 1800-689-6869,India,COMPLIANT,None (Fully Compliant with Rule 6),2026-07-14 01:43:36,89%
LMC-01814,Darjeeling Whole Leaf Black Tea 50 g,Tea & Coffee,"Himalayan Organic Ventures, Pantnagar",50 g,Rs. 862.00 (Incl. of all taxes),03/2026,Email: care@himalayan.com | Ph: 1800-177-8349,Imported (Origin: Sri Lanka),NEEDS REVIEW,Rule 6(1)(a): Physical address of manufacturer incomplete (missing PIN code/city),2026-08-19 00:00:36,79%
LMC-01815,Blended Edible Vegetable Oil 2 L,Edible Oils,"Kaveri Spices & Naturals, 14/B, Spice Park, Puttady, Idukki, Kerala - 685551",2 L,Rs. 923.00 (Incl. of all taxes),06/2026,Email: care@kaveri.com | Ph: 1800-142-1949,India,COMPLIANT,None (Fully Compliant with Rule 6),2026-07-09 00:57:36,97%
LMC-01816,Poha Instant Breakfast Bowl 100 g,Ready-to-Eat,"Himalayan Organic Ventures, SIDCUL Industrial Estate, Pantnagar, Uttarakhand - 263153",100 g,Rs. 874.00 (Incl. of all taxes),08/2026,Not Declared,India,NON-COMPLIANT,Rule 6(1)(e): Complete consumer care grievance contact details missing,2026-07-29 21:35:36,79%
LMC-01817,Instant Masala Noodles 500 g,Ready-to-Eat,"Kaveri Spices & Naturals, 14/B, Spice Park, Puttady, Idukki, Kerala - 685551",500 g,Rs. 502.00 (Incl. of all taxes),04/2026,Email: care@kaveri.com | Ph: 1800-928-3305,India,COMPLIANT,None (Fully Compliant with Rule 6),2026-08-29 08:40:36,94%
LMC-01818,Salted Crackers 500 g,Biscuits & Cookies,"Himalayan Organic Ventures, SIDCUL Industrial Estate, Pantnagar, Uttarakhand - 263153",500 g,Rs. 77.00 (Incl. of all taxes),01/2026,Email: care@himalayan.com | Ph: 1800-676-5307,India,NEEDS REVIEW,Rule 7: Font size / unit symbol ambiguous or truncated under OCR,2026-08-23 10:53:36,61%
LMC-01819,100% Valencia Orange Juice 500 ml,Beverages & Juices,"Himalayan Organic Ventures, SIDCUL Industrial Estate, Pantnagar, Uttarakhand - 263153",500 ml,Rs. 553.00 (Incl. of all taxes),03/2026,Email: care@himalayan.com | Ph: 1800-714-6082,India,NEEDS REVIEW,Rule 6(1)(c): Non-standard unit abbreviation used ('gms' / 'gm' instead of standard 'g'),2026-08-06 05:24:36,70%
LMC-01820,Pure Malai Paneer 500 g,Dairy Products,"Ananya Consumer Goods Ltd, Plot 42, Sector 8, IMT Manesar, Gurugram, Haryana - 122050",500 g,Rs. 585.00 (Incl. of all taxes),08/2026,Email: care@ananya.com | Ph: 1800-664-5848,Not Declared,NON-COMPLIANT,Rule 6(1)(n): Missing Country of Origin declaration,2026-07-23 08:14:36,84%
LMC-01821,Instant Chicory Coffee Powder 100 g,Tea & Coffee,"Godavari Mills & Refineries, Sy. No. 340, Autonagar, Guntur, Andhra Pradesh - 522001",100 g,Not Declared,Not Declared,Email: care@godavari.com | Ph: 1800-962-1800,India,NON-COMPLIANT,Rule 6(1)(d): Month and year of manufacture/packing missing; Rule 6(1)(da): Maximum Retail Price (MRP) declaration absent,2026-07-26 04:31:36,85%
LMC-01822,Fruit Jelly Chews Pouch 250 g,Chocolates & Confectionery,"Pristine Foods & Agro Ltd, Phase 2, Peenya Industrial Area, Bengaluru, Karnataka - 560058",250 g,Rs. 71.00 (Incl. of all taxes),04/2026,Email: care@pristine.com | Ph: 1800-985-7107,India,COMPLIANT,None (Fully Compliant with Rule 6),2026-08-06 14:36:36,94%
LMC-01823,Darjeeling Whole Leaf Black Tea 400 g,Tea & Coffee,"Pristine Foods & Agro Ltd, Phase 2, Peenya Industrial Area, Bengaluru, Karnataka - 560058",400 g,Rs. 714.00 (Incl. of all taxes),01/2026,Email: care@pristine.com | Ph: 1800-624-2689,India,COMPLIANT,None (Fully Compliant with Rule 6),2026-09-02 21:42:36,91%
LMC-01824,Rice Flour Fine 1 kg,Atta & Flours,"Navrang Agro Commodities Corp, Ahmedabad",1 kgs,Rs. 209.00 (Incl. of all taxes),08/2026,Email: care@navrang.com | Ph: 1800-930-3265,India,NEEDS REVIEW,Rule 6(1)(c): Non-standard unit abbreviation used ('gms' / 'gm' instead of standard 'g'); Rule 6(1)(a): Physical address of manufacturer incomplete (missing PIN code/city),2026-09-03 04:41:36,74%
LMC-01825,Tangy Tomato Nacho Chips 100 g,Snacks & Namkeen,"Navrang Agro Commodities Corp, GIDC Naroda, Ahmedabad, Gujarat - 382330",100 g,Rs. 365.00,03/2026,Email: care@navrang.com | Ph: 1800-488-7373,India,NON-COMPLIANT,Rule 6(1)(da): Missing 'Inclusive of all taxes' declaration with MRP,2026-07-06 05:47:36,86%
LMC-01826,Pure Malai Paneer 250 g,Dairy Products,"Ananya Consumer Goods Ltd, Plot 42, Sector 8, IMT Manesar, Gurugram, Haryana - 122050",250 g,Rs. 33.00 (Incl. of all taxes),01/2026,Email: care@ananya.com | Ph: 1800-981-6416,India,COMPLIANT,None (Fully Compliant with Rule 6),2026-07-25 00:13:36,92%
LMC-01827,Salted Crackers 750 g,Biscuits & Cookies,"Pristine Foods & Agro Ltd, Phase 2, Peenya Industrial Area, Bengaluru, Karnataka - 560058",750 g,Rs. 368.00 (Incl. of all taxes),03/2026,Email: care@pristine.com | Ph: 1800-766-2292,India,COMPLIANT,None (Fully Compliant with Rule 6),2026-07-25 00:42:36,91%
LMC-01828,Royal Garam Masala Blend 50 g,Spices & Condiments,"Kaveri Spices & Naturals, 14/B, Spice Park, Puttady, Idukki, Kerala - 685551",50 g,Rs. 917.00 (Incl. of all taxes),02/2026,Email: care@kaveri.com | Ph: 1800-112-4812,India,NEEDS REVIEW,Rule 6(1)(c): Non-standard unit abbreviation used ('ML' / 'ltr' instead of 'ml' / 'L'),2026-08-02 20:22:36,72%
LMC-01829,Poha Instant Breakfast Bowl 50 g,Ready-to-Eat,"Kaveri Spices & Naturals, 14/B, Spice Park, Puttady, Idukki, Kerala - 685551",50 g,Not Declared,01/2026,Email: care@kaveri.com | Ph: 1800-231-1701,India,NON-COMPLIANT,Rule 6(1)(da): Maximum Retail Price (MRP) declaration absent,2026-07-21 03:24:36,76%
LMC-01830,Alphonso Mango Nectar 2 L,Beverages & Juices,Not Declared,2 L,Rs. 506.00 (Incl. of all taxes),07/2026,Not Declared,India,NON-COMPLIANT,Rule 6(1)(a): Manufacturer/packer declaration entirely missing; Rule 6(1)(e): Complete consumer care grievance contact details missing,2026-07-20 10:33:36,89%
LMC-01831,Pasteurized Cow Ghee 400 g,Dairy Products,"Kaveri Spices & Naturals, 14/B, Spice Park, Puttady, Idukki, Kerala - 685551",400 g,Rs. 373.00 (Incl. of all taxes),02/2026,Email: care@kaveri.com | Ph: 1800-180-6843,India,COMPLIANT,None (Fully Compliant with Rule 6),2026-08-25 12:37:36,92%
LMC-01832,Tangy Tomato Nacho Chips 200 g,Snacks & Namkeen,"Pristine Foods & Agro Ltd, Phase 2, Peenya Industrial Area, Bengaluru, Karnataka - 560058",200 g,Rs. 639.00 (Incl. of all taxes),03/2026,Email: care@pristine.com | Ph: 1800-684-4971,India,COMPLIANT,None (Fully Compliant with Rule 6),2026-08-22 17:16:36,88%
LMC-01833,Green Tea Lemon Honey Bags 100 g,Tea & Coffee,"Pristine Foods & Agro Ltd, Phase 2, Peenya Industrial Area, Bengaluru, Karnataka - 560058",100 g,Rs. 409.00 (Incl. of all taxes),01/2026,Email: care@pristine.com | Ph: 1800-658-5248,India,COMPLIANT,None (Fully Compliant with Rule 6),2026-08-13 08:10:36,92%
LMC-01834,Kasuri Methi 200 g,Spices & Condiments,"Surya Packaged Commodities LLP, Industrial Growth Centre, Mandideep, Bhopal, MP - 462046",200 g,Rs. 308.00 (Incl. of all taxes),06/2026,Email: care@surya.com | Ph: 1800-875-3287,India,COMPLIANT,None (Fully Compliant with Rule 6),2026-08-10 13:02:36,96%
LMC-01835,Royal Garam Masala Blend 400 g,Spices & Condiments,"Godavari Mills & Refineries, Sy. No. 340, Autonagar, Guntur, Andhra Pradesh - 522001",400 gms,Rs. 595.00 (Incl. of all taxes),08/2026,Email: care@godavari.com | Ph: 1800-175-6033,India,NEEDS REVIEW,Rule 6(1)(c): Non-standard unit abbreviation used ('gms' / 'gm' instead of standard 'g'); Rule 6(1)(c): Non-standard unit abbreviation used ('ML' / 'ltr' instead of 'ml' / 'L'),2026-08-31 12:11:36,81%
LMC-01836,Green Tea Lemon Honey Bags 200 g,Tea & Coffee,"Surya Packaged Commodities LLP, Industrial Growth Centre, Mandideep, Bhopal, MP - 462046",200 g,Rs. 197.00,Not Declared,Email: care@surya.com | Ph: 1800-777-8015,India,NON-COMPLIANT,Rule 6(1)(d): Month and year of manufacture/packing missing; Rule 6(1)(da): Missing 'Inclusive of all taxes' declaration with MRP,2026-08-05 21:29:36,80%
LMC-01837,Tender Coconut Water Drink 250 ml,Beverages & Juices,"Surya Packaged Commodities LLP, Industrial Growth Centre, Mandideep, Bhopal, MP - 462046",250 ml,Rs. 653.00 (Incl. of all taxes),05/2026,Email: care@surya.com | Ph: 1800-767-1306,India,COMPLIANT,None (Fully Compliant with Rule 6),2026-08-20 12:05:36,89%
LMC-01838,Agmark Haldi Turmeric Powder 750 g,Spices & Condiments,"Pristine Foods & Agro Ltd, Phase 2, Peenya Industrial Area, Bengaluru, Karnataka - 560058",750 g,Rs. 821.00 (Incl. of all taxes),07/2026,Email: care@pristine.com | Ph: 1800-926-4639,India,COMPLIANT,None (Fully Compliant with Rule 6),2026-09-01 12:36:36,98%
LMC-01839,Mint Peppermint Lozenges 100 g,Chocolates & Confectionery,"Vedic Agro Industries Pvt Ltd, Gat No. 118, Urse, Talegaon MIDC, Pune, Maharashtra - 410506",100 g,Rs. 104.00 (Incl. of all taxes),08/2026,Email: care@vedic.com | Ph: 1800-772-8381,India,COMPLIANT,None (Fully Compliant with Rule 6),2026-08-06 00:37:36,88%
LMC-01840,Maida Refined Wheat Flour 2 kg,Atta & Flours,"Navrang Agro Commodities Corp, GIDC Naroda, Ahmedabad, Gujarat - 382330",2 kg,Rs. 569.00 (Incl. of all taxes),Not Declared,Email: care@navrang.com | Ph: 1800-216-6434,India,NON-COMPLIANT,Rule 6(1)(d): Month and year of manufacture/packing missing,2026-08-30 02:54:36,95%
LMC-01841,Kasuri Methi 400 g,Spices & Condiments,"Pristine Foods & Agro Ltd, Phase 2, Peenya Industrial Area, Bengaluru, Karnataka - 560058",400 g,Rs. 106.00 (Incl. of all taxes),01/2026,Email: care@pristine.com | Ph: 1800-747-8838,India,COMPLIANT,None (Fully Compliant with Rule 6),2026-07-12 12:20:36,93%
LMC-01842,Digestive High Fibre Biscuits 100 g,Biscuits & Cookies,"Himalayan Organic Ventures, SIDCUL Industrial Estate, Pantnagar, Uttarakhand - 263153",Not Declared,Rs. 829.00 (Incl. of all taxes),Not Declared,Email: care@himalayan.com | Ph: 1800-240-2107,Imported (Origin: Sri Lanka),NON-COMPLIANT,Rule 6(1)(d): Month and year of manufacture/packing missing; Rule 6(1)(c): Net quantity declaration absent,2026-08-20 21:58:36,81%
LMC-01843,Salted Table Butter 750 g,Dairy Products,"Himalayan Organic Ventures, SIDCUL Industrial Estate, Pantnagar, Uttarakhand - 263153",750 g,Rs. 791.00 (Incl. of all taxes),08/2026,Email: care@himalayan.com | Ph: 1800-975-8586,Not Declared,NON-COMPLIANT,Rule 6(1)(n): Missing Country of Origin declaration,2026-07-28 17:27:36,91%
LMC-01844,Darjeeling Whole Leaf Black Tea 200 g,Tea & Coffee,"Surya Packaged Commodities LLP, Industrial Growth Centre, Mandideep, Bhopal, MP - 462046",200 g,Rs. 256.00 (Incl. of all taxes),03/2026,Email: care@surya.com | Ph: 1800-610-7022,India,COMPLIANT,None (Fully Compliant with Rule 6),2026-08-15 09:50:36,96%
LMC-01845,Premium Assam CTC Tea 200 g,Tea & Coffee,"Vedic Agro Industries Pvt Ltd, Gat No. 118, Urse, Talegaon MIDC, Pune, Maharashtra - 410506",200 g,Rs. 824.00 (Incl. of all taxes),05/2026,Email: care@vedic.com | Ph: 1800-656-5141,India,COMPLIANT,None (Fully Compliant with Rule 6),2026-08-07 12:57:36,99%
LMC-01846,Sparkling Apple Cider Drink 1 L,Beverages & Juices,"Kaveri Spices & Naturals, 14/B, Spice Park, Puttady, Idukki, Kerala - 685551",1 L,Rs. 348.00 (Incl. of all taxes),03/2026,Email: care@kaveri.com | Ph: 1800-865-4870,India,COMPLIANT,None (Fully Compliant with Rule 6),2026-07-22 20:50:36,99%
LMC-01847,Crunchy Moong Dal Namkeen 750 g,Snacks & Namkeen,"Vedic Agro Industries Pvt Ltd, Gat No. 118, Urse, Talegaon MIDC, Pune, Maharashtra - 410506",750 g,Not Declared,01/2026,Email: care@vedic.com | Ph: 1800-769-2252,India,NON-COMPLIANT,Rule 6(1)(da): Maximum Retail Price (MRP) declaration absent,2026-07-12 05:57:36,84%
LMC-01848,Crunchy Moong Dal Namkeen 200 g,Snacks & Namkeen,"Vedic Agro Industries Pvt Ltd, Gat No. 118, Urse, Talegaon MIDC, Pune, Maharashtra - 410506",200 g,Not Declared,Not Declared,Email: care@vedic.com | Ph: 1800-820-3393,India,NON-COMPLIANT,Rule 6(1)(da): Maximum Retail Price (MRP) declaration absent; Rule 6(1)(d): Month and year of manufacture/packing missing,2026-08-04 08:41:36,78%
LMC-01849,Standardized Tonned Milk 400 g,Dairy Products,"Ananya Consumer Goods Ltd, Plot 42, Sector 8, IMT Manesar, Gurugram, Haryana - 122050",400 g,Rs. 668.00 (Incl. of all taxes),03/2026,Email: care@ananya.com | Ph: 1800-423-3061,India,COMPLIANT,None (Fully Compliant with Rule 6),2026-07-30 08:27:36,96%
LMC-01850,Tender Coconut Water Drink 200 ml,Beverages & Juices,Not Declared,200 ml,Rs. 636.00,05/2026,Email: care@surya.com | Ph: 1800-980-3555,India,NON-COMPLIANT,Rule 6(1)(da): Missing 'Inclusive of all taxes' declaration with MRP; Rule 6(1)(a): Manufacturer/packer declaration entirely missing,2026-08-10 11:50:36,84%
LMC-01851,Fruit Jelly Chews Pouch 750 g,Chocolates & Confectionery,"Navrang Agro Commodities Corp, GIDC Naroda, Ahmedabad, Gujarat - 382330",750 g,Rs. 97.00 (Incl. of all taxes),03/2026,Email: care@navrang.com | Ph: 1800-760-5720,India,COMPLIANT,None (Fully Compliant with Rule 6),2026-07-06 23:26:36,93%
LMC-01852,Bourbon Chocolate Cream Biscuits 250 g,Biscuits & Cookies,"Pristine Foods & Agro Ltd, Phase 2, Peenya Industrial Area, Bengaluru, Karnataka - 560058",250 g,Rs. 516.00,02/2026,Not Declared,India,NON-COMPLIANT,Rule 6(1)(e): Complete consumer care grievance contact details missing; Rule 6(1)(da): Missing 'Inclusive of all taxes' declaration with MRP,2026-07-31 06:03:36,76%
LMC-01853,Digestive High Fibre Biscuits 100 g,Biscuits & Cookies,"Kaveri Spices & Naturals, 14/B, Spice Park, Puttady, Idukki, Kerala - 685551",100 g,Rs. 799.00 (Incl. of all taxes),07/2026,Email: care@kaveri.com | Ph: 1800-182-8179,India,COMPLIANT,None (Fully Compliant with Rule 6),2026-07-15 10:32:36,95%
LMC-01854,Dark Silk Chocolate Bar 100 g,Chocolates & Confectionery,"Navrang Agro Commodities Corp, GIDC Naroda, Ahmedabad, Gujarat - 382330",100 g,Rs. 445.00 (Incl. of all taxes),07/2026,Email: care@navrang.com | Ph: 1800-789-1179,India,COMPLIANT,None (Fully Compliant with Rule 6),2026-08-06 12:41:36,98%
LMC-01855,Rava Upma Breakfast Mix 100 g,Ready-to-Eat,"Ananya Consumer Goods Ltd, Plot 42, Sector 8, IMT Manesar, Gurugram, Haryana - 122050",100 g,Rs. 654.00 (Incl. of all taxes),Not Declared,Email: care@ananya.com | Ph: 1800-689-1605,India,NON-COMPLIANT,Rule 6(1)(d): Month and year of manufacture/packing missing,2026-08-05 05:25:36,92%
LMC-01856,Rava Upma Breakfast Mix 250 g,Ready-to-Eat,"Ananya Consumer Goods Ltd, Plot 42, Sector 8, IMT Manesar, Gurugram, Haryana - 122050",250 g,Rs. 243.00 (Incl. of all taxes),01/2026,Email: care@ananya.com | Ph: 1800-326-1312,India,COMPLIANT,None (Fully Compliant with Rule 6),2026-07-10 09:32:36,96%
LMC-01857,Dark Silk Chocolate Bar 750 g,Chocolates & Confectionery,"Ananya Consumer Goods Ltd, Plot 42, Sector 8, IMT Manesar, Gurugram, Haryana - 122050",750 g,Rs. 145.00 (Incl. of all taxes),03/2026,Email: care@ananya.com | Ph: 1800-241-1709,India,COMPLIANT,None (Fully Compliant with Rule 6),2026-07-28 13:55:36,92%
LMC-01858,Pure Malai Paneer 100 g,Dairy Products,"Ananya Consumer Goods Ltd, Plot 42, Sector 8, IMT Manesar, Gurugram, Haryana - 122050",100 g,Rs. 207.00 (Incl. of all taxes),07/2026,Email: care@ananya.com | Ph: 1800-739-9609,India,COMPLIANT,None (Fully Compliant with Rule 6),2026-08-04 09:37:36,99%
LMC-01859,Sterilized Flavoured Milk 750 g,Dairy Products,"Himalayan Organic Ventures, SIDCUL Industrial Estate, Pantnagar, Uttarakhand - 263153",750 g,Rs. 745.00 (Incl. of all taxes),Not Declared,Email: care@himalayan.com | Ph: 1800-319-8316,India,NON-COMPLIANT,Rule 6(1)(d): Month and year of manufacture/packing missing,2026-07-18 11:26:36,86%
LMC-01860,Rice Flour Fine 2 kg,Atta & Flours,"Godavari Mills & Refineries, Sy. No. 340, Autonagar, Guntur, Andhra Pradesh - 522001",2 kg,Rs. 386.00 (Incl. of all taxes),07/2026,Email: care@godavari.com | Ph: 1800-863-2795,India,COMPLIANT,None (Fully Compliant with Rule 6),2026-08-24 18:02:36,96%
LMC-01861,Greek Style Plain Yogurt 250 g,Dairy Products,"Navrang Agro Commodities Corp, GIDC Naroda, Ahmedabad, Gujarat - 382330",250 g,Rs. 278.00,02/2026,Email: care@navrang.com | Ph: 1800-841-5662,India,NON-COMPLIANT,Rule 6(1)(da): Maximum Retail Price (MRP) declaration absent; Rule 6(1)(da): Missing 'Inclusive of all taxes' declaration with MRP,2026-09-03 12:11:36,90%
LMC-01862,Sterilized Flavoured Milk 50 g,Dairy Products,"Pristine Foods & Agro Ltd, Phase 2, Peenya Industrial Area, Bengaluru, Karnataka - 560058",50 g,Rs. 336.00 (Incl. of all taxes),05/2026,Email: care@pristine.com | Ph: 1800-699-3818,India,COMPLIANT,None (Fully Compliant with Rule 6),2026-07-28 20:54:36,98%
LMC-01863,Roasted Arabica Coffee Beans 200 g,Tea & Coffee,"Vedic Agro Industries Pvt Ltd, Gat No. 118, Urse, Talegaon MIDC, Pune, Maharashtra - 410506",200 g,Rs. 92.00 (Incl. of all taxes),03/2026,Email: care@vedic.com | Ph: 1800-752-9893,India,COMPLIANT,None (Fully Compliant with Rule 6),2026-07-25 19:45:36,91%
LMC-01864,Alphonso Mango Nectar 1 L,Beverages & Juices,"Navrang Agro Commodities Corp, GIDC Naroda, Ahmedabad, Gujarat - 382330",1 L,Rs. 897.00 (Incl. of all taxes),05/2026,Email: care@navrang.com | Ph: 1800-800-2629,India,COMPLIANT,None (Fully Compliant with Rule 6),2026-07-10 17:27:36,92%
LMC-01865,Maida Refined Wheat Flour 2 kg,Atta & Flours,"Ananya Consumer Goods Ltd, Plot 42, Sector 8, IMT Manesar, Gurugram, Haryana - 122050",2 kg,Rs. 870.00 (Incl. of all taxes),07/2026,Email: care@ananya.com | Ph: 1800-645-5048,India,COMPLIANT,None (Fully Compliant with Rule 6),2026-07-23 17:52:36,96%
LMC-01866,Salted Table Butter 200 g,Dairy Products,"Kaveri Spices & Naturals, 14/B, Spice Park, Puttady, Idukki, Kerala - 685551",200 g,Rs. 815.00,01/2026,Email: care@kaveri.com | Ph: 1800-399-8167,India,NON-COMPLIANT,Rule 6(1)(da): Missing 'Inclusive of all taxes' declaration with MRP,2026-08-28 03:05:36,75%
LMC-01867,Kashmiri Degi Mirch Powder 500 g,Spices & Condiments,"Godavari Mills & Refineries, Sy. No. 340, Autonagar, Guntur, Andhra Pradesh - 522001",500 g,Rs. 56.00 (Incl. of all taxes),05/2026,Email: care@godavari.com | Ph: 1800-179-9786,India,COMPLIANT,None (Fully Compliant with Rule 6),2026-08-10 15:52:36,93%
LMC-01868,Chakki Fresh Pure Atta 2 kg,Atta & Flours,"Godavari Mills & Refineries, Sy. No. 340, Autonagar, Guntur, Andhra Pradesh - 522001",2 kg,Rs. 167.00 (Incl. of all taxes),03/2026,Email: care@godavari.com | Ph: 1800-532-1137,India,COMPLIANT,None (Fully Compliant with Rule 6),2026-07-09 13:25:36,92%
LMC-01869,Chakki Fresh Pure Atta 10 kg,Atta & Flours,"Himalayan Organic Ventures, SIDCUL Industrial Estate, Pantnagar, Uttarakhand - 263153",10 kg,Rs. 639.00 (Incl. of all taxes),04/2026,Helpline: 1800-372-7527 (Email missing),India,NEEDS REVIEW,Rule 6(1)(e): Missing consumer care email address,2026-08-17 08:01:36,81%
LMC-01870,Salted Table Butter 500 g,Dairy Products,"Pristine Foods & Agro Ltd, Phase 2, Peenya Industrial Area, Bengaluru, Karnataka - 560058",500 g,Rs. 394.00 (Incl. of all taxes),03/2026,Email: care@pristine.com | Ph: 1800-792-8290,India,COMPLIANT,None (Fully Compliant with Rule 6),2026-08-13 02:56:36,94%
LMC-01871,Mixed Fruit Orchard Blend 750 ml,Beverages & Juices,"Surya Packaged Commodities LLP, Industrial Growth Centre, Mandideep, Bhopal, MP - 462046",750 ml,Rs. 683.00 (Incl. of all taxes),08/2026,Email: care@surya.com | Ph: 1800-938-6958,India,COMPLIANT,None (Fully Compliant with Rule 6),2026-07-20 10:58:36,99%
LMC-01872,Rava Upma Breakfast Mix 50 g,Ready-to-Eat,"Navrang Agro Commodities Corp, GIDC Naroda, Ahmedabad, Gujarat - 382330",50 g,Rs. 590.00 (Incl. of all taxes),08/2026,Email: care@navrang.com | Ph: 1800-744-6966,India,COMPLIANT,None (Fully Compliant with Rule 6),2026-08-07 00:25:36,97%
LMC-01873,Roasted Arabica Coffee Beans 750 g,Tea & Coffee,"Himalayan Organic Ventures, SIDCUL Industrial Estate, Pantnagar, Uttarakhand - 263153",750 g,Rs. 224.00 (Incl. of all taxes),02/2026,Email: care@himalayan.com | Ph: 1800-891-8475,India,COMPLIANT,None (Fully Compliant with Rule 6),2026-07-11 10:05:36,91%
LMC-01874,Poha Instant Breakfast Bowl 500 g,Ready-to-Eat,"Godavari Mills & Refineries, Sy. No. 340, Autonagar, Guntur, Andhra Pradesh - 522001",500 g,Rs. 274.00 (Incl. of all taxes),04/2026,Email: care@godavari.com | Ph: 1800-566-7326,India,COMPLIANT,None (Fully Compliant with Rule 6),2026-09-03 11:44:36,97%
LMC-01875,Roasted Salted Makhana 50 g,Snacks & Namkeen,"Himalayan Organic Ventures, Pantnagar",50 gms,Rs. 159.00 (Incl. of all taxes),06/2026,Email: care@himalayan.com | Ph: 1800-701-5135,India,NEEDS REVIEW,Rule 6(1)(c): Non-standard unit abbreviation used ('gms' / 'gm' instead of standard 'g'); Rule 6(1)(a): Physical address of manufacturer incomplete (missing PIN code/city),2026-07-06 23:41:36,77%
LMC-01876,Multigrain Fibre Atta 5 kg,Atta & Flours,"Pristine Foods & Agro Ltd, Phase 2, Peenya Industrial Area, Bengaluru, Karnataka - 560058",5 kg,Rs. 414.00,Not Declared,Email: care@pristine.com | Ph: 1800-859-6317,India,NON-COMPLIANT,Rule 6(1)(da): Missing 'Inclusive of all taxes' declaration with MRP; Rule 6(1)(d): Month and year of manufacture/packing missing,2026-08-22 05:11:36,92%
LMC-01877,Roasted Salted Makhana 100 g,Snacks & Namkeen,"Ananya Consumer Goods Ltd, Plot 42, Sector 8, IMT Manesar, Gurugram, Haryana - 122050",100 gms,Rs. 451.00 (Incl. of all taxes),05/2026,Email: care@ananya.com | Ph: 1800-385-6380,India,NEEDS REVIEW,Rule 6(1)(c): Non-standard unit abbreviation used ('gms' / 'gm' instead of standard 'g'); Rule 6(1)(c): Non-standard unit abbreviation used ('ML' / 'ltr' instead of 'ml' / 'L'),2026-08-08 06:21:36,67%
LMC-01878,Caramel Toffee Pouch 750 g,Chocolates & Confectionery,"Navrang Agro Commodities Corp, GIDC Naroda, Ahmedabad, Gujarat - 382330",750 g,Rs. 82.00 (Incl. of all taxes),02/2026,Email: care@navrang.com | Ph: 1800-675-4317,India,COMPLIANT,None (Fully Compliant with Rule 6),2026-08-29 03:51:36,97%
LMC-01879,Marie Crisp Tea Biscuits 750 g,Biscuits & Cookies,"Vedic Agro Industries Pvt Ltd, Gat No. 118, Urse, Talegaon MIDC, Pune, Maharashtra - 410506",750 g,Rs. 464.00,Not Declared,Email: care@vedic.com | Ph: 1800-344-7108,Imported (Origin: Sri Lanka),NON-COMPLIANT,Rule 6(1)(da): Missing 'Inclusive of all taxes' declaration with MRP; Rule 6(1)(d): Month and year of manufacture/packing missing,2026-08-11 02:57:36,82%
LMC-01880,Masala Potato Wafers 200 g,Snacks & Namkeen,"Surya Packaged Commodities LLP, Industrial Growth Centre, Mandideep, Bhopal, MP - 462046",200 g,Rs. 237.00 (Incl. of all taxes),03/2026,Email: care@surya.com | Ph: 1800-665-9207,India,COMPLIANT,None (Fully Compliant with Rule 6),2026-07-22 10:25:36,89%
LMC-01881,Organic Besan Gram Flour 10 kg,Atta & Flours,"Pristine Foods & Agro Ltd, Phase 2, Peenya Industrial Area, Bengaluru, Karnataka - 560058",10 kg,Rs. 76.00 (Incl. of all taxes),03/2026,Not Declared,India,NON-COMPLIANT,Rule 6(1)(e): Complete consumer care grievance contact details missing,2026-08-07 21:02:36,83%
LMC-01882,Mint Peppermint Lozenges 500 g,Chocolates & Confectionery,"Godavari Mills & Refineries, Sy. No. 340, Autonagar, Guntur, Andhra Pradesh - 522001",500 g,Rs. 673.00 (Incl. of all taxes),01/2026,Email: care@godavari.com | Ph: 1800-271-3268,India,COMPLIANT,None (Fully Compliant with Rule 6),2026-07-17 18:43:36,89%
LMC-01883,Organic Besan Gram Flour 10 kg,Atta & Flours,"Godavari Mills & Refineries, Sy. No. 340, Autonagar, Guntur, Andhra Pradesh - 522001",10 kg,Rs. 148.00 (Incl. of all taxes),03/2026,Email: care@godavari.com | Ph: 1800-469-5859,Imported (Origin: Sri Lanka),COMPLIANT,None (Fully Compliant with Rule 6),2026-07-21 21:31:36,98%
LMC-01884,Mixed Fruit Orchard Blend 200 ml,Beverages & Juices,"Surya Packaged Commodities LLP, Industrial Growth Centre, Mandideep, Bhopal, MP - 462046",200 ml,Not Declared,04/2026,Email: care@surya.com | Ph: 1800-611-6843,India,NON-COMPLIANT,Rule 6(1)(da): Maximum Retail Price (MRP) declaration absent,2026-08-15 13:23:36,80%
LMC-01885,100% Valencia Orange Juice 200 ml,Beverages & Juices,"Godavari Mills & Refineries, Sy. No. 340, Autonagar, Guntur, Andhra Pradesh - 522001",200 ml,Rs. 174.00,05/2026,Not Declared,India,NON-COMPLIANT,Rule 6(1)(e): Complete consumer care grievance contact details missing; Rule 6(1)(da): Missing 'Inclusive of all taxes' declaration with MRP,2026-08-27 15:58:36,84%
LMC-01886,Maida Refined Wheat Flour 2 kg,Atta & Flours,"Godavari Mills & Refineries, Sy. No. 340, Autonagar, Guntur, Andhra Pradesh - 522001",Not Declared,Rs. 635.00 (Incl. of all taxes),07/2026,Email: care@godavari.com | Ph: 1800-582-8705,India,NON-COMPLIANT,Rule 6(1)(c): Net quantity declaration absent,2026-07-20 11:04:36,91%
LMC-01887,Sterilized Flavoured Milk 50 g,Dairy Products,"Godavari Mills & Refineries, Sy. No. 340, Autonagar, Guntur, Andhra Pradesh - 522001",50 g,Rs. 355.00,Not Declared,Email: care@godavari.com | Ph: 1800-401-9369,India,NON-COMPLIANT,Rule 6(1)(d): Month and year of manufacture/packing missing; Rule 6(1)(da): Missing 'Inclusive of all taxes' declaration with MRP,2026-07-05 05:51:36,75%
LMC-01888,Digestive High Fibre Biscuits 400 g,Biscuits & Cookies,"Pristine Foods & Agro Ltd, Phase 2, Peenya Industrial Area, Bengaluru, Karnataka - 560058",400 g,Rs. 355.00 (Incl. of all taxes),07/2026,Email: care@pristine.com | Ph: 1800-789-6983,India,COMPLIANT,None (Fully Compliant with Rule 6),2026-07-26 09:14:36,99%
LMC-01889,Premium Assam CTC Tea 250 g,Tea & Coffee,"Godavari Mills & Refineries, Sy. No. 340, Autonagar, Guntur, Andhra Pradesh - 522001",250 g,Rs. 428.00 (Incl. of all taxes),05/2026,Email: care@godavari.com | Ph: 1800-196-1934,India,COMPLIANT,None (Fully Compliant with Rule 6),2026-07-18 02:44:36,97%
LMC-01890,Green Tea Lemon Honey Bags 100 g,Tea & Coffee,"Kaveri Spices & Naturals, 14/B, Spice Park, Puttady, Idukki, Kerala - 685551",100 g,Rs. 71.00 (Incl. of all taxes),04/2026,Email: care@kaveri.com | Ph: 1800-137-6978,India,COMPLIANT,None (Fully Compliant with Rule 6),2026-08-26 18:46:36,96%
LMC-01891,Whole Cumin Jeera Seeds 400 g,Spices & Condiments,"Ananya Consumer Goods Ltd, Plot 42, Sector 8, IMT Manesar, Gurugram, Haryana - 122050",400 g,Rs. 371.00 (Incl. of all taxes),03/2026,Email: care@ananya.com | Ph: 1800-175-3119,India,COMPLIANT,None (Fully Compliant with Rule 6),2026-07-24 19:11:36,92%
LMC-01892,Dal Makhani Heat & Eat Meal 400 g,Ready-to-Eat,"Surya Packaged Commodities LLP, Industrial Growth Centre, Mandideep, Bhopal, MP - 462046",400 g,Rs. 733.00 (Incl. of all taxes),01/2026,Email: care@surya.com | Ph: 1800-976-6614,India,COMPLIANT,None (Fully Compliant with Rule 6),2026-08-19 12:49:36,93%
LMC-01893,Tangy Tomato Nacho Chips 750 g,Snacks & Namkeen,"Pristine Foods & Agro Ltd, Phase 2, Peenya Industrial Area, Bengaluru, Karnataka - 560058",750 g,Rs. 181.00 (Incl. of all taxes),Not Declared,Email: care@pristine.com | Ph: 1800-167-4840,India,NON-COMPLIANT,Rule 6(1)(d): Month and year of manufacture/packing missing,2026-07-16 12:08:36,78%
LMC-01894,Poha Instant Breakfast Bowl 250 g,Ready-to-Eat,"Navrang Agro Commodities Corp, GIDC Naroda, Ahmedabad, Gujarat - 382330",250 g,Rs. 513.00 (Incl. of all taxes),02/2026,Email: care@navrang.com | Ph: 1800-412-2188,India,COMPLIANT,None (Fully Compliant with Rule 6),2026-07-27 21:30:36,98%
LMC-01895,Green Tea Lemon Honey Bags 750 g,Tea & Coffee,"Surya Packaged Commodities LLP, Industrial Growth Centre, Mandideep, Bhopal, MP - 462046",750 g,Rs. 568.00 (Incl. of all taxes),06/2026,Email: care@surya.com | Ph: 1800-906-2804,India,COMPLIANT,None (Fully Compliant with Rule 6),2026-09-01 18:18:36,92%
LMC-01896,Virgin Cold Pressed Coconut Oil 1 L,Edible Oils,"Pristine Foods & Agro Ltd, Phase 2, Peenya Industrial Area, Bengaluru, Karnataka - 560058",1 L,Rs. 693.00 (Incl. of all taxes),01/2026,Email: care@pristine.com | Ph: 1800-940-5681,Not Declared,NON-COMPLIANT,Rule 6(1)(n): Missing Country of Origin declaration,2026-08-01 02:20:36,83%
LMC-01897,Mixed Fruit Orchard Blend 250 ml,Beverages & Juices,"Godavari Mills & Refineries, Sy. No. 340, Autonagar, Guntur, Andhra Pradesh - 522001",250 ml,Rs. 449.00 (Incl. of all taxes),05/2026,Email: care@godavari.com | Ph: 1800-297-3351,India,COMPLIANT,None (Fully Compliant with Rule 6),2026-08-14 09:11:36,92%
LMC-01898,Instant Chicory Coffee Powder 100 g,Tea & Coffee,"Godavari Mills & Refineries, Sy. No. 340, Autonagar, Guntur, Andhra Pradesh - 522001",100 g,Rs. 605.00 (Incl. of all taxes),08/2026,Email: care@godavari.com | Ph: 1800-982-4871,India,COMPLIANT,None (Fully Compliant with Rule 6),2026-07-15 04:13:36,89%
LMC-01899,Alphonso Mango Nectar 2 L,Beverages & Juices,"Ananya Consumer Goods Ltd, Plot 42, Sector 8, IMT Manesar, Gurugram, Haryana - 122050",2 L,Rs. 405.00 (Incl. of all taxes),05/2026,Email: care@ananya.com | Ph: 1800-165-9521,India,NEEDS REVIEW,Rule 7: Font size / unit symbol ambiguous or truncated under OCR; Rule 6(1)(c): Non-standard unit abbreviation used ('gms' / 'gm' instead of standard 'g'),2026-08-12 02:26:36,69%
LMC-01900,Digestive High Fibre Biscuits 400 g,Biscuits & Cookies,"Ananya Consumer Goods Ltd, Plot 42, Sector 8, IMT Manesar, Gurugram, Haryana - 122050",Not Declared,Rs. 535.00 (Incl. of all taxes),07/2026,Not Declared,India,NON-COMPLIANT,Rule 6(1)(e): Complete consumer care grievance contact details missing; Rule 6(1)(c): Net quantity declaration absent,2026-07-14 11:57:36,87%
LMC-01901,Crispy Butter Cookies 200 g,Biscuits & Cookies,"Kaveri Spices & Naturals, 14/B, Spice Park, Puttady, Idukki, Kerala - 685551",200 g,Rs. 724.00 (Incl. of all taxes),07/2026,Email: care@kaveri.com | Ph: 1800-110-3069,India,COMPLIANT,None (Fully Compliant with Rule 6),2026-08-09 13:00:36,94%
LMC-01902,Crispy Butter Cookies 400 g,Biscuits & Cookies,"Godavari Mills & Refineries, Sy. No. 340, Autonagar, Guntur, Andhra Pradesh - 522001",400 g,Rs. 587.00 (Incl. of all taxes),04/2026,Email: care@godavari.com | Ph: 1800-900-3772,Imported (Origin: Sri Lanka),COMPLIANT,None (Fully Compliant with Rule 6),2026-07-22 02:12:36,91%
LMC-01903,Coriander Dhania Powder 250 g,Spices & Condiments,"Ananya Consumer Goods Ltd, Plot 42, Sector 8, IMT Manesar, Gurugram, Haryana - 122050",250 g,Rs. 294.00 (Incl. of all taxes),06/2026,Helpline: 1800-363-1436 (Email missing),India,NEEDS REVIEW,Rule 6(1)(e): Missing consumer care email address,2026-07-10 04:40:36,69%
LMC-01904,Roasted Arabica Coffee Beans 250 g,Tea & Coffee,"Himalayan Organic Ventures, Pantnagar",250 gms,Rs. 355.00 (Incl. of all taxes),02/2026,Email: care@himalayan.com | Ph: 1800-229-6618,India,NEEDS REVIEW,Rule 6(1)(c): Non-standard unit abbreviation used ('gms' / 'gm' instead of standard 'g'); Rule 6(1)(a): Physical address of manufacturer incomplete (missing PIN code/city),2026-07-17 15:28:36,64%
LMC-01905,Diet Murmura Mix 100 g,Snacks & Namkeen,"Pristine Foods & Agro Ltd, Phase 2, Peenya Industrial Area, Bengaluru, Karnataka - 560058",100 g,Rs. 477.00 (Incl. of all taxes),02/2026,Email: care@pristine.com | Ph: 1800-855-8479,India,COMPLIANT,None (Fully Compliant with Rule 6),2026-08-27 10:12:36,91%
LMC-01906,Dark Silk Chocolate Bar 500 g,Chocolates & Confectionery,"Himalayan Organic Ventures, SIDCUL Industrial Estate, Pantnagar, Uttarakhand - 263153",500 g,Rs. 360.00 (Incl. of all taxes),06/2026,Email: care@himalayan.com | Ph: 1800-305-4926,India,COMPLIANT,None (Fully Compliant with Rule 6),2026-08-18 01:09:36,93%
LMC-01907,Masala Potato Wafers 100 g,Snacks & Namkeen,"Vedic Agro Industries Pvt Ltd, Gat No. 118, Urse, Talegaon MIDC, Pune, Maharashtra - 410506",100 g,Rs. 783.00 (Incl. of all taxes),02/2026,Email: care@vedic.com | Ph: 1800-521-3082,India,COMPLIANT,None (Fully Compliant with Rule 6),2026-08-04 16:01:36,93%
LMC-01908,Almond Cashew Shortbread 100 g,Biscuits & Cookies,"Vedic Agro Industries Pvt Ltd, Gat No. 118, Urse, Talegaon MIDC, Pune, Maharashtra - 410506",100 g,Rs. 220.00 (Incl. of all taxes),07/2026,Email: care@vedic.com | Ph: 1800-311-1380,India,COMPLIANT,None (Fully Compliant with Rule 6),2026-08-02 20:16:36,91%
LMC-01909,Agmark Haldi Turmeric Powder 750 g,Spices & Condiments,"Surya Packaged Commodities LLP, Industrial Growth Centre, Mandideep, Bhopal, MP - 462046",750 g,Rs. 428.00 (Incl. of all taxes),Not Declared,Email: care@surya.com | Ph: 1800-174-5168,Not Declared,NON-COMPLIANT,Rule 6(1)(n): Missing Country of Origin declaration; Rule 6(1)(d): Month and year of manufacture/packing missing,2026-08-29 21:02:36,90%
LMC-01910,Mixed Fruit Orchard Blend 5 L,Beverages & Juices,"Pristine Foods & Agro Ltd, Phase 2, Peenya Industrial Area, Bengaluru, Karnataka - 560058",5 L,Rs. 182.00 (Incl. of all taxes),06/2026,Email: care@pristine.com | Ph: 1800-624-1674,India,COMPLIANT,None (Fully Compliant with Rule 6),2026-09-02 13:42:36,88%
LMC-01911,Palak Paneer Ready Curry 50 g,Ready-to-Eat,"Surya Packaged Commodities LLP, Industrial Growth Centre, Mandideep, Bhopal, MP - 462046",50 g,Rs. 389.00 (Incl. of all taxes),01/2026,Email: care@surya.com | Ph: 1800-254-6933,India,COMPLIANT,None (Fully Compliant with Rule 6),2026-08-20 23:30:36,94%
LMC-01912,Virgin Cold Pressed Coconut Oil 500 ml,Edible Oils,"Kaveri Spices & Naturals, Idukki",500 ML,Rs. 759.00 (Incl. of all taxes),08/2026,Email: care@kaveri.com | Ph: 1800-927-5490,India,NEEDS REVIEW,Rule 6(1)(a): Physical address of manufacturer incomplete (missing PIN code/city); Rule 6(1)(c): Non-standard unit abbreviation used ('ML' / 'ltr' instead of 'ml' / 'L'),2026-07-31 10:01:36,65%
LMC-01913,Virgin Cold Pressed Coconut Oil 250 ml,Edible Oils,"Vedic Agro Industries Pvt Ltd, Gat No. 118, Urse, Talegaon MIDC, Pune, Maharashtra - 410506",250 ml,Rs. 815.00 (Incl. of all taxes),04/2026,Email: care@vedic.com | Ph: 1800-962-9997,India,COMPLIANT,None (Fully Compliant with Rule 6),2026-07-30 14:03:36,99%
LMC-01914,Fruit Jelly Chews Pouch 750 g,Chocolates & Confectionery,"Pristine Foods & Agro Ltd, Phase 2, Peenya Industrial Area, Bengaluru, Karnataka - 560058",750 g,Rs. 731.00 (Incl. of all taxes),08/2026,Email: care@pristine.com | Ph: 1800-983-9587,India,COMPLIANT,None (Fully Compliant with Rule 6),2026-07-24 02:16:36,88%
LMC-01915,Cold Pressed Mustard Oil 5 L,Edible Oils,"Pristine Foods & Agro Ltd, Phase 2, Peenya Industrial Area, Bengaluru, Karnataka - 560058",5 L,Rs. 481.00 (Incl. of all taxes),03/2026,Helpline: 1800-416-2094 (Email missing),India,NEEDS REVIEW,Rule 6(1)(e): Missing consumer care email address; Rule 6(1)(c): Non-standard unit abbreviation used ('gms' / 'gm' instead of standard 'g'),2026-08-06 21:58:36,72%
LMC-01916,Standardized Tonned Milk 400 g,Dairy Products,"Navrang Agro Commodities Corp, GIDC Naroda, Ahmedabad, Gujarat - 382330",400 g,Rs. 176.00 (Incl. of all taxes),06/2026,Email: care@navrang.com | Ph: 1800-639-7444,India,COMPLIANT,None (Fully Compliant with Rule 6),2026-07-09 05:14:36,90%
LMC-01917,Choco Chip Delight Cookies 50 g,Biscuits & Cookies,"Surya Packaged Commodities LLP, Industrial Growth Centre, Mandideep, Bhopal, MP - 462046",50 g,Rs. 599.00 (Incl. of all taxes),02/2026,Email: care@surya.com | Ph: 1800-553-4727,India,COMPLIANT,None (Fully Compliant with Rule 6),2026-08-15 09:06:36,97%
LMC-01918,Gulab Jamun Instant Mix 50 g,Ready-to-Eat,"Himalayan Organic Ventures, SIDCUL Industrial Estate, Pantnagar, Uttarakhand - 263153",50 g,Rs. 47.00 (Incl. of all taxes),07/2026,Email: care@himalayan.com | Ph: 1800-797-6194,India,COMPLIANT,None (Fully Compliant with Rule 6),2026-08-15 16:57:36,90%
LMC-01919,Sterilized Flavoured Milk 200 g,Dairy Products,"Himalayan Organic Ventures, SIDCUL Industrial Estate, Pantnagar, Uttarakhand - 263153",200 g,Rs. 89.00 (Incl. of all taxes),03/2026,Email: care@himalayan.com | Ph: 1800-164-7809,India,COMPLIANT,None (Fully Compliant with Rule 6),2026-08-18 20:03:36,90%
LMC-01920,Premium Assam CTC Tea 200 g,Tea & Coffee,"Godavari Mills & Refineries, Sy. No. 340, Autonagar, Guntur, Andhra Pradesh - 522001",200 g,Rs. 106.00 (Incl. of all taxes),07/2026,Email: care@godavari.com | Ph: 1800-228-5294,India,COMPLIANT,None (Fully Compliant with Rule 6),2026-07-14 21:40:36,98%
LMC-01921,Roasted Arabica Coffee Beans 400 g,Tea & Coffee,"Kaveri Spices & Naturals, 14/B, Spice Park, Puttady, Idukki, Kerala - 685551",400 g,Rs. 74.00 (Incl. of all taxes),03/2026,Email: care@kaveri.com | Ph: 1800-334-4412,India,COMPLIANT,None (Fully Compliant with Rule 6),2026-07-25 20:26:36,98%
LMC-01922,Roasted Arabica Coffee Beans 100 g,Tea & Coffee,"Vedic Agro Industries Pvt Ltd, Gat No. 118, Urse, Talegaon MIDC, Pune, Maharashtra - 410506",100 g,Rs. 246.00 (Incl. of all taxes),05/2026,Email: care@vedic.com | Ph: 1800-959-8503,India,COMPLIANT,None (Fully Compliant with Rule 6),2026-07-21 09:10:36,91%
LMC-01923,Kashmiri Degi Mirch Powder 400 g,Spices & Condiments,"Himalayan Organic Ventures, SIDCUL Industrial Estate, Pantnagar, Uttarakhand - 263153",400 g,Rs. 689.00 (Incl. of all taxes),02/2026,Email: care@himalayan.com | Ph: 1800-342-7634,India,COMPLIANT,None (Fully Compliant with Rule 6),2026-07-05 08:56:36,89%
LMC-01924,Pasteurized Cow Ghee 100 g,Dairy Products,"Navrang Agro Commodities Corp, GIDC Naroda, Ahmedabad, Gujarat - 382330",100 g,Rs. 552.00 (Incl. of all taxes),07/2026,Email: care@navrang.com | Ph: 1800-367-3690,India,NEEDS REVIEW,Rule 6(1)(c): Non-standard unit abbreviation used ('ML' / 'ltr' instead of 'ml' / 'L'),2026-07-20 09:06:36,74%
LMC-01925,Instant Chicory Coffee Powder 50 g,Tea & Coffee,"Himalayan Organic Ventures, SIDCUL Industrial Estate, Pantnagar, Uttarakhand - 263153",50 g,Rs. 63.00 (Incl. of all taxes),08/2026,Email: care@himalayan.com | Ph: 1800-526-7228,India,COMPLIANT,None (Fully Compliant with Rule 6),2026-07-18 19:17:36,92%
LMC-01926,Caramel Toffee Pouch 750 g,Chocolates & Confectionery,"Ananya Consumer Goods Ltd, Plot 42, Sector 8, IMT Manesar, Gurugram, Haryana - 122050",750 g,Rs. 661.00 (Incl. of all taxes),05/2026,Email: care@ananya.com | Ph: 1800-905-1435,India,COMPLIANT,None (Fully Compliant with Rule 6),2026-07-20 06:07:36,96%
LMC-01927,Refined Sunflower Cooking Oil 250 ml,Edible Oils,"Pristine Foods & Agro Ltd, Phase 2, Peenya Industrial Area, Bengaluru, Karnataka - 560058",250 ml,Rs. 815.00 (Incl. of all taxes),05/2026,Email: care@pristine.com | Ph: 1800-803-3956,India,COMPLIANT,None (Fully Compliant with Rule 6),2026-07-07 12:14:36,99%
LMC-01928,Chakki Fresh Pure Atta 2 kg,Atta & Flours,"Ananya Consumer Goods Ltd, Plot 42, Sector 8, IMT Manesar, Gurugram, Haryana - 122050",2 kg,Rs. 448.00 (Incl. of all taxes),06/2026,Email: care@ananya.com | Ph: 1800-210-9023,India,COMPLIANT,None (Fully Compliant with Rule 6),2026-08-22 06:57:36,93%
LMC-01929,Sparkling Apple Cider Drink 750 ml,Beverages & Juices,"Vedic Agro Industries Pvt Ltd, Gat No. 118, Urse, Talegaon MIDC, Pune, Maharashtra - 410506",750 ml,Rs. 96.00 (Incl. of all taxes),02/2026,Email: care@vedic.com | Ph: 1800-451-5664,India,COMPLIANT,None (Fully Compliant with Rule 6),2026-08-02 06:37:36,90%
LMC-01930,Diet Murmura Mix 250 g,Snacks & Namkeen,"Vedic Agro Industries Pvt Ltd, Gat No. 118, Urse, Talegaon MIDC, Pune, Maharashtra - 410506",250 g,Not Declared,Not Declared,Email: care@vedic.com | Ph: 1800-680-8158,India,NON-COMPLIANT,Rule 6(1)(d): Month and year of manufacture/packing missing; Rule 6(1)(da): Maximum Retail Price (MRP) declaration absent,2026-08-12 08:04:36,94%
LMC-01931,Poha Instant Breakfast Bowl 500 g,Ready-to-Eat,"Kaveri Spices & Naturals, 14/B, Spice Park, Puttady, Idukki, Kerala - 685551",500 g,Rs. 578.00 (Incl. of all taxes),01/2026,Email: care@kaveri.com | Ph: 1800-222-6158,India,COMPLIANT,None (Fully Compliant with Rule 6),2026-08-25 16:30:36,88%
LMC-01932,Sparkling Apple Cider Drink 2 L,Beverages & Juices,"Navrang Agro Commodities Corp, GIDC Naroda, Ahmedabad, Gujarat - 382330",2 L,Rs. 330.00 (Incl. of all taxes),03/2026,Email: care@navrang.com | Ph: 1800-530-5767,India,COMPLIANT,None (Fully Compliant with Rule 6),2026-08-10 16:17:36,89%
LMC-01933,Palak Paneer Ready Curry 400 g,Ready-to-Eat,"Godavari Mills & Refineries, Sy. No. 340, Autonagar, Guntur, Andhra Pradesh - 522001",400 g,Rs. 703.00 (Incl. of all taxes),01/2026,Email: care@godavari.com | Ph: 1800-900-7007,India,COMPLIANT,None (Fully Compliant with Rule 6),2026-08-29 01:14:36,96%
LMC-01934,Organic Besan Gram Flour 5 kg,Atta & Flours,"Kaveri Spices & Naturals, 14/B, Spice Park, Puttady, Idukki, Kerala - 685551",5 kg,Rs. 314.00 (Incl. of all taxes),04/2026,Email: care@kaveri.com | Ph: 1800-550-9245,India,COMPLIANT,None (Fully Compliant with Rule 6),2026-07-20 13:29:36,88%
LMC-01935,Fruit Jelly Chews Pouch 250 g,Chocolates & Confectionery,"Navrang Agro Commodities Corp, GIDC Naroda, Ahmedabad, Gujarat - 382330",250 g,Rs. 536.00 (Incl. of all taxes),04/2026,Email: care@navrang.com | Ph: 1800-927-6785,India,COMPLIANT,None (Fully Compliant with Rule 6),2026-08-29 10:09:36,93%
LMC-01936,Refined Sunflower Cooking Oil 750 ml,Edible Oils,"Ananya Consumer Goods Ltd, Plot 42, Sector 8, IMT Manesar, Gurugram, Haryana - 122050",750 ml,Rs. 751.00 (Incl. of all taxes),04/2026,Email: care@ananya.com | Ph: 1800-592-2280,India,COMPLIANT,None (Fully Compliant with Rule 6),2026-08-12 14:59:36,89%
LMC-01937,Chakki Fresh Pure Atta 2 kg,Atta & Flours,"Surya Packaged Commodities LLP, Industrial Growth Centre, Mandideep, Bhopal, MP - 462046",2 kg,Rs. 354.00 (Incl. of all taxes),07/2026,Email: care@surya.com | Ph: 1800-313-4034,India,COMPLIANT,None (Fully Compliant with Rule 6),2026-08-20 00:54:36,91%
LMC-01938,Sterilized Flavoured Milk 200 g,Dairy Products,"Ananya Consumer Goods Ltd, Plot 42, Sector 8, IMT Manesar, Gurugram, Haryana - 122050",200 g,Rs. 348.00 (Incl. of all taxes),03/2026,Email: care@ananya.com | Ph: 1800-571-9961,India,COMPLIANT,None (Fully Compliant with Rule 6),2026-09-03 11:27:36,90%
LMC-01939,Multigrain Fibre Atta 5 kg,Atta & Flours,"Godavari Mills & Refineries, Sy. No. 340, Autonagar, Guntur, Andhra Pradesh - 522001",5 kg,Rs. 562.00 (Incl. of all taxes),03/2026,Email: care@godavari.com | Ph: 1800-462-4202,India,COMPLIANT,None (Fully Compliant with Rule 6),2026-08-30 23:31:36,93%
LMC-01940,Fruit Jelly Chews Pouch 250 g,Chocolates & Confectionery,"Kaveri Spices & Naturals, 14/B, Spice Park, Puttady, Idukki, Kerala - 685551",250 g,Rs. 216.00 (Incl. of all taxes),07/2026,Email: care@kaveri.com | Ph: 1800-858-7181,India,COMPLIANT,None (Fully Compliant with Rule 6),2026-07-06 03:46:36,93%
LMC-01941,Coriander Dhania Powder 250 g,Spices & Condiments,"Navrang Agro Commodities Corp, GIDC Naroda, Ahmedabad, Gujarat - 382330",250 g,Rs. 235.00 (Incl. of all taxes),04/2026,Helpline: 1800-676-6111 (Email missing),India,NEEDS REVIEW,Rule 6(1)(e): Missing consumer care email address,2026-07-21 20:49:36,74%
LMC-01942,Pure Sesame Gingelly Oil 500 ml,Edible Oils,"Ananya Consumer Goods Ltd, Plot 42, Sector 8, IMT Manesar, Gurugram, Haryana - 122050",500 ml,Rs. 545.00 (Incl. of all taxes),02/2026,Not Declared,Not Declared,NON-COMPLIANT,Rule 6(1)(n): Missing Country of Origin declaration; Rule 6(1)(e): Complete consumer care grievance contact details missing,2026-08-25 11:11:36,95%
LMC-01943,Rice Flour Fine 10 kg,Atta & Flours,"Ananya Consumer Goods Ltd, Plot 42, Sector 8, IMT Manesar, Gurugram, Haryana - 122050",10 kg,Rs. 262.00 (Incl. of all taxes),04/2026,Email: care@ananya.com | Ph: 1800-345-5056,India,COMPLIANT,None (Fully Compliant with Rule 6),2026-07-24 12:23:36,88%
LMC-01944,Pure Malai Paneer 50 g,Dairy Products,"Himalayan Organic Ventures, SIDCUL Industrial Estate, Pantnagar, Uttarakhand - 263153",50 g,Rs. 190.00 (Incl. of all taxes),05/2026,Email: care@himalayan.com | Ph: 1800-476-1899,India,COMPLIANT,None (Fully Compliant with Rule 6),2026-08-25 22:04:36,95%
LMC-01945,Roasted Almond Milk Bar 50 g,Chocolates & Confectionery,"Godavari Mills & Refineries, Sy. No. 340, Autonagar, Guntur, Andhra Pradesh - 522001",50 g,Rs. 770.00 (Incl. of all taxes),08/2026,Helpline: 1800-326-6296 (Email missing),India,NEEDS REVIEW,Rule 6(1)(e): Missing consumer care email address; Rule 6(1)(c): Non-standard unit abbreviation used ('ML' / 'ltr' instead of 'ml' / 'L'),2026-08-15 10:16:36,82%
LMC-01946,100% Valencia Orange Juice 200 ml,Beverages & Juices,"Ananya Consumer Goods Ltd, Plot 42, Sector 8, IMT Manesar, Gurugram, Haryana - 122050",200 ml,Rs. 664.00 (Incl. of all taxes),04/2026,Email: care@ananya.com | Ph: 1800-198-7402,India,NEEDS REVIEW,Rule 7: Font size / unit symbol ambiguous or truncated under OCR; Rule 6(1)(c): Non-standard unit abbreviation used ('gms' / 'gm' instead of standard 'g'),2026-07-17 23:57:36,69%
LMC-01947,Masala Potato Wafers 50 g,Snacks & Namkeen,"Pristine Foods & Agro Ltd, Phase 2, Peenya Industrial Area, Bengaluru, Karnataka - 560058",50 gms,Rs. 872.00 (Incl. of all taxes),03/2026,Helpline: 1800-483-5348 (Email missing),India,NEEDS REVIEW,Rule 6(1)(c): Non-standard unit abbreviation used ('gms' / 'gm' instead of standard 'g'); Rule 6(1)(e): Missing consumer care email address,2026-07-19 06:24:36,71%
LMC-01948,Royal Garam Masala Blend 500 g,Spices & Condiments,"Vedic Agro Industries Pvt Ltd, Gat No. 118, Urse, Talegaon MIDC, Pune, Maharashtra - 410506",500 g,Rs. 664.00 (Incl. of all taxes),07/2026,Helpline: 1800-576-6914 (Email missing),India,NEEDS REVIEW,Rule 6(1)(e): Missing consumer care email address; Rule 7: Font size / unit symbol ambiguous or truncated under OCR,2026-08-23 01:19:36,68%
LMC-01949,Bourbon Chocolate Cream Biscuits 400 g,Biscuits & Cookies,"Navrang Agro Commodities Corp, GIDC Naroda, Ahmedabad, Gujarat - 382330",400 g,Not Declared,06/2026,Email: care@navrang.com | Ph: 1800-759-9520,India,NON-COMPLIANT,Rule 6(1)(da): Maximum Retail Price (MRP) declaration absent,2026-07-11 20:11:36,78%
LMC-01950,Ragi Millet Flour 10 kg,Atta & Flours,"Ananya Consumer Goods Ltd, Plot 42, Sector 8, IMT Manesar, Gurugram, Haryana - 122050",10 kg,Rs. 28.00 (Incl. of all taxes),02/2026,Email: care@ananya.com | Ph: 1800-130-1905,India,COMPLIANT,None (Fully Compliant with Rule 6),2026-07-25 13:00:36,96%
LMC-01951,Roasted Almond Milk Bar 750 g,Chocolates & Confectionery,"Surya Packaged Commodities LLP, Industrial Growth Centre, Mandideep, Bhopal, MP - 462046",750 g,Rs. 508.00 (Incl. of all taxes),04/2026,Email: care@surya.com | Ph: 1800-950-8312,India,COMPLIANT,None (Fully Compliant with Rule 6),2026-08-07 13:07:36,93%
LMC-01952,Masala Potato Wafers 750 g,Snacks & Namkeen,"Pristine Foods & Agro Ltd, Phase 2, Peenya Industrial Area, Bengaluru, Karnataka - 560058",750 g,Rs. 374.00 (Incl. of all taxes),03/2026,Email: care@pristine.com | Ph: 1800-217-7111,Not Declared,NON-COMPLIANT,Rule 6(1)(n): Missing Country of Origin declaration,2026-07-30 01:23:36,87%
LMC-01953,Coriander Dhania Powder 100 g,Spices & Condiments,"Godavari Mills & Refineries, Sy. No. 340, Autonagar, Guntur, Andhra Pradesh - 522001",Not Declared,Rs. 268.00 (Incl. of all taxes),01/2026,Not Declared,India,NON-COMPLIANT,Rule 6(1)(c): Net quantity declaration absent; Rule 6(1)(e): Complete consumer care grievance contact details missing,2026-08-17 20:33:36,84%
LMC-01954,Sharbati Whole Wheat Atta 5 kg,Atta & Flours,"Ananya Consumer Goods Ltd, Plot 42, Sector 8, IMT Manesar, Gurugram, Haryana - 122050",5 kgs,Rs. 571.00 (Incl. of all taxes),05/2026,Email: care@ananya.com | Ph: 1800-678-5372,India,NEEDS REVIEW,Rule 6(1)(c): Non-standard unit abbreviation used ('gms' / 'gm' instead of standard 'g'),2026-08-02 10:20:36,65%
LMC-01955,Refined Groundnut Oil 5 L,Edible Oils,"Vedic Agro Industries Pvt Ltd, Gat No. 118, Urse, Talegaon MIDC, Pune, Maharashtra - 410506",5 L,Rs. 270.00 (Incl. of all taxes),02/2026,Helpline: 1800-140-2226 (Email missing),India,NEEDS REVIEW,Rule 6(1)(e): Missing consumer care email address,2026-08-07 04:50:36,64%
LMC-01956,Rava Upma Breakfast Mix 200 g,Ready-to-Eat,"Surya Packaged Commodities LLP, Industrial Growth Centre, Mandideep, Bhopal, MP - 462046",200 g,Rs. 832.00 (Incl. of all taxes),05/2026,Email: care@surya.com | Ph: 1800-499-1083,India,COMPLIANT,None (Fully Compliant with Rule 6),2026-08-01 04:51:36,98%
LMC-01957,Salted Table Butter 400 g,Dairy Products,"Surya Packaged Commodities LLP, Industrial Growth Centre, Mandideep, Bhopal, MP - 462046",400 g,Rs. 150.00 (Incl. of all taxes),Not Declared,Email: care@surya.com | Ph: 1800-400-2787,India,NON-COMPLIANT,Rule 6(1)(d): Month and year of manufacture/packing missing,2026-08-27 17:21:36,86%
LMC-01958,Roasted Almond Milk Bar 50 g,Chocolates & Confectionery,"Vedic Agro Industries Pvt Ltd, Gat No. 118, Urse, Talegaon MIDC, Pune, Maharashtra - 410506",50 g,Rs. 487.00 (Incl. of all taxes),01/2026,Email: care@vedic.com | Ph: 1800-638-3124,India,COMPLIANT,None (Fully Compliant with Rule 6),2026-08-12 12:12:36,93%
LMC-01959,Virgin Cold Pressed Coconut Oil 500 ml,Edible Oils,"Pristine Foods & Agro Ltd, Phase 2, Peenya Industrial Area, Bengaluru, Karnataka - 560058",500 ML,Rs. 775.00 (Incl. of all taxes),07/2026,Email: care@pristine.com | Ph: 1800-898-6165,India,NEEDS REVIEW,Rule 7: Font size / unit symbol ambiguous or truncated under OCR; Rule 6(1)(c): Non-standard unit abbreviation used ('ML' / 'ltr' instead of 'ml' / 'L'),2026-07-11 17:45:36,72%
LMC-01960,Green Tea Lemon Honey Bags 50 g,Tea & Coffee,"Vedic Agro Industries Pvt Ltd, Gat No. 118, Urse, Talegaon MIDC, Pune, Maharashtra - 410506",50 g,Rs. 234.00,01/2026,Email: care@vedic.com | Ph: 1800-736-7822,India,NON-COMPLIANT,Rule 6(1)(da): Missing 'Inclusive of all taxes' declaration with MRP,2026-08-24 12:58:36,79%
LMC-01961,Spicy Aloo Bhujia 250 g,Snacks & Namkeen,"Pristine Foods & Agro Ltd, Phase 2, Peenya Industrial Area, Bengaluru, Karnataka - 560058",250 g,Rs. 609.00 (Incl. of all taxes),07/2026,Email: care@pristine.com | Ph: 1800-907-3423,India,COMPLIANT,None (Fully Compliant with Rule 6),2026-07-31 20:00:36,96%
LMC-01962,Instant Masala Noodles 500 g,Ready-to-Eat,"Pristine Foods & Agro Ltd, Phase 2, Peenya Industrial Area, Bengaluru, Karnataka - 560058",500 g,Rs. 67.00 (Incl. of all taxes),06/2026,Email: care@pristine.com | Ph: 1800-669-9951,India,COMPLIANT,None (Fully Compliant with Rule 6),2026-08-21 15:35:36,94%
LMC-01963,Pasteurized Cow Ghee 250 g,Dairy Products,"Himalayan Organic Ventures, SIDCUL Industrial Estate, Pantnagar, Uttarakhand - 263153",250 g,Rs. 221.00 (Incl. of all taxes),01/2026,Email: care@himalayan.com | Ph: 1800-904-8019,India,COMPLIANT,None (Fully Compliant with Rule 6),2026-08-07 23:28:36,98%
LMC-01964,Diet Murmura Mix 250 g,Snacks & Namkeen,"Ananya Consumer Goods Ltd, Plot 42, Sector 8, IMT Manesar, Gurugram, Haryana - 122050",250 g,Rs. 257.00 (Incl. of all taxes),07/2026,Email: care@ananya.com | Ph: 1800-931-4852,India,COMPLIANT,None (Fully Compliant with Rule 6),2026-07-12 23:56:36,91%
LMC-01965,100% Valencia Orange Juice 500 ml,Beverages & Juices,"Vedic Agro Industries Pvt Ltd, Gat No. 118, Urse, Talegaon MIDC, Pune, Maharashtra - 410506",500 ml,Rs. 714.00 (Incl. of all taxes),07/2026,Email: care@vedic.com | Ph: 1800-851-7424,India,COMPLIANT,None (Fully Compliant with Rule 6),2026-07-23 21:39:36,96%
LMC-01966,Multigrain Fibre Atta 1 kg,Atta & Flours,"Ananya Consumer Goods Ltd, Gurugram",1 kg,Rs. 199.00 (Incl. of all taxes),07/2026,Email: care@ananya.com | Ph: 1800-348-1158,India,NEEDS REVIEW,Rule 6(1)(a): Physical address of manufacturer incomplete (missing PIN code/city),2026-08-31 03:53:36,84%
LMC-01967,Dal Makhani Heat & Eat Meal 100 g,Ready-to-Eat,"Pristine Foods & Agro Ltd, Phase 2, Peenya Industrial Area, Bengaluru, Karnataka - 560058",100 g,Rs. 811.00 (Incl. of all taxes),02/2026,Email: care@pristine.com | Ph: 1800-482-7338,India,COMPLIANT,None (Fully Compliant with Rule 6),2026-08-14 11:43:36,94%
LMC-01968,Instant Chicory Coffee Powder 50 g,Tea & Coffee,"Himalayan Organic Ventures, SIDCUL Industrial Estate, Pantnagar, Uttarakhand - 263153",50 g,Rs. 515.00 (Incl. of all taxes),06/2026,Not Declared,India,NON-COMPLIANT,Rule 6(1)(e): Complete consumer care grievance contact details missing,2026-08-27 01:00:36,93%
LMC-01969,Instant Chicory Coffee Powder 750 g,Tea & Coffee,"Navrang Agro Commodities Corp, Ahmedabad",750 g,Rs. 700.00 (Incl. of all taxes),03/2026,Helpline: 1800-676-7082 (Email missing),India,NEEDS REVIEW,Rule 6(1)(a): Physical address of manufacturer incomplete (missing PIN code/city); Rule 6(1)(e): Missing consumer care email address,2026-07-21 16:17:36,84%
LMC-01970,Green Tea Lemon Honey Bags 50 g,Tea & Coffee,"Ananya Consumer Goods Ltd, Plot 42, Sector 8, IMT Manesar, Gurugram, Haryana - 122050",50 g,Rs. 575.00 (Incl. of all taxes),Not Declared,Email: care@ananya.com | Ph: 1800-179-5427,India,NON-COMPLIANT,Rule 6(1)(d): Month and year of manufacture/packing missing,2026-09-01 10:14:36,89%
LMC-01971,Coriander Dhania Powder 400 g,Spices & Condiments,"Godavari Mills & Refineries, Sy. No. 340, Autonagar, Guntur, Andhra Pradesh - 522001",400 gms,Rs. 205.00 (Incl. of all taxes),04/2026,Email: care@godavari.com | Ph: 1800-701-3586,India,NEEDS REVIEW,Rule 6(1)(c): Non-standard unit abbreviation used ('gms' / 'gm' instead of standard 'g'); Rule 6(1)(c): Non-standard unit abbreviation used ('ML' / 'ltr' instead of 'ml' / 'L'),2026-08-13 23:03:36,78%
LMC-01972,Khatta Meetha Mixture 250 g,Snacks & Namkeen,"Godavari Mills & Refineries, Sy. No. 340, Autonagar, Guntur, Andhra Pradesh - 522001",Not Declared,Rs. 169.00 (Incl. of all taxes),Not Declared,Email: care@godavari.com | Ph: 1800-584-3120,India,NON-COMPLIANT,Rule 6(1)(d): Month and year of manufacture/packing missing; Rule 6(1)(c): Net quantity declaration absent,2026-08-27 03:40:36,91%
LMC-01973,Refined Groundnut Oil 2 L,Edible Oils,"Godavari Mills & Refineries, Sy. No. 340, Autonagar, Guntur, Andhra Pradesh - 522001",2 L,Rs. 66.00 (Incl. of all taxes),06/2026,Email: care@godavari.com | Ph: 1800-316-7289,India,COMPLIANT,None (Fully Compliant with Rule 6),2026-08-25 09:14:36,97%
LMC-01974,Cold Pressed Mustard Oil 100 ml,Edible Oils,"Himalayan Organic Ventures, SIDCUL Industrial Estate, Pantnagar, Uttarakhand - 263153",100 ml,Not Declared,01/2026,Email: care@himalayan.com | Ph: 1800-865-4372,India,NON-COMPLIANT,Rule 6(1)(da): Maximum Retail Price (MRP) declaration absent,2026-07-08 20:09:36,96%
LMC-01975,Green Tea Lemon Honey Bags 500 g,Tea & Coffee,"Himalayan Organic Ventures, SIDCUL Industrial Estate, Pantnagar, Uttarakhand - 263153",500 g,Rs. 697.00 (Incl. of all taxes),07/2026,Helpline: 1800-309-4530 (Email missing),India,NEEDS REVIEW,Rule 6(1)(e): Missing consumer care email address,2026-08-16 16:27:36,84%
LMC-01976,Salted Table Butter 50 g,Dairy Products,"Pristine Foods & Agro Ltd, Phase 2, Peenya Industrial Area, Bengaluru, Karnataka - 560058",50 g,Rs. 935.00 (Incl. of all taxes),02/2026,Email: care@pristine.com | Ph: 1800-656-8182,Not Declared,NON-COMPLIANT,Rule 6(1)(n): Missing Country of Origin declaration,2026-07-15 15:21:36,79%
LMC-01977,Fruit Jelly Chews Pouch 50 g,Chocolates & Confectionery,"Himalayan Organic Ventures, SIDCUL Industrial Estate, Pantnagar, Uttarakhand - 263153",50 g,Rs. 803.00 (Incl. of all taxes),02/2026,Helpline: 1800-219-8619 (Email missing),India,NEEDS REVIEW,Rule 6(1)(e): Missing consumer care email address,2026-08-12 19:45:36,69%
LMC-01978,Khatta Meetha Mixture 500 g,Snacks & Namkeen,"Surya Packaged Commodities LLP, Industrial Growth Centre, Mandideep, Bhopal, MP - 462046",500 g,Rs. 908.00 (Incl. of all taxes),01/2026,Email: care@surya.com | Ph: 1800-576-6873,India,COMPLIANT,None (Fully Compliant with Rule 6),2026-08-10 21:24:36,96%
LMC-01979,Mixed Fruit Orchard Blend 100 ml,Beverages & Juices,"Godavari Mills & Refineries, Sy. No. 340, Autonagar, Guntur, Andhra Pradesh - 522001",100 ml,Rs. 700.00,01/2026,Email: care@godavari.com | Ph: 1800-255-6861,India,NON-COMPLIANT,Rule 6(1)(da): Missing 'Inclusive of all taxes' declaration with MRP,2026-07-06 08:07:36,78%
LMC-01980,Rava Upma Breakfast Mix 50 g,Ready-to-Eat,"Himalayan Organic Ventures, SIDCUL Industrial Estate, Pantnagar, Uttarakhand - 263153",50 g,Rs. 224.00 (Incl. of all taxes),08/2026,Email: care@himalayan.com | Ph: 1800-839-1197,Not Declared,NON-COMPLIANT,Rule 6(1)(n): Missing Country of Origin declaration,2026-08-30 16:06:36,82%
LMC-01981,Blended Edible Vegetable Oil 500 ml,Edible Oils,"Surya Packaged Commodities LLP, Industrial Growth Centre, Mandideep, Bhopal, MP - 462046",500 ml,Rs. 128.00 (Incl. of all taxes),06/2026,Email: care@surya.com | Ph: 1800-619-1716,Imported (Origin: Sri Lanka),COMPLIANT,None (Fully Compliant with Rule 6),2026-07-14 18:09:36,98%
LMC-01982,Roasted Almond Milk Bar 100 g,Chocolates & Confectionery,"Vedic Agro Industries Pvt Ltd, Gat No. 118, Urse, Talegaon MIDC, Pune, Maharashtra - 410506",100 g,Rs. 449.00 (Incl. of all taxes),04/2026,Email: care@vedic.com | Ph: 1800-498-3132,India,COMPLIANT,None (Fully Compliant with Rule 6),2026-08-23 04:01:36,98%
LMC-01983,Khatta Meetha Mixture 400 g,Snacks & Namkeen,"Kaveri Spices & Naturals, 14/B, Spice Park, Puttady, Idukki, Kerala - 685551",400 g,Rs. 303.00 (Incl. of all taxes),01/2026,Email: care@kaveri.com | Ph: 1800-204-6879,India,COMPLIANT,None (Fully Compliant with Rule 6),2026-08-28 02:00:36,88%
LMC-01984,Multigrain Fibre Atta 5 kg,Atta & Flours,"Navrang Agro Commodities Corp, GIDC Naroda, Ahmedabad, Gujarat - 382330",5 kg,Rs. 591.00 (Incl. of all taxes),08/2026,Email: care@navrang.com | Ph: 1800-692-4936,India,COMPLIANT,None (Fully Compliant with Rule 6),2026-08-14 13:58:36,93%
LMC-01985,Sterilized Flavoured Milk 400 g,Dairy Products,"Himalayan Organic Ventures, SIDCUL Industrial Estate, Pantnagar, Uttarakhand - 263153",400 g,Rs. 692.00 (Incl. of all taxes),02/2026,Email: care@himalayan.com | Ph: 1800-756-5034,Imported (Origin: Sri Lanka),COMPLIANT,None (Fully Compliant with Rule 6),2026-07-17 19:34:36,90%
LMC-01986,Green Tea Lemon Honey Bags 50 g,Tea & Coffee,Not Declared,50 g,Not Declared,05/2026,Email: care@kaveri.com | Ph: 1800-138-7154,India,NON-COMPLIANT,Rule 6(1)(da): Maximum Retail Price (MRP) declaration absent; Rule 6(1)(a): Manufacturer/packer declaration entirely missing,2026-07-28 18:35:36,81%
LMC-01987,Lemon Iced Tea Concentrate 5 L,Beverages & Juices,"Vedic Agro Industries Pvt Ltd, Gat No. 118, Urse, Talegaon MIDC, Pune, Maharashtra - 410506",5 L,Rs. 303.00 (Incl. of all taxes),Not Declared,Email: care@vedic.com | Ph: 1800-621-8666,India,NON-COMPLIANT,Rule 6(1)(d): Month and year of manufacture/packing missing,2026-08-12 04:25:36,77%
LMC-01988,Kasuri Methi 200 g,Spices & Condiments,"Surya Packaged Commodities LLP, Industrial Growth Centre, Mandideep, Bhopal, MP - 462046",200 g,Rs. 723.00 (Incl. of all taxes),05/2026,Email: care@surya.com | Ph: 1800-448-7866,India,COMPLIANT,None (Fully Compliant with Rule 6),2026-09-01 21:51:36,94%
LMC-01989,Roasted Salted Makhana 500 g,Snacks & Namkeen,"Pristine Foods & Agro Ltd, Phase 2, Peenya Industrial Area, Bengaluru, Karnataka - 560058",500 g,Rs. 738.00 (Incl. of all taxes),03/2026,Email: care@pristine.com | Ph: 1800-916-5432,India,COMPLIANT,None (Fully Compliant with Rule 6),2026-07-31 07:47:36,92%
LMC-01990,Blended Edible Vegetable Oil 1 L,Edible Oils,"Himalayan Organic Ventures, SIDCUL Industrial Estate, Pantnagar, Uttarakhand - 263153",1 ltr,Rs. 495.00 (Incl. of all taxes),01/2026,Helpline: 1800-614-4504 (Email missing),India,NEEDS REVIEW,Rule 6(1)(e): Missing consumer care email address; Rule 6(1)(c): Non-standard unit abbreviation used ('ML' / 'ltr' instead of 'ml' / 'L'),2026-07-18 13:52:36,74%
LMC-01991,Pasteurized Cow Ghee 500 g,Dairy Products,"Ananya Consumer Goods Ltd, Plot 42, Sector 8, IMT Manesar, Gurugram, Haryana - 122050",500 g,Rs. 876.00 (Incl. of all taxes),07/2026,Email: care@ananya.com | Ph: 1800-714-4785,India,COMPLIANT,None (Fully Compliant with Rule 6),2026-08-20 04:29:36,99%
LMC-01992,Multigrain Fibre Atta 2 kg,Atta & Flours,"Ananya Consumer Goods Ltd, Plot 42, Sector 8, IMT Manesar, Gurugram, Haryana - 122050",2 kg,Rs. 385.00 (Incl. of all taxes),04/2026,Email: care@ananya.com | Ph: 1800-507-6723,India,COMPLIANT,None (Fully Compliant with Rule 6),2026-07-24 19:29:36,93%
LMC-01993,Roasted Salted Makhana 50 g,Snacks & Namkeen,"Surya Packaged Commodities LLP, Industrial Growth Centre, Mandideep, Bhopal, MP - 462046",50 g,Rs. 799.00 (Incl. of all taxes),03/2026,Email: care@surya.com | Ph: 1800-519-9253,India,COMPLIANT,None (Fully Compliant with Rule 6),2026-07-27 12:37:36,95%
LMC-01994,Bourbon Chocolate Cream Biscuits 750 g,Biscuits & Cookies,"Vedic Agro Industries Pvt Ltd, Gat No. 118, Urse, Talegaon MIDC, Pune, Maharashtra - 410506",Not Declared,Rs. 645.00 (Incl. of all taxes),01/2026,Email: care@vedic.com | Ph: 1800-991-7192,Not Declared,NON-COMPLIANT,Rule 6(1)(c): Net quantity declaration absent; Rule 6(1)(n): Missing Country of Origin declaration,2026-08-15 17:39:36,77%
LMC-01995,Organic Besan Gram Flour 10 kg,Atta & Flours,"Vedic Agro Industries Pvt Ltd, Gat No. 118, Urse, Talegaon MIDC, Pune, Maharashtra - 410506",10 kg,Rs. 817.00 (Incl. of all taxes),06/2026,Email: care@vedic.com | Ph: 1800-815-2898,India,COMPLIANT,None (Fully Compliant with Rule 6),2026-08-25 09:31:36,88%
LMC-01996,Poha Instant Breakfast Bowl 100 g,Ready-to-Eat,"Godavari Mills & Refineries, Sy. No. 340, Autonagar, Guntur, Andhra Pradesh - 522001",100 g,Rs. 369.00 (Incl. of all taxes),03/2026,Email: care@godavari.com | Ph: 1800-397-1008,India,COMPLIANT,None (Fully Compliant with Rule 6),2026-08-24 01:14:36,89%
LMC-01997,Agmark Haldi Turmeric Powder 200 g,Spices & Condiments,"Pristine Foods & Agro Ltd, Phase 2, Peenya Industrial Area, Bengaluru, Karnataka - 560058",200 g,Rs. 526.00 (Incl. of all taxes),03/2026,Email: care@pristine.com | Ph: 1800-844-9520,India,COMPLIANT,None (Fully Compliant with Rule 6),2026-07-24 08:59:36,89%
LMC-01998,Pure Malai Paneer 500 g,Dairy Products,"Ananya Consumer Goods Ltd, Plot 42, Sector 8, IMT Manesar, Gurugram, Haryana - 122050",500 g,Rs. 309.00 (Incl. of all taxes),07/2026,Email: care@ananya.com | Ph: 1800-977-3903,India,COMPLIANT,None (Fully Compliant with Rule 6),2026-08-17 15:59:36,88%
LMC-01999,Choco Chip Delight Cookies 500 g,Biscuits & Cookies,"Vedic Agro Industries Pvt Ltd, Gat No. 118, Urse, Talegaon MIDC, Pune, Maharashtra - 410506",500 g,Rs. 446.00 (Incl. of all taxes),06/2026,Email: care@vedic.com | Ph: 1800-818-8057,India,COMPLIANT,None (Fully Compliant with Rule 6),2026-09-02 17:25:36,90%
LMC-02000,Green Tea Lemon Honey Bags 500 g,Tea & Coffee,"Pristine Foods & Agro Ltd, Phase 2, Peenya Industrial Area, Bengaluru, Karnataka - 560058",500 g,Rs. 455.00 (Incl. of all taxes),08/2026,Email: care@pristine.com | Ph: 1800-514-2190,India,COMPLIANT,None (Fully Compliant with Rule 6),2026-08-14 02:08:36,98%
LMC-02001,Poha Instant Breakfast Bowl 200 g,Ready-to-Eat,"Ananya Consumer Goods Ltd, Plot 42, Sector 8, IMT Manesar, Gurugram, Haryana - 122050",200 g,Rs. 179.00 (Incl. of all taxes),06/2026,Email: care@ananya.com | Ph: 1800-544-2142,India,COMPLIANT,None (Fully Compliant with Rule 6),2026-07-08 19:56:36,90%
LMC-02002,Almond Cashew Shortbread 400 g,Biscuits & Cookies,"Navrang Agro Commodities Corp, GIDC Naroda, Ahmedabad, Gujarat - 382330",400 g,Rs. 285.00 (Incl. of all taxes),03/2026,Email: care@navrang.com | Ph: 1800-221-2216,India,COMPLIANT,None (Fully Compliant with Rule 6),2026-07-19 15:57:36,95%
LMC-02003,Sharbati Whole Wheat Atta 1 kg,Atta & Flours,"Navrang Agro Commodities Corp, GIDC Naroda, Ahmedabad, Gujarat - 382330",Not Declared,Rs. 675.00,08/2026,Email: care@navrang.com | Ph: 1800-922-6786,India,NON-COMPLIANT,Rule 6(1)(da): Missing 'Inclusive of all taxes' declaration with MRP; Rule 6(1)(c): Net quantity declaration absent,2026-08-23 00:45:36,80%
LMC-02004,Whole Cumin Jeera Seeds 200 g,Spices & Condiments,"Godavari Mills & Refineries, Sy. No. 340, Autonagar, Guntur, Andhra Pradesh - 522001",200 g,Rs. 173.00 (Incl. of all taxes),02/2026,Email: care@godavari.com | Ph: 1800-967-5522,India,COMPLIANT,None (Fully Compliant with Rule 6),2026-07-26 23:01:36,90%
LMC-02005,Chakki Fresh Pure Atta 2 kg,Atta & Flours,"Surya Packaged Commodities LLP, Industrial Growth Centre, Mandideep, Bhopal, MP - 462046",2 kg,Rs. 25.00 (Incl. of all taxes),02/2026,Email: care@surya.com | Ph: 1800-735-3567,India,COMPLIANT,None (Fully Compliant with Rule 6),2026-09-01 11:21:36,92%
LMC-02006,Alphonso Mango Nectar 750 ml,Beverages & Juices,"Pristine Foods & Agro Ltd, Phase 2, Peenya Industrial Area, Bengaluru, Karnataka - 560058",750 ml,Rs. 708.00 (Incl. of all taxes),06/2026,Not Declared,India,NON-COMPLIANT,Rule 6(1)(e): Complete consumer care grievance contact details missing,2026-08-28 23:10:36,90%
LMC-02007,Premium Assam CTC Tea 100 g,Tea & Coffee,"Godavari Mills & Refineries, Sy. No. 340, Autonagar, Guntur, Andhra Pradesh - 522001",100 g,Rs. 69.00,04/2026,Email: care@godavari.com | Ph: 1800-536-3885,Not Declared,NON-COMPLIANT,Rule 6(1)(n): Missing Country of Origin declaration; Rule 6(1)(da): Missing 'Inclusive of all taxes' declaration with MRP,2026-07-13 01:25:36,78%
LMC-02008,Coriander Dhania Powder 200 g,Spices & Condiments,"Surya Packaged Commodities LLP, Industrial Growth Centre, Mandideep, Bhopal, MP - 462046",Not Declared,Not Declared,08/2026,Email: care@surya.com | Ph: 1800-651-1125,India,NON-COMPLIANT,Rule 6(1)(da): Maximum Retail Price (MRP) declaration absent; Rule 6(1)(c): Net quantity declaration absent,2026-09-01 14:12:36,94%
LMC-02009,Crispy Butter Cookies 750 g,Biscuits & Cookies,"Pristine Foods & Agro Ltd, Phase 2, Peenya Industrial Area, Bengaluru, Karnataka - 560058",750 g,Rs. 336.00 (Incl. of all taxes),04/2026,Not Declared,India,NON-COMPLIANT,Rule 6(1)(e): Complete consumer care grievance contact details missing,2026-07-24 06:34:36,93%
LMC-02010,Multigrain Fibre Atta 10 kg,Atta & Flours,"Godavari Mills & Refineries, Sy. No. 340, Autonagar, Guntur, Andhra Pradesh - 522001",10 kg,Rs. 332.00 (Incl. of all taxes),06/2026,Email: care@godavari.com | Ph: 1800-454-6538,India,COMPLIANT,None (Fully Compliant with Rule 6),2026-08-30 13:54:36,96%
LMC-02011,Fruit Jelly Chews Pouch 750 g,Chocolates & Confectionery,"Navrang Agro Commodities Corp, GIDC Naroda, Ahmedabad, Gujarat - 382330",750 g,Rs. 392.00 (Incl. of all taxes),03/2026,Email: care@navrang.com | Ph: 1800-684-1204,India,COMPLIANT,None (Fully Compliant with Rule 6),2026-08-21 16:12:36,92%
LMC-02012,Kasuri Methi 750 g,Spices & Condiments,"Navrang Agro Commodities Corp, GIDC Naroda, Ahmedabad, Gujarat - 382330",750 g,Rs. 26.00 (Incl. of all taxes),02/2026,Not Declared,India,NON-COMPLIANT,Rule 6(1)(e): Complete consumer care grievance contact details missing,2026-08-31 07:26:36,89%
LMC-02013,Royal Garam Masala Blend 250 g,Spices & Condiments,"Navrang Agro Commodities Corp, GIDC Naroda, Ahmedabad, Gujarat - 382330",Not Declared,Rs. 844.00 (Incl. of all taxes),06/2026,Email: care@navrang.com | Ph: 1800-522-7448,India,NON-COMPLIANT,Rule 6(1)(c): Net quantity declaration absent,2026-08-01 04:26:36,78%
LMC-02014,Greek Style Plain Yogurt 400 g,Dairy Products,"Ananya Consumer Goods Ltd, Plot 42, Sector 8, IMT Manesar, Gurugram, Haryana - 122050",400 g,Rs. 359.00 (Incl. of all taxes),02/2026,Email: care@ananya.com | Ph: 1800-544-5879,India,COMPLIANT,None (Fully Compliant with Rule 6),2026-08-16 03:16:36,93%
LMC-02015,Poha Instant Breakfast Bowl 100 g,Ready-to-Eat,"Kaveri Spices & Naturals, 14/B, Spice Park, Puttady, Idukki, Kerala - 685551",100 g,Rs. 339.00 (Incl. of all taxes),02/2026,Email: care@kaveri.com | Ph: 1800-216-3636,India,COMPLIANT,None (Fully Compliant with Rule 6),2026-07-07 09:26:36,94%
LMC-02016,Tangy Tomato Nacho Chips 200 g,Snacks & Namkeen,"Navrang Agro Commodities Corp, GIDC Naroda, Ahmedabad, Gujarat - 382330",200 g,Rs. 651.00 (Incl. of all taxes),07/2026,Not Declared,India,NON-COMPLIANT,Rule 6(1)(e): Complete consumer care grievance contact details missing,2026-08-13 18:45:36,90%
LMC-02017,Fruit Jelly Chews Pouch 50 g,Chocolates & Confectionery,"Vedic Agro Industries Pvt Ltd, Gat No. 118, Urse, Talegaon MIDC, Pune, Maharashtra - 410506",50 g,Rs. 835.00 (Incl. of all taxes),01/2026,Email: care@vedic.com | Ph: 1800-776-7610,India,COMPLIANT,None (Fully Compliant with Rule 6),2026-07-27 09:43:36,98%
LMC-02018,Roasted Arabica Coffee Beans 750 g,Tea & Coffee,"Pristine Foods & Agro Ltd, Phase 2, Peenya Industrial Area, Bengaluru, Karnataka - 560058",750 g,Rs. 785.00 (Incl. of all taxes),03/2026,Email: care@pristine.com | Ph: 1800-637-5926,India,COMPLIANT,None (Fully Compliant with Rule 6),2026-08-25 12:46:36,90%
LMC-02019,Roasted Almond Milk Bar 200 g,Chocolates & Confectionery,"Pristine Foods & Agro Ltd, Phase 2, Peenya Industrial Area, Bengaluru, Karnataka - 560058",200 g,Rs. 619.00 (Incl. of all taxes),06/2026,Email: care@pristine.com | Ph: 1800-537-1050,India,COMPLIANT,None (Fully Compliant with Rule 6),2026-07-27 01:39:36,97%
LMC-02020,Mint Peppermint Lozenges 750 g,Chocolates & Confectionery,Not Declared,750 g,Rs. 405.00 (Incl. of all taxes),07/2026,Email: care@godavari.com | Ph: 1800-480-6789,India,NON-COMPLIANT,Rule 6(1)(a): Manufacturer/packer declaration entirely missing,2026-08-26 10:59:36,77%
LMC-02021,Digestive High Fibre Biscuits 750 g,Biscuits & Cookies,"Ananya Consumer Goods Ltd, Plot 42, Sector 8, IMT Manesar, Gurugram, Haryana - 122050",750 g,Not Declared,06/2026,Email: care@ananya.com | Ph: 1800-447-2505,Not Declared,NON-COMPLIANT,Rule 6(1)(da): Maximum Retail Price (MRP) declaration absent; Rule 6(1)(n): Missing Country of Origin declaration,2026-08-28 08:00:36,94%
LMC-02022,Gulab Jamun Instant Mix 250 g,Ready-to-Eat,"Pristine Foods & Agro Ltd, Phase 2, Peenya Industrial Area, Bengaluru, Karnataka - 560058",250 g,Rs. 145.00 (Incl. of all taxes),06/2026,Email: care@pristine.com | Ph: 1800-354-4919,India,COMPLIANT,None (Fully Compliant with Rule 6),2026-08-14 12:18:36,96%
LMC-02023,Roasted Almond Milk Bar 200 g,Chocolates & Confectionery,"Pristine Foods & Agro Ltd, Phase 2, Peenya Industrial Area, Bengaluru, Karnataka - 560058",200 g,Rs. 166.00 (Incl. of all taxes),06/2026,Email: care@pristine.com | Ph: 1800-973-7575,India,COMPLIANT,None (Fully Compliant with Rule 6),2026-07-14 20:09:36,94%
LMC-02024,Alphonso Mango Nectar 2 L,Beverages & Juices,"Kaveri Spices & Naturals, 14/B, Spice Park, Puttady, Idukki, Kerala - 685551",2 L,Rs. 211.00 (Incl. of all taxes),02/2026,Email: care@kaveri.com | Ph: 1800-998-6892,India,COMPLIANT,None (Fully Compliant with Rule 6),2026-07-10 19:48:36,90%
LMC-02025,Instant Masala Noodles 250 g,Ready-to-Eat,"Surya Packaged Commodities LLP, Industrial Growth Centre, Mandideep, Bhopal, MP - 462046",250 g,Rs. 575.00 (Incl. of all taxes),02/2026,Email: care@surya.com | Ph: 1800-130-2538,Not Declared,NON-COMPLIANT,Rule 6(1)(n): Missing Country of Origin declaration,2026-07-25 17:20:36,75%
LMC-02026,Rava Upma Breakfast Mix 500 g,Ready-to-Eat,"Godavari Mills & Refineries, Sy. No. 340, Autonagar, Guntur, Andhra Pradesh - 522001",500 g,Rs. 732.00 (Incl. of all taxes),03/2026,Email: care@godavari.com | Ph: 1800-701-9321,India,COMPLIANT,None (Fully Compliant with Rule 6),2026-07-09 07:50:36,98%
LMC-02027,Kasuri Methi 400 g,Spices & Condiments,"Himalayan Organic Ventures, SIDCUL Industrial Estate, Pantnagar, Uttarakhand - 263153",400 g,Rs. 723.00 (Incl. of all taxes),06/2026,Email: care@himalayan.com | Ph: 1800-530-1441,India,COMPLIANT,None (Fully Compliant with Rule 6),2026-07-27 09:52:36,89%
LMC-02028,Masala Potato Wafers 500 g,Snacks & Namkeen,"Godavari Mills & Refineries, Guntur",500 gms,Rs. 104.00 (Incl. of all taxes),01/2026,Email: care@godavari.com | Ph: 1800-428-4151,India,NEEDS REVIEW,Rule 6(1)(c): Non-standard unit abbreviation used ('gms' / 'gm' instead of standard 'g'); Rule 6(1)(a): Physical address of manufacturer incomplete (missing PIN code/city),2026-07-29 09:22:36,72%
LMC-02029,Gulab Jamun Instant Mix 750 g,Ready-to-Eat,Not Declared,750 g,Rs. 471.00 (Incl. of all taxes),03/2026,Email: care@pristine.com | Ph: 1800-598-2331,Imported (Origin: Sri Lanka),NON-COMPLIANT,Rule 6(1)(a): Manufacturer/packer declaration entirely missing,2026-08-04 21:30:36,79%
LMC-02030,Tender Coconut Water Drink 250 ml,Beverages & Juices,"Surya Packaged Commodities LLP, Industrial Growth Centre, Mandideep, Bhopal, MP - 462046",250 ml,Rs. 715.00 (Incl. of all taxes),06/2026,Email: care@surya.com | Ph: 1800-823-7263,India,COMPLIANT,None (Fully Compliant with Rule 6),2026-07-18 21:40:36,92%
LMC-02031,Crunchy Moong Dal Namkeen 50 g,Snacks & Namkeen,"Ananya Consumer Goods Ltd, Plot 42, Sector 8, IMT Manesar, Gurugram, Haryana - 122050",50 g,Rs. 752.00 (Incl. of all taxes),Not Declared,Email: care@ananya.com | Ph: 1800-355-7230,India,NON-COMPLIANT,Rule 6(1)(d): Month and year of manufacture/packing missing,2026-08-22 04:12:36,91%
LMC-02032,Lemon Iced Tea Concentrate 200 ml,Beverages & Juices,"Godavari Mills & Refineries, Sy. No. 340, Autonagar, Guntur, Andhra Pradesh - 522001",200 ml,Rs. 790.00 (Incl. of all taxes),04/2026,Email: care@godavari.com | Ph: 1800-466-1142,India,COMPLIANT,None (Fully Compliant with Rule 6),2026-08-01 14:09:36,94%
LMC-02033,Choco Chip Delight Cookies 100 g,Biscuits & Cookies,"Surya Packaged Commodities LLP, Bhopal",100 g,Rs. 508.00 (Incl. of all taxes),02/2026,Email: care@surya.com | Ph: 1800-791-3015,India,NEEDS REVIEW,Rule 6(1)(a): Physical address of manufacturer incomplete (missing PIN code/city); Rule 6(1)(c): Non-standard unit abbreviation used ('ML' / 'ltr' instead of 'ml' / 'L'),2026-07-22 15:55:36,84%
LMC-02034,Multigrain Fibre Atta 10 kg,Atta & Flours,"Godavari Mills & Refineries, Sy. No. 340, Autonagar, Guntur, Andhra Pradesh - 522001",10 kg,Rs. 70.00 (Incl. of all taxes),04/2026,Email: care@godavari.com | Ph: 1800-491-3552,India,COMPLIANT,None (Fully Compliant with Rule 6),2026-08-21 20:13:36,88%
LMC-02035,Digestive High Fibre Biscuits 100 g,Biscuits & Cookies,"Godavari Mills & Refineries, Sy. No. 340, Autonagar, Guntur, Andhra Pradesh - 522001",100 g,Rs. 399.00 (Incl. of all taxes),03/2026,Helpline: 1800-813-5199 (Email missing),India,NEEDS REVIEW,Rule 6(1)(e): Missing consumer care email address,2026-07-09 22:58:36,76%
LMC-02036,Roasted Almond Milk Bar 200 g,Chocolates & Confectionery,"Surya Packaged Commodities LLP, Industrial Growth Centre, Mandideep, Bhopal, MP - 462046",200 g,Rs. 345.00 (Incl. of all taxes),01/2026,Email: care@surya.com | Ph: 1800-177-7850,India,NEEDS REVIEW,Rule 7: Font size / unit symbol ambiguous or truncated under OCR,2026-07-19 12:54:36,68%
LMC-02037,Gulab Jamun Instant Mix 500 g,Ready-to-Eat,"Ananya Consumer Goods Ltd, Plot 42, Sector 8, IMT Manesar, Gurugram, Haryana - 122050",500 g,Rs. 278.00 (Incl. of all taxes),04/2026,Email: care@ananya.com | Ph: 1800-851-7177,India,COMPLIANT,None (Fully Compliant with Rule 6),2026-07-18 01:35:36,96%
LMC-02038,Chakki Fresh Pure Atta 5 kg,Atta & Flours,"Pristine Foods & Agro Ltd, Phase 2, Peenya Industrial Area, Bengaluru, Karnataka - 560058",5 kg,Rs. 99.00 (Incl. of all taxes),06/2026,Email: care@pristine.com | Ph: 1800-681-9136,India,COMPLIANT,None (Fully Compliant with Rule 6),2026-07-14 13:57:36,96%
LMC-02039,Ragi Millet Flour 2 kg,Atta & Flours,"Kaveri Spices & Naturals, 14/B, Spice Park, Puttady, Idukki, Kerala - 685551",2 kg,Rs. 471.00 (Incl. of all taxes),08/2026,Email: care@kaveri.com | Ph: 1800-698-4933,India,COMPLIANT,None (Fully Compliant with Rule 6),2026-08-27 06:06:36,90%
LMC-02040,Rava Upma Breakfast Mix 100 g,Ready-to-Eat,"Navrang Agro Commodities Corp, GIDC Naroda, Ahmedabad, Gujarat - 382330",100 g,Rs. 565.00 (Incl. of all taxes),Not Declared,Email: care@navrang.com | Ph: 1800-914-4503,India,NON-COMPLIANT,Rule 6(1)(d): Month and year of manufacture/packing missing,2026-07-20 03:41:36,85%
LMC-02041,Instant Masala Noodles 400 g,Ready-to-Eat,"Godavari Mills & Refineries, Sy. No. 340, Autonagar, Guntur, Andhra Pradesh - 522001",400 g,Rs. 339.00 (Incl. of all taxes),05/2026,Email: care@godavari.com | Ph: 1800-812-3476,India,COMPLIANT,None (Fully Compliant with Rule 6),2026-07-23 04:45:36,96%
LMC-02042,Standardized Tonned Milk 400 g,Dairy Products,"Ananya Consumer Goods Ltd, Plot 42, Sector 8, IMT Manesar, Gurugram, Haryana - 122050",400 gms,Rs. 733.00 (Incl. of all taxes),04/2026,Email: care@ananya.com | Ph: 1800-460-9620,India,NEEDS REVIEW,Rule 6(1)(c): Non-standard unit abbreviation used ('gms' / 'gm' instead of standard 'g'),2026-08-29 20:47:36,72%
LMC-02043,Ragi Millet Flour 2 kg,Atta & Flours,"Vedic Agro Industries Pvt Ltd, Gat No. 118, Urse, Talegaon MIDC, Pune, Maharashtra - 410506",2 kg,Rs. 398.00,02/2026,Not Declared,India,NON-COMPLIANT,Rule 6(1)(da): Missing 'Inclusive of all taxes' declaration with MRP; Rule 6(1)(e): Complete consumer care grievance contact details missing,2026-08-30 23:44:36,83%
LMC-02044,Green Tea Lemon Honey Bags 750 g,Tea & Coffee,"Ananya Consumer Goods Ltd, Plot 42, Sector 8, IMT Manesar, Gurugram, Haryana - 122050",750 g,Rs. 606.00 (Incl. of all taxes),05/2026,Email: care@ananya.com | Ph: 1800-769-4117,India,COMPLIANT,None (Fully Compliant with Rule 6),2026-08-03 15:36:36,96%
LMC-02045,Almond Cashew Shortbread 50 g,Biscuits & Cookies,"Ananya Consumer Goods Ltd, Plot 42, Sector 8, IMT Manesar, Gurugram, Haryana - 122050",50 g,Rs. 603.00 (Incl. of all taxes),05/2026,Email: care@ananya.com | Ph: 1800-270-7859,India,COMPLIANT,None (Fully Compliant with Rule 6),2026-09-03 06:19:36,93%
LMC-02046,Kasuri Methi 750 g,Spices & Condiments,"Surya Packaged Commodities LLP, Industrial Growth Centre, Mandideep, Bhopal, MP - 462046",750 g,Rs. 695.00 (Incl. of all taxes),02/2026,Email: care@surya.com | Ph: 1800-287-8659,India,COMPLIANT,None (Fully Compliant with Rule 6),2026-07-05 12:39:36,94%
LMC-02047,Sharbati Whole Wheat Atta 1 kg,Atta & Flours,"Ananya Consumer Goods Ltd, Plot 42, Sector 8, IMT Manesar, Gurugram, Haryana - 122050",1 kg,Rs. 318.00 (Incl. of all taxes),07/2026,Email: care@ananya.com | Ph: 1800-204-3923,India,COMPLIANT,None (Fully Compliant with Rule 6),2026-07-30 06:04:36,98%
LMC-02048,Digestive High Fibre Biscuits 500 g,Biscuits & Cookies,"Kaveri Spices & Naturals, 14/B, Spice Park, Puttady, Idukki, Kerala - 685551",500 gms,Rs. 874.00 (Incl. of all taxes),03/2026,Email: care@kaveri.com | Ph: 1800-116-5722,India,NEEDS REVIEW,Rule 6(1)(c): Non-standard unit abbreviation used ('gms' / 'gm' instead of standard 'g'); Rule 7: Font size / unit symbol ambiguous or truncated under OCR,2026-07-17 10:41:36,59%
LMC-02049,Digestive High Fibre Biscuits 50 g,Biscuits & Cookies,"Surya Packaged Commodities LLP, Industrial Growth Centre, Mandideep, Bhopal, MP - 462046",50 g,Rs. 231.00 (Incl. of all taxes),07/2026,Email: care@surya.com | Ph: 1800-706-1342,India,COMPLIANT,None (Fully Compliant with Rule 6),2026-08-05 22:03:36,93%
LMC-02050,Roasted Almond Milk Bar 200 g,Chocolates & Confectionery,"Godavari Mills & Refineries, Sy. No. 340, Autonagar, Guntur, Andhra Pradesh - 522001",200 g,Rs. 151.00 (Incl. of all taxes),07/2026,Email: care@godavari.com | Ph: 1800-508-7476,India,COMPLIANT,None (Fully Compliant with Rule 6),2026-08-17 19:59:36,88%
LMC-02051,Multigrain Fibre Atta 10 kg,Atta & Flours,"Vedic Agro Industries Pvt Ltd, Gat No. 118, Urse, Talegaon MIDC, Pune, Maharashtra - 410506",10 kg,Rs. 248.00,05/2026,Email: care@vedic.com | Ph: 1800-992-7575,India,NON-COMPLIANT,Rule 6(1)(da): Missing 'Inclusive of all taxes' declaration with MRP,2026-07-12 02:36:36,91%
LMC-02052,Maida Refined Wheat Flour 2 kg,Atta & Flours,"Navrang Agro Commodities Corp, GIDC Naroda, Ahmedabad, Gujarat - 382330",2 kg,Rs. 388.00 (Incl. of all taxes),07/2026,Email: care@navrang.com | Ph: 1800-371-1105,India,NEEDS REVIEW,Rule 7: Font size / unit symbol ambiguous or truncated under OCR,2026-07-27 11:32:36,64%
LMC-02053,Palak Paneer Ready Curry 250 g,Ready-to-Eat,"Pristine Foods & Agro Ltd, Phase 2, Peenya Industrial Area, Bengaluru, Karnataka - 560058",250 g,Rs. 118.00 (Incl. of all taxes),06/2026,Not Declared,India,NON-COMPLIANT,Rule 6(1)(e): Complete consumer care grievance contact details missing,2026-07-12 11:22:36,86%
LMC-02054,Blended Edible Vegetable Oil 500 ml,Edible Oils,"Kaveri Spices & Naturals, 14/B, Spice Park, Puttady, Idukki, Kerala - 685551",500 ml,Rs. 323.00 (Incl. of all taxes),06/2026,Email: care@kaveri.com | Ph: 1800-763-4859,India,COMPLIANT,None (Fully Compliant with Rule 6),2026-07-09 15:39:36,95%
LMC-02055,Roasted Almond Milk Bar 100 g,Chocolates & Confectionery,"Surya Packaged Commodities LLP, Industrial Growth Centre, Mandideep, Bhopal, MP - 462046",100 g,Rs. 326.00 (Incl. of all taxes),Not Declared,Email: care@surya.com | Ph: 1800-132-9559,India,NON-COMPLIANT,Rule 6(1)(d): Month and year of manufacture/packing missing,2026-07-11 16:12:36,77%
LMC-02056,Ragi Millet Flour 5 kg,Atta & Flours,"Navrang Agro Commodities Corp, GIDC Naroda, Ahmedabad, Gujarat - 382330",5 kg,Rs. 578.00,05/2026,Email: care@navrang.com | Ph: 1800-128-3780,India,NON-COMPLIANT,Rule 6(1)(da): Maximum Retail Price (MRP) declaration absent; Rule 6(1)(da): Missing 'Inclusive of all taxes' declaration with MRP,2026-08-09 12:36:36,95%
LMC-02057,Chakki Fresh Pure Atta 5 kg,Atta & Flours,"Kaveri Spices & Naturals, 14/B, Spice Park, Puttady, Idukki, Kerala - 685551",5 kg,Rs. 370.00 (Incl. of all taxes),07/2026,Email: care@kaveri.com | Ph: 1800-871-6947,India,COMPLIANT,None (Fully Compliant with Rule 6),2026-08-29 16:10:36,99%
LMC-02058,Sterilized Flavoured Milk 250 g,Dairy Products,"Ananya Consumer Goods Ltd, Plot 42, Sector 8, IMT Manesar, Gurugram, Haryana - 122050",250 g,Rs. 86.00 (Incl. of all taxes),05/2026,Email: care@ananya.com | Ph: 1800-937-7542,India,COMPLIANT,None (Fully Compliant with Rule 6),2026-08-06 18:52:36,95%
LMC-02059,Spicy Aloo Bhujia 100 g,Snacks & Namkeen,"Ananya Consumer Goods Ltd, Plot 42, Sector 8, IMT Manesar, Gurugram, Haryana - 122050",100 g,Rs. 932.00 (Incl. of all taxes),03/2026,Email: care@ananya.com | Ph: 1800-656-4019,India,COMPLIANT,None (Fully Compliant with Rule 6),2026-08-02 10:58:36,88%
LMC-02060,Whole Cumin Jeera Seeds 50 g,Spices & Condiments,"Godavari Mills & Refineries, Sy. No. 340, Autonagar, Guntur, Andhra Pradesh - 522001",50 g,Rs. 595.00 (Incl. of all taxes),01/2026,Email: care@godavari.com | Ph: 1800-991-4840,India,COMPLIANT,None (Fully Compliant with Rule 6),2026-08-06 06:10:36,99%
LMC-02061,Palak Paneer Ready Curry 400 g,Ready-to-Eat,Not Declared,400 g,Rs. 270.00 (Incl. of all taxes),02/2026,Not Declared,India,NON-COMPLIANT,Rule 6(1)(a): Manufacturer/packer declaration entirely missing; Rule 6(1)(e): Complete consumer care grievance contact details missing,2026-07-19 21:44:36,86%
LMC-02062,Roasted Arabica Coffee Beans 400 g,Tea & Coffee,"Vedic Agro Industries Pvt Ltd, Gat No. 118, Urse, Talegaon MIDC, Pune, Maharashtra - 410506",400 g,Rs. 370.00 (Incl. of all taxes),05/2026,Not Declared,India,NON-COMPLIANT,Rule 6(1)(e): Complete consumer care grievance contact details missing,2026-08-20 07:25:36,90%
LMC-02063,Roasted Almond Milk Bar 50 g,Chocolates & Confectionery,"Himalayan Organic Ventures, SIDCUL Industrial Estate, Pantnagar, Uttarakhand - 263153",50 g,Rs. 580.00 (Incl. of all taxes),Not Declared,Not Declared,Imported (Origin: Sri Lanka),NON-COMPLIANT,Rule 6(1)(e): Complete consumer care grievance contact details missing; Rule 6(1)(d): Month and year of manufacture/packing missing,2026-08-20 21:56:36,83%
LMC-02064,Digestive High Fibre Biscuits 250 g,Biscuits & Cookies,"Surya Packaged Commodities LLP, Industrial Growth Centre, Mandideep, Bhopal, MP - 462046",250 g,Rs. 539.00 (Incl. of all taxes),03/2026,Email: care@surya.com | Ph: 1800-900-2230,India,NEEDS REVIEW,Rule 6(1)(c): Non-standard unit abbreviation used ('ML' / 'ltr' instead of 'ml' / 'L'),2026-08-31 01:35:36,77%
LMC-02065,Roasted Arabica Coffee Beans 750 g,Tea & Coffee,Not Declared,750 g,Rs. 816.00 (Incl. of all taxes),Not Declared,Email: care@godavari.com | Ph: 1800-764-9498,India,NON-COMPLIANT,Rule 6(1)(d): Month and year of manufacture/packing missing; Rule 6(1)(a): Manufacturer/packer declaration entirely missing,2026-08-13 10:30:36,91%
LMC-02066,Caramel Toffee Pouch 100 g,Chocolates & Confectionery,"Himalayan Organic Ventures, SIDCUL Industrial Estate, Pantnagar, Uttarakhand - 263153",100 g,Rs. 215.00 (Incl. of all taxes),07/2026,Email: care@himalayan.com | Ph: 1800-242-9931,India,COMPLIANT,None (Fully Compliant with Rule 6),2026-07-23 04:12:36,96%
LMC-02067,Digestive High Fibre Biscuits 50 g,Biscuits & Cookies,"Godavari Mills & Refineries, Sy. No. 340, Autonagar, Guntur, Andhra Pradesh - 522001",50 g,Rs. 232.00 (Incl. of all taxes),04/2026,Helpline: 1800-475-8856 (Email missing),India,NEEDS REVIEW,Rule 6(1)(e): Missing consumer care email address,2026-08-23 08:48:36,77%
LMC-02068,Roasted Arabica Coffee Beans 750 g,Tea & Coffee,"Pristine Foods & Agro Ltd, Phase 2, Peenya Industrial Area, Bengaluru, Karnataka - 560058",750 g,Rs. 904.00 (Incl. of all taxes),Not Declared,Email: care@pristine.com | Ph: 1800-339-6425,India,NON-COMPLIANT,Rule 6(1)(d): Month and year of manufacture/packing missing,2026-08-29 05:21:36,91%
LMC-02069,Virgin Cold Pressed Coconut Oil 200 ml,Edible Oils,"Navrang Agro Commodities Corp, GIDC Naroda, Ahmedabad, Gujarat - 382330",200 ml,Rs. 85.00 (Incl. of all taxes),01/2026,Email: care@navrang.com | Ph: 1800-175-9688,India,COMPLIANT,None (Fully Compliant with Rule 6),2026-07-12 01:06:36,89%
LMC-02070,Mint Peppermint Lozenges 100 g,Chocolates & Confectionery,"Godavari Mills & Refineries, Sy. No. 340, Autonagar, Guntur, Andhra Pradesh - 522001",100 g,Rs. 414.00 (Incl. of all taxes),05/2026,Email: care@godavari.com | Ph: 1800-450-7427,India,COMPLIANT,None (Fully Compliant with Rule 6),2026-07-10 15:01:36,88%
LMC-02071,Tangy Tomato Nacho Chips 750 g,Snacks & Namkeen,"Vedic Agro Industries Pvt Ltd, Gat No. 118, Urse, Talegaon MIDC, Pune, Maharashtra - 410506",750 g,Rs. 705.00 (Incl. of all taxes),02/2026,Email: care@vedic.com | Ph: 1800-997-1627,India,COMPLIANT,None (Fully Compliant with Rule 6),2026-07-30 10:26:36,96%
LMC-02072,Multigrain Fibre Atta 5 kg,Atta & Flours,"Pristine Foods & Agro Ltd, Phase 2, Peenya Industrial Area, Bengaluru, Karnataka - 560058",5 kg,Rs. 791.00 (Incl. of all taxes),06/2026,Email: care@pristine.com | Ph: 1800-355-1732,India,COMPLIANT,None (Fully Compliant with Rule 6),2026-07-09 10:12:36,88%
LMC-02073,Gulab Jamun Instant Mix 500 g,Ready-to-Eat,"Kaveri Spices & Naturals, 14/B, Spice Park, Puttady, Idukki, Kerala - 685551",500 g,Rs. 144.00 (Incl. of all taxes),02/2026,Email: care@kaveri.com | Ph: 1800-416-4807,India,COMPLIANT,None (Fully Compliant with Rule 6),2026-07-09 07:20:36,88%
LMC-02074,Spicy Aloo Bhujia 500 g,Snacks & Namkeen,"Kaveri Spices & Naturals, 14/B, Spice Park, Puttady, Idukki, Kerala - 685551",500 g,Rs. 787.00 (Incl. of all taxes),08/2026,Email: care@kaveri.com | Ph: 1800-918-6332,India,COMPLIANT,None (Fully Compliant with Rule 6),2026-08-27 13:05:36,93%
LMC-02075,Choco Chip Delight Cookies 100 g,Biscuits & Cookies,"Pristine Foods & Agro Ltd, Phase 2, Peenya Industrial Area, Bengaluru, Karnataka - 560058",100 gms,Rs. 70.00 (Incl. of all taxes),08/2026,Email: care@pristine.com | Ph: 1800-903-8377,India,NEEDS REVIEW,Rule 6(1)(c): Non-standard unit abbreviation used ('gms' / 'gm' instead of standard 'g'),2026-07-12 09:33:36,82%
LMC-02076,Darjeeling Whole Leaf Black Tea 200 g,Tea & Coffee,Not Declared,Not Declared,Rs. 576.00 (Incl. of all taxes),02/2026,Email: care@godavari.com | Ph: 1800-432-3827,India,NON-COMPLIANT,Rule 6(1)(a): Manufacturer/packer declaration entirely missing; Rule 6(1)(c): Net quantity declaration absent,2026-08-27 17:13:36,96%
LMC-02077,Roasted Almond Milk Bar 500 g,Chocolates & Confectionery,"Kaveri Spices & Naturals, 14/B, Spice Park, Puttady, Idukki, Kerala - 685551",500 g,Rs. 627.00 (Incl. of all taxes),03/2026,Email: care@kaveri.com | Ph: 1800-857-6882,India,COMPLIANT,None (Fully Compliant with Rule 6),2026-07-07 11:55:36,94%
LMC-02078,Pasteurized Cow Ghee 400 g,Dairy Products,"Ananya Consumer Goods Ltd, Plot 42, Sector 8, IMT Manesar, Gurugram, Haryana - 122050",400 g,Rs. 851.00 (Incl. of all taxes),07/2026,Email: care@ananya.com | Ph: 1800-856-2224,India,COMPLIANT,None (Fully Compliant with Rule 6),2026-09-01 09:49:36,92%
LMC-02079,Instant Masala Noodles 100 g,Ready-to-Eat,"Kaveri Spices & Naturals, 14/B, Spice Park, Puttady, Idukki, Kerala - 685551",100 g,Rs. 25.00 (Incl. of all taxes),Not Declared,Email: care@kaveri.com | Ph: 1800-248-9419,India,NON-COMPLIANT,Rule 6(1)(d): Month and year of manufacture/packing missing,2026-08-15 19:46:36,86%
LMC-02080,Chakki Fresh Pure Atta 1 kg,Atta & Flours,"Himalayan Organic Ventures, SIDCUL Industrial Estate, Pantnagar, Uttarakhand - 263153",1 kg,Rs. 598.00 (Incl. of all taxes),05/2026,Email: care@himalayan.com | Ph: 1800-477-8245,India,COMPLIANT,None (Fully Compliant with Rule 6),2026-07-10 12:10:36,98%
LMC-02081,Roasted Almond Milk Bar 50 g,Chocolates & Confectionery,"Pristine Foods & Agro Ltd, Phase 2, Peenya Industrial Area, Bengaluru, Karnataka - 560058",50 g,Rs. 473.00,Not Declared,Email: care@pristine.com | Ph: 1800-116-6661,India,NON-COMPLIANT,Rule 6(1)(d): Month and year of manufacture/packing missing; Rule 6(1)(da): Missing 'Inclusive of all taxes' declaration with MRP,2026-08-17 21:08:36,75%
LMC-02082,Virgin Cold Pressed Coconut Oil 5 L,Edible Oils,"Godavari Mills & Refineries, Sy. No. 340, Autonagar, Guntur, Andhra Pradesh - 522001",5 L,Rs. 542.00 (Incl. of all taxes),04/2026,Email: care@godavari.com | Ph: 1800-142-3285,India,COMPLIANT,None (Fully Compliant with Rule 6),2026-07-24 00:09:36,96%
LMC-02083,Premium Assam CTC Tea 100 g,Tea & Coffee,"Ananya Consumer Goods Ltd, Plot 42, Sector 8, IMT Manesar, Gurugram, Haryana - 122050",Not Declared,Rs. 42.00 (Incl. of all taxes),04/2026,Email: care@ananya.com | Ph: 1800-969-1131,India,NON-COMPLIANT,Rule 6(1)(c): Net quantity declaration absent,2026-08-06 03:50:36,83%
LMC-02084,Organic Besan Gram Flour 5 kg,Atta & Flours,"Surya Packaged Commodities LLP, Industrial Growth Centre, Mandideep, Bhopal, MP - 462046",5 kg,Rs. 98.00 (Incl. of all taxes),06/2026,Email: care@surya.com | Ph: 1800-658-1327,India,COMPLIANT,None (Fully Compliant with Rule 6),2026-07-20 03:31:36,98%
LMC-02085,Mixed Fruit Orchard Blend 2 L,Beverages & Juices,"Ananya Consumer Goods Ltd, Plot 42, Sector 8, IMT Manesar, Gurugram, Haryana - 122050",2 L,Rs. 912.00 (Incl. of all taxes),01/2026,Email: care@ananya.com | Ph: 1800-364-3319,India,COMPLIANT,None (Fully Compliant with Rule 6),2026-08-15 11:16:36,89%
LMC-02086,Lemon Iced Tea Concentrate 250 ml,Beverages & Juices,"Pristine Foods & Agro Ltd, Phase 2, Peenya Industrial Area, Bengaluru, Karnataka - 560058",250 ml,Rs. 250.00 (Incl. of all taxes),03/2026,Email: care@pristine.com | Ph: 1800-399-8826,India,COMPLIANT,None (Fully Compliant with Rule 6),2026-07-31 17:30:36,97%
LMC-02087,Instant Chicory Coffee Powder 50 g,Tea & Coffee,"Himalayan Organic Ventures, SIDCUL Industrial Estate, Pantnagar, Uttarakhand - 263153",50 g,Rs. 253.00 (Incl. of all taxes),08/2026,Email: care@himalayan.com | Ph: 1800-131-7420,India,COMPLIANT,None (Fully Compliant with Rule 6),2026-07-11 05:42:36,94%
LMC-02088,Instant Chicory Coffee Powder 400 g,Tea & Coffee,"Ananya Consumer Goods Ltd, Plot 42, Sector 8, IMT Manesar, Gurugram, Haryana - 122050",400 g,Rs. 40.00 (Incl. of all taxes),01/2026,Email: care@ananya.com | Ph: 1800-240-6718,India,COMPLIANT,None (Fully Compliant with Rule 6),2026-08-01 00:25:36,96%
LMC-02089,Blended Edible Vegetable Oil 1 L,Edible Oils,"Pristine Foods & Agro Ltd, Bengaluru",1 L,Rs. 713.00 (Incl. of all taxes),06/2026,Email: care@pristine.com | Ph: 1800-826-4507,India,NEEDS REVIEW,Rule 6(1)(a): Physical address of manufacturer incomplete (missing PIN code/city),2026-07-28 01:32:36,68%
LMC-02090,Digestive High Fibre Biscuits 400 g,Biscuits & Cookies,"Surya Packaged Commodities LLP, Industrial Growth Centre, Mandideep, Bhopal, MP - 462046",400 g,Not Declared,03/2026,Email: care@surya.com | Ph: 1800-721-2479,India,NON-COMPLIANT,Rule 6(1)(da): Maximum Retail Price (MRP) declaration absent,2026-08-07 02:03:36,84%
LMC-02091,Greek Style Plain Yogurt 750 g,Dairy Products,"Kaveri Spices & Naturals, 14/B, Spice Park, Puttady, Idukki, Kerala - 685551",750 g,Rs. 934.00 (Incl. of all taxes),05/2026,Email: care@kaveri.com | Ph: 1800-156-7998,India,COMPLIANT,None (Fully Compliant with Rule 6),2026-07-30 05:22:36,89%
LMC-02092,Agmark Haldi Turmeric Powder 750 g,Spices & Condiments,"Himalayan Organic Ventures, SIDCUL Industrial Estate, Pantnagar, Uttarakhand - 263153",750 g,Rs. 799.00 (Incl. of all taxes),01/2026,Email: care@himalayan.com | Ph: 1800-270-5644,India,COMPLIANT,None (Fully Compliant with Rule 6),2026-07-25 17:00:36,89%
LMC-02093,Roasted Salted Makhana 400 g,Snacks & Namkeen,"Surya Packaged Commodities LLP, Industrial Growth Centre, Mandideep, Bhopal, MP - 462046",400 g,Rs. 567.00 (Incl. of all taxes),05/2026,Email: care@surya.com | Ph: 1800-323-7117,India,COMPLIANT,None (Fully Compliant with Rule 6),2026-07-24 03:41:36,96%
LMC-02094,Green Tea Lemon Honey Bags 100 g,Tea & Coffee,"Navrang Agro Commodities Corp, Ahmedabad",100 g,Rs. 534.00 (Incl. of all taxes),08/2026,Email: care@navrang.com | Ph: 1800-340-2220,India,NEEDS REVIEW,Rule 6(1)(a): Physical address of manufacturer incomplete (missing PIN code/city); Rule 6(1)(c): Non-standard unit abbreviation used ('ML' / 'ltr' instead of 'ml' / 'L'),2026-08-26 18:16:36,69%
LMC-02095,Premium Assam CTC Tea 200 g,Tea & Coffee,"Himalayan Organic Ventures, SIDCUL Industrial Estate, Pantnagar, Uttarakhand - 263153",200 g,Rs. 665.00 (Incl. of all taxes),06/2026,Email: care@himalayan.com | Ph: 1800-215-7710,India,NEEDS REVIEW,Rule 6(1)(c): Non-standard unit abbreviation used ('ML' / 'ltr' instead of 'ml' / 'L'),2026-09-03 02:18:36,83%
LMC-02096,Multigrain Fibre Atta 10 kg,Atta & Flours,"Kaveri Spices & Naturals, 14/B, Spice Park, Puttady, Idukki, Kerala - 685551",10 kg,Rs. 451.00 (Incl. of all taxes),07/2026,Email: care@kaveri.com | Ph: 1800-324-7739,India,COMPLIANT,None (Fully Compliant with Rule 6),2026-09-02 10:41:36,95%
LMC-02097,Salted Crackers 750 g,Biscuits & Cookies,"Ananya Consumer Goods Ltd, Plot 42, Sector 8, IMT Manesar, Gurugram, Haryana - 122050",750 g,Not Declared,Not Declared,Email: care@ananya.com | Ph: 1800-492-5940,India,NON-COMPLIANT,Rule 6(1)(da): Maximum Retail Price (MRP) declaration absent; Rule 6(1)(d): Month and year of manufacture/packing missing,2026-08-11 12:29:36,82%
LMC-02098,Sharbati Whole Wheat Atta 5 kg,Atta & Flours,"Pristine Foods & Agro Ltd, Phase 2, Peenya Industrial Area, Bengaluru, Karnataka - 560058",5 kg,Rs. 511.00 (Incl. of all taxes),05/2026,Email: care@pristine.com | Ph: 1800-669-9521,India,COMPLIANT,None (Fully Compliant with Rule 6),2026-08-26 02:34:36,99%
LMC-02099,Greek Style Plain Yogurt 400 g,Dairy Products,"Pristine Foods & Agro Ltd, Phase 2, Peenya Industrial Area, Bengaluru, Karnataka - 560058",400 g,Rs. 42.00 (Incl. of all taxes),08/2026,Email: care@pristine.com | Ph: 1800-658-9131,India,COMPLIANT,None (Fully Compliant with Rule 6),2026-08-22 14:52:36,99%
LMC-02100,Crispy Butter Cookies 400 g,Biscuits & Cookies,"Pristine Foods & Agro Ltd, Bengaluru",400 g,Rs. 850.00 (Incl. of all taxes),06/2026,Email: care@pristine.com | Ph: 1800-319-7655,India,NEEDS REVIEW,Rule 6(1)(a): Physical address of manufacturer incomplete (missing PIN code/city),2026-07-19 18:21:36,76%
LMC-02101,100% Valencia Orange Juice 5 L,Beverages & Juices,"Navrang Agro Commodities Corp, Ahmedabad",5 L,Rs. 131.00 (Incl. of all taxes),06/2026,Email: care@navrang.com | Ph: 1800-214-7554,India,NEEDS REVIEW,Rule 7: Font size / unit symbol ambiguous or truncated under OCR; Rule 6(1)(a): Physical address of manufacturer incomplete (missing PIN code/city),2026-07-16 15:32:36,72%
LMC-02102,Coriander Dhania Powder 50 g,Spices & Condiments,"Surya Packaged Commodities LLP, Industrial Growth Centre, Mandideep, Bhopal, MP - 462046",Not Declared,Rs. 842.00,03/2026,Email: care@surya.com | Ph: 1800-758-3324,India,NON-COMPLIANT,Rule 6(1)(c): Net quantity declaration absent; Rule 6(1)(da): Missing 'Inclusive of all taxes' declaration with MRP,2026-08-17 17:22:36,90%
LMC-02103,Roasted Almond Milk Bar 200 g,Chocolates & Confectionery,"Navrang Agro Commodities Corp, GIDC Naroda, Ahmedabad, Gujarat - 382330",200 g,Rs. 822.00 (Incl. of all taxes),01/2026,Email: care@navrang.com | Ph: 1800-846-2829,India,COMPLIANT,None (Fully Compliant with Rule 6),2026-07-07 04:37:36,91%
LMC-02104,Digestive High Fibre Biscuits 250 g,Biscuits & Cookies,"Godavari Mills & Refineries, Sy. No. 340, Autonagar, Guntur, Andhra Pradesh - 522001",250 g,Rs. 895.00 (Incl. of all taxes),01/2026,Email: care@godavari.com | Ph: 1800-843-6931,India,COMPLIANT,None (Fully Compliant with Rule 6),2026-07-15 09:36:36,97%
LMC-02105,Refined Sunflower Cooking Oil 2 L,Edible Oils,"Kaveri Spices & Naturals, 14/B, Spice Park, Puttady, Idukki, Kerala - 685551",2 L,Rs. 657.00 (Incl. of all taxes),03/2026,Email: care@kaveri.com | Ph: 1800-690-2845,India,NEEDS REVIEW,Rule 6(1)(c): Non-standard unit abbreviation used ('gms' / 'gm' instead of standard 'g'),2026-07-06 09:21:36,70%
LMC-02106,Dal Makhani Heat & Eat Meal 500 g,Ready-to-Eat,Not Declared,500 g,Rs. 47.00 (Incl. of all taxes),02/2026,Email: care@godavari.com | Ph: 1800-637-8857,India,NON-COMPLIANT,Rule 6(1)(a): Manufacturer/packer declaration entirely missing,2026-07-07 08:04:36,90%
LMC-02107,Blended Edible Vegetable Oil 500 ml,Edible Oils,"Himalayan Organic Ventures, SIDCUL Industrial Estate, Pantnagar, Uttarakhand - 263153",500 ml,Rs. 376.00,01/2026,Email: care@himalayan.com | Ph: 1800-191-9819,India,NON-COMPLIANT,Rule 6(1)(da): Missing 'Inclusive of all taxes' declaration with MRP,2026-07-22 14:39:36,80%
LMC-02108,Cold Pressed Mustard Oil 2 L,Edible Oils,"Vedic Agro Industries Pvt Ltd, Gat No. 118, Urse, Talegaon MIDC, Pune, Maharashtra - 410506",2 L,Not Declared,Not Declared,Email: care@vedic.com | Ph: 1800-569-4785,India,NON-COMPLIANT,Rule 6(1)(da): Maximum Retail Price (MRP) declaration absent; Rule 6(1)(d): Month and year of manufacture/packing missing,2026-08-06 04:34:36,81%
LMC-02109,Spicy Aloo Bhujia 50 g,Snacks & Namkeen,"Himalayan Organic Ventures, SIDCUL Industrial Estate, Pantnagar, Uttarakhand - 263153",50 g,Rs. 589.00 (Incl. of all taxes),06/2026,Email: care@himalayan.com | Ph: 1800-565-2756,India,COMPLIANT,None (Fully Compliant with Rule 6),2026-07-29 18:18:36,91%
LMC-02110,Alphonso Mango Nectar 5 L,Beverages & Juices,"Surya Packaged Commodities LLP, Industrial Growth Centre, Mandideep, Bhopal, MP - 462046",5 L,Rs. 138.00,04/2026,Not Declared,India,NON-COMPLIANT,Rule 6(1)(e): Complete consumer care grievance contact details missing; Rule 6(1)(da): Missing 'Inclusive of all taxes' declaration with MRP,2026-07-07 21:36:36,84%
LMC-02111,Cold Pressed Mustard Oil 1 L,Edible Oils,"Godavari Mills & Refineries, Sy. No. 340, Autonagar, Guntur, Andhra Pradesh - 522001",1 L,Rs. 885.00 (Incl. of all taxes),06/2026,Email: care@godavari.com | Ph: 1800-233-2472,India,COMPLIANT,None (Fully Compliant with Rule 6),2026-08-13 08:43:36,90%
LMC-02112,Crispy Butter Cookies 500 g,Biscuits & Cookies,"Navrang Agro Commodities Corp, GIDC Naroda, Ahmedabad, Gujarat - 382330",500 g,Rs. 694.00 (Incl. of all taxes),03/2026,Email: care@navrang.com | Ph: 1800-372-3521,India,NEEDS REVIEW,Rule 6(1)(c): Non-standard unit abbreviation used ('ML' / 'ltr' instead of 'ml' / 'L'); Rule 7: Font size / unit symbol ambiguous or truncated under OCR,2026-07-20 15:26:36,71%
LMC-02113,Virgin Cold Pressed Coconut Oil 250 ml,Edible Oils,"Navrang Agro Commodities Corp, GIDC Naroda, Ahmedabad, Gujarat - 382330",250 ml,Rs. 151.00 (Incl. of all taxes),03/2026,Email: care@navrang.com | Ph: 1800-726-7823,Imported (Origin: Sri Lanka),COMPLIANT,None (Fully Compliant with Rule 6),2026-07-24 05:56:36,93%
LMC-02114,Virgin Cold Pressed Coconut Oil 500 ml,Edible Oils,"Himalayan Organic Ventures, SIDCUL Industrial Estate, Pantnagar, Uttarakhand - 263153",500 ml,Rs. 889.00 (Incl. of all taxes),05/2026,Email: care@himalayan.com | Ph: 1800-358-8025,India,COMPLIANT,None (Fully Compliant with Rule 6),2026-07-16 14:17:36,98%
LMC-02115,Rice Flour Fine 1 kg,Atta & Flours,"Vedic Agro Industries Pvt Ltd, Gat No. 118, Urse, Talegaon MIDC, Pune, Maharashtra - 410506",1 kg,Rs. 152.00 (Incl. of all taxes),02/2026,Not Declared,Not Declared,NON-COMPLIANT,Rule 6(1)(e): Complete consumer care grievance contact details missing; Rule 6(1)(n): Missing Country of Origin declaration,2026-07-31 11:00:36,83%
LMC-02116,Spicy Aloo Bhujia 750 g,Snacks & Namkeen,"Pristine Foods & Agro Ltd, Phase 2, Peenya Industrial Area, Bengaluru, Karnataka - 560058",750 g,Rs. 369.00 (Incl. of all taxes),06/2026,Email: care@pristine.com | Ph: 1800-764-7317,India,COMPLIANT,None (Fully Compliant with Rule 6),2026-07-19 17:37:36,97%
LMC-02117,Alphonso Mango Nectar 5 L,Beverages & Juices,"Kaveri Spices & Naturals, 14/B, Spice Park, Puttady, Idukki, Kerala - 685551",5 L,Rs. 522.00 (Incl. of all taxes),07/2026,Email: care@kaveri.com | Ph: 1800-886-4985,Imported (Origin: Sri Lanka),COMPLIANT,None (Fully Compliant with Rule 6),2026-07-05 15:10:36,93%
LMC-02118,Mixed Fruit Orchard Blend 200 ml,Beverages & Juices,"Pristine Foods & Agro Ltd, Phase 2, Peenya Industrial Area, Bengaluru, Karnataka - 560058",200 ml,Rs. 868.00 (Incl. of all taxes),01/2026,Email: care@pristine.com | Ph: 1800-237-7769,India,COMPLIANT,None (Fully Compliant with Rule 6),2026-07-12 11:25:36,97%
LMC-02119,100% Valencia Orange Juice 750 ml,Beverages & Juices,"Navrang Agro Commodities Corp, GIDC Naroda, Ahmedabad, Gujarat - 382330",750 ml,Rs. 51.00 (Incl. of all taxes),01/2026,Email: care@navrang.com | Ph: 1800-936-6345,India,COMPLIANT,None (Fully Compliant with Rule 6),2026-07-07 23:23:36,89%
LMC-02120,Pasteurized Cow Ghee 50 g,Dairy Products,"Kaveri Spices & Naturals, 14/B, Spice Park, Puttady, Idukki, Kerala - 685551",50 g,Rs. 508.00 (Incl. of all taxes),03/2026,Email: care@kaveri.com | Ph: 1800-582-4947,India,COMPLIANT,None (Fully Compliant with Rule 6),2026-08-03 20:44:36,99%
LMC-02121,Standardized Tonned Milk 100 g,Dairy Products,"Himalayan Organic Ventures, SIDCUL Industrial Estate, Pantnagar, Uttarakhand - 263153",100 g,Rs. 83.00 (Incl. of all taxes),04/2026,Email: care@himalayan.com | Ph: 1800-610-1395,Imported (Origin: Sri Lanka),COMPLIANT,None (Fully Compliant with Rule 6),2026-09-02 20:35:36,89%
LMC-02122,Caramel Toffee Pouch 50 g,Chocolates & Confectionery,"Ananya Consumer Goods Ltd, Plot 42, Sector 8, IMT Manesar, Gurugram, Haryana - 122050",50 g,Rs. 839.00 (Incl. of all taxes),02/2026,Email: care@ananya.com | Ph: 1800-681-4248,India,COMPLIANT,None (Fully Compliant with Rule 6),2026-07-19 10:17:36,97%
LMC-02123,Caramel Toffee Pouch 50 g,Chocolates & Confectionery,"Kaveri Spices & Naturals, 14/B, Spice Park, Puttady, Idukki, Kerala - 685551",50 g,Rs. 823.00 (Incl. of all taxes),01/2026,Email: care@kaveri.com | Ph: 1800-562-9848,India,COMPLIANT,None (Fully Compliant with Rule 6),2026-07-12 00:48:36,95%
LMC-02124,Lemon Iced Tea Concentrate 1 L,Beverages & Juices,"Kaveri Spices & Naturals, 14/B, Spice Park, Puttady, Idukki, Kerala - 685551",1 L,Rs. 710.00 (Incl. of all taxes),06/2026,Email: care@kaveri.com | Ph: 1800-644-2862,India,COMPLIANT,None (Fully Compliant with Rule 6),2026-07-10 02:00:36,99%
LMC-02125,Tender Coconut Water Drink 5 L,Beverages & Juices,"Surya Packaged Commodities LLP, Industrial Growth Centre, Mandideep, Bhopal, MP - 462046",5 L,Not Declared,03/2026,Not Declared,India,NON-COMPLIANT,Rule 6(1)(e): Complete consumer care grievance contact details missing; Rule 6(1)(da): Maximum Retail Price (MRP) declaration absent,2026-08-25 14:40:36,77%
LMC-02126,Ragi Millet Flour 2 kg,Atta & Flours,"Pristine Foods & Agro Ltd, Phase 2, Peenya Industrial Area, Bengaluru, Karnataka - 560058",2 kg,Rs. 745.00 (Incl. of all taxes),07/2026,Email: care@pristine.com | Ph: 1800-344-4865,India,COMPLIANT,None (Fully Compliant with Rule 6),2026-08-01 06:27:36,92%
LMC-02127,Fruit Jelly Chews Pouch 50 g,Chocolates & Confectionery,"Godavari Mills & Refineries, Sy. No. 340, Autonagar, Guntur, Andhra Pradesh - 522001",50 g,Rs. 665.00 (Incl. of all taxes),01/2026,Email: care@godavari.com | Ph: 1800-275-5351,India,COMPLIANT,None (Fully Compliant with Rule 6),2026-08-25 23:14:36,94%
LMC-02128,100% Valencia Orange Juice 200 ml,Beverages & Juices,"Himalayan Organic Ventures, SIDCUL Industrial Estate, Pantnagar, Uttarakhand - 263153",200 ml,Rs. 559.00 (Incl. of all taxes),Not Declared,Email: care@himalayan.com | Ph: 1800-424-9621,India,NON-COMPLIANT,Rule 6(1)(d): Month and year of manufacture/packing missing,2026-07-25 03:49:36,83%
LMC-02129,Darjeeling Whole Leaf Black Tea 100 g,Tea & Coffee,"Himalayan Organic Ventures, SIDCUL Industrial Estate, Pantnagar, Uttarakhand - 263153",100 g,Rs. 806.00 (Incl. of all taxes),02/2026,Email: care@himalayan.com | Ph: 1800-875-7624,India,COMPLIANT,None (Fully Compliant with Rule 6),2026-08-25 18:00:36,88%
LMC-02130,Crunchy Moong Dal Namkeen 50 g,Snacks & Namkeen,"Godavari Mills & Refineries, Sy. No. 340, Autonagar, Guntur, Andhra Pradesh - 522001",50 g,Rs. 872.00 (Incl. of all taxes),01/2026,Email: care@godavari.com | Ph: 1800-334-1903,India,COMPLIANT,None (Fully Compliant with Rule 6),2026-07-13 12:34:36,97%
LMC-02131,Sharbati Whole Wheat Atta 10 kg,Atta & Flours,"Vedic Agro Industries Pvt Ltd, Gat No. 118, Urse, Talegaon MIDC, Pune, Maharashtra - 410506",10 kg,Rs. 638.00 (Incl. of all taxes),08/2026,Email: care@vedic.com | Ph: 1800-757-2055,India,COMPLIANT,None (Fully Compliant with Rule 6),2026-08-13 09:34:36,95%
LMC-02132,Kashmiri Degi Mirch Powder 200 g,Spices & Condiments,"Pristine Foods & Agro Ltd, Phase 2, Peenya Industrial Area, Bengaluru, Karnataka - 560058",200 g,Rs. 786.00 (Incl. of all taxes),04/2026,Email: care@pristine.com | Ph: 1800-849-4722,India,COMPLIANT,None (Fully Compliant with Rule 6),2026-08-31 02:51:36,91%
LMC-02133,Salted Table Butter 100 g,Dairy Products,"Godavari Mills & Refineries, Sy. No. 340, Autonagar, Guntur, Andhra Pradesh - 522001",100 gms,Rs. 774.00 (Incl. of all taxes),07/2026,Helpline: 1800-919-7650 (Email missing),India,NEEDS REVIEW,Rule 6(1)(e): Missing consumer care email address; Rule 6(1)(c): Non-standard unit abbreviation used ('gms' / 'gm' instead of standard 'g'),2026-07-04 23:15:36,85%
LMC-02134,Masala Potato Wafers 50 g,Snacks & Namkeen,"Surya Packaged Commodities LLP, Industrial Growth Centre, Mandideep, Bhopal, MP - 462046",50 g,Rs. 662.00 (Incl. of all taxes),06/2026,Email: care@surya.com | Ph: 1800-176-9721,India,COMPLIANT,None (Fully Compliant with Rule 6),2026-08-17 21:45:36,95%
LMC-02135,Tangy Tomato Nacho Chips 200 g,Snacks & Namkeen,"Vedic Agro Industries Pvt Ltd, Gat No. 118, Urse, Talegaon MIDC, Pune, Maharashtra - 410506",200 g,Rs. 282.00 (Incl. of all taxes),02/2026,Email: care@vedic.com | Ph: 1800-780-7665,India,COMPLIANT,None (Fully Compliant with Rule 6),2026-07-18 13:09:36,89%
LMC-02136,Kasuri Methi 250 g,Spices & Condiments,"Ananya Consumer Goods Ltd, Plot 42, Sector 8, IMT Manesar, Gurugram, Haryana - 122050",250 g,Rs. 152.00 (Incl. of all taxes),04/2026,Email: care@ananya.com | Ph: 1800-453-4255,India,COMPLIANT,None (Fully Compliant with Rule 6),2026-08-24 14:46:36,90%
LMC-02137,Sparkling Apple Cider Drink 200 ml,Beverages & Juices,"Godavari Mills & Refineries, Sy. No. 340, Autonagar, Guntur, Andhra Pradesh - 522001",200 ml,Rs. 487.00 (Incl. of all taxes),02/2026,Email: care@godavari.com | Ph: 1800-550-4558,India,COMPLIANT,None (Fully Compliant with Rule 6),2026-08-03 12:04:36,93%
LMC-02138,Darjeeling Whole Leaf Black Tea 50 g,Tea & Coffee,"Navrang Agro Commodities Corp, GIDC Naroda, Ahmedabad, Gujarat - 382330",50 g,Rs. 391.00 (Incl. of all taxes),01/2026,Email: care@navrang.com | Ph: 1800-887-6712,India,COMPLIANT,None (Fully Compliant with Rule 6),2026-08-27 13:56:36,89%
LMC-02139,Lemon Iced Tea Concentrate 500 ml,Beverages & Juices,"Himalayan Organic Ventures, SIDCUL Industrial Estate, Pantnagar, Uttarakhand - 263153",Not Declared,Rs. 792.00 (Incl. of all taxes),04/2026,Email: care@himalayan.com | Ph: 1800-360-9524,Not Declared,NON-COMPLIANT,Rule 6(1)(c): Net quantity declaration absent; Rule 6(1)(n): Missing Country of Origin declaration,2026-07-22 19:02:36,82%
LMC-02140,Refined Groundnut Oil 200 ml,Edible Oils,"Vedic Agro Industries Pvt Ltd, Gat No. 118, Urse, Talegaon MIDC, Pune, Maharashtra - 410506",200 ml,Rs. 394.00,Not Declared,Email: care@vedic.com | Ph: 1800-192-3496,India,NON-COMPLIANT,Rule 6(1)(da): Missing 'Inclusive of all taxes' declaration with MRP; Rule 6(1)(d): Month and year of manufacture/packing missing,2026-07-19 05:12:36,83%
LMC-02141,Darjeeling Whole Leaf Black Tea 500 g,Tea & Coffee,"Kaveri Spices & Naturals, 14/B, Spice Park, Puttady, Idukki, Kerala - 685551",500 g,Rs. 258.00 (Incl. of all taxes),05/2026,Email: care@kaveri.com | Ph: 1800-397-5570,India,COMPLIANT,None (Fully Compliant with Rule 6),2026-08-17 16:44:36,91%
LMC-02142,Premium Assam CTC Tea 200 g,Tea & Coffee,"Kaveri Spices & Naturals, 14/B, Spice Park, Puttady, Idukki, Kerala - 685551",200 g,Rs. 775.00 (Incl. of all taxes),05/2026,Email: care@kaveri.com | Ph: 1800-249-1555,India,COMPLIANT,None (Fully Compliant with Rule 6),2026-08-19 07:27:36,92%
LMC-02143,Salted Table Butter 50 g,Dairy Products,"Navrang Agro Commodities Corp, GIDC Naroda, Ahmedabad, Gujarat - 382330",Not Declared,Rs. 383.00 (Incl. of all taxes),Not Declared,Email: care@navrang.com | Ph: 1800-122-6078,India,NON-COMPLIANT,Rule 6(1)(c): Net quantity declaration absent; Rule 6(1)(d): Month and year of manufacture/packing missing,2026-08-18 14:09:36,91%
LMC-02144,Coriander Dhania Powder 250 g,Spices & Condiments,"Navrang Agro Commodities Corp, GIDC Naroda, Ahmedabad, Gujarat - 382330",250 g,Rs. 622.00 (Incl. of all taxes),03/2026,Email: care@navrang.com | Ph: 1800-364-4482,India,COMPLIANT,None (Fully Compliant with Rule 6),2026-09-01 23:02:36,97%
LMC-02145,Masala Potato Wafers 750 g,Snacks & Namkeen,"Kaveri Spices & Naturals, 14/B, Spice Park, Puttady, Idukki, Kerala - 685551",750 g,Rs. 452.00 (Incl. of all taxes),01/2026,Email: care@kaveri.com | Ph: 1800-617-9280,India,COMPLIANT,None (Fully Compliant with Rule 6),2026-07-30 16:51:36,94%
LMC-02146,Crunchy Moong Dal Namkeen 50 g,Snacks & Namkeen,Not Declared,50 g,Rs. 222.00 (Incl. of all taxes),05/2026,Email: care@kaveri.com | Ph: 1800-342-5829,India,NON-COMPLIANT,Rule 6(1)(a): Manufacturer/packer declaration entirely missing,2026-08-31 04:57:36,86%
LMC-02147,Kasuri Methi 750 g,Spices & Condiments,"Himalayan Organic Ventures, SIDCUL Industrial Estate, Pantnagar, Uttarakhand - 263153",750 g,Rs. 653.00 (Incl. of all taxes),04/2026,Email: care@himalayan.com | Ph: 1800-740-8213,India,COMPLIANT,None (Fully Compliant with Rule 6),2026-08-14 15:32:36,97%
LMC-02148,Green Tea Lemon Honey Bags 250 g,Tea & Coffee,"Kaveri Spices & Naturals, 14/B, Spice Park, Puttady, Idukki, Kerala - 685551",250 g,Rs. 841.00 (Incl. of all taxes),07/2026,Email: care@kaveri.com | Ph: 1800-908-4574,India,COMPLIANT,None (Fully Compliant with Rule 6),2026-08-30 00:56:36,96%
LMC-02149,Crispy Butter Cookies 50 g,Biscuits & Cookies,"Pristine Foods & Agro Ltd, Phase 2, Peenya Industrial Area, Bengaluru, Karnataka - 560058",50 g,Rs. 605.00 (Incl. of all taxes),06/2026,Email: care@pristine.com | Ph: 1800-715-7187,India,COMPLIANT,None (Fully Compliant with Rule 6),2026-08-29 10:06:36,95%
LMC-02150,Organic Besan Gram Flour 1 kg,Atta & Flours,"Ananya Consumer Goods Ltd, Plot 42, Sector 8, IMT Manesar, Gurugram, Haryana - 122050",1 kg,Rs. 525.00 (Incl. of all taxes),07/2026,Email: care@ananya.com | Ph: 1800-142-5017,India,COMPLIANT,None (Fully Compliant with Rule 6),2026-08-26 03:45:36,92%
